Omega,Kt_H_1,Kr_H_1
0.7,0.988040395478493,-0.0004990236495642231
0.8,0.9708348029230365,-0.0021991468094056943
0.9,0.9386826720809553,-0.0055331690771942554
1.0,0.8827343092066048,-0.004916153533853218
1.1,0.765895859130953,-0.03320656792514265
1.25,0.6157522938542724,-0.055305732539529195
1.3,0.5760966468236761,-0.05073726840966131
