Omega,Kt_H_1,Kt_H_2,Kt_H_3,Kr_H_1,Kr_H_2,Kr_H_3,power_1,power_2,power_3
0.7,0.9670818251691888,0.9379667620174699,0.966631578161059,0.03363155651961605,0.05951883280874976,0.03396781647419939,560.3364397887581,1027.6018446781825,567.8043238155589
0.8,0.9591780988561687,0.9380798258495187,0.9588179254709691,0.02564562175250674,0.06012037172063906,0.025960362774061246,611.2696682202338,896.9623731163067,616.4681680316492
0.9,0.934128070569983,0.966162309843458,0.9337263478107958,0.022056508733827,0.0558397879770524,0.022196155380932326,869.4077182106566,434.3831357231641,874.5054539757921
1.0,0.9173509505416796,0.9997267542206892,0.91690058509155,0.030095083213013112,0.050720462328769214,0.030102239581287722,971.3864875676002,-12.491458492580941,976.4767399484175
1.1,0.9528891588401279,0.9794724098770896,0.9525913384527708,0.03157468330372348,0.050767738322103094,0.03086604673713228,510.0536407474353,213.29334999350888,513.4822278370582
1.25,0.9148857813201657,0.8769060682920063,0.9183381940411824,0.04651527459221895,0.04979093350712457,0.04690834585354243,793.1820011021701,1127.264086393677,761.7853963810832
1.3,0.858347622653519,0.7861812783022784,0.8628717594965762,0.024992981022088665,0.03716053588637896,0.026066624503672444,1245.4250403552371,1804.6653578881842,1208.2358111122119
