Omega,Kt_H_1,Kr_H_1
0.7,0.7813162207498353,-0.02971573820084039
0.8,0.7732927915012034,-0.028484667733857827
0.9,0.7567615875696773,-0.03146922149496978
1.0,0.7346270447603322,-0.003423793372964279
1.1,0.6758376221246113,-0.10290170210657645
1.25,0.5910271509147418,-0.10147962493306906
1.3,0.5664947686904954,-0.08342231529726218
