Omega,Kt_H_1,Kt_H_2,Kt_H_3,Kr_H_1,Kr_H_2,Kr_H_3,power_1,power_2,power_3
0.7,1.000576582638633,1.000464551095356,1.0005908948536724,0.004454987515934546,0.007998725926931696,0.004479011085384227,-0.0,-0.0,-0.0
0.8,1.0007365924705676,0.9993080055805694,1.000744646274109,0.0061780158121261764,0.00816226175264647,0.0062177265678025236,-0.0,0.0,-0.0
0.9,1.0016910027156,0.9999853240968825,1.0016820129702226,0.0057965573348691705,0.005094284825659991,0.005841855167724181,-0.0,0.0,-0.0
1.0,1.00328623274159,1.0003525588595177,1.0033286418513225,0.006184615577357073,0.01086527540681645,0.006210568278567302,-0.0,-0.0,-0.0
1.1,1.0017610893475335,1.001109993462343,1.0019417726187696,0.008807435038000334,0.019241760951075784,0.008827153042549645,-0.0,-0.0,-0.0
1.25,1.0004995953966045,0.9856759913071577,1.0007759185996408,0.052232838452372525,0.10630249935787427,0.05206403551173262,-0.0,0.0,-0.0
1.3,1.0027399484399393,0.9834638244240679,1.003101079813517,0.08293730422506854,0.18896664593534904,0.0822563863997299,-0.0,-0.0,-0.0
