Omega,Kt_H_1,Kt_H_2,Kt_H_3,Kr_H_1,Kr_H_2,Kr_H_3,power_1,power_2,power_3
0.7,0.9975588404873238,0.9949388862258602,0.997515475736586,0.017207934737434656,0.028462274578053875,0.017367323726815046,0.0,0.0,0.0
0.8,0.9936384296245399,1.0006583340689417,0.9936615927481061,0.015264041738471254,0.031597141603792796,0.015422334418635006,0.0,-0.0,0.0
0.9,0.9883266530509094,1.008362689488874,0.9882742689545473,0.014179609157102395,0.03023796056109247,0.01423443595726892,0.0,-0.0,0.0
1.0,0.9971191924626769,0.9949164163472656,0.9973807308336131,0.014321252266437394,0.03157923478059479,0.014410723408046302,0.0,0.0,0.0
1.1,0.9983013875013917,0.9680869340339268,0.9993805448411653,0.02847265059261631,0.04047216794543965,0.027828719566633117,0.0,0.0,0.0
1.25,0.9419258990817265,0.8996530442680598,0.943910332918492,0.0670775918281225,0.06584482300523782,0.06692238774865625,0.0,0.0,0.0
1.3,0.9409962695756895,0.9046025222276264,0.9424248965104078,0.08685271648451226,0.11893605130647013,0.08501310782344768,0.0,0.0,0.0
