Omega,Kt_H_1,Kr_H_1
0.7,0.9615382128539873,-0.015111533780786335
0.8,0.8301125909832493,0.024138213567440614
0.9,0.7475525648089413,0.030811767295355397
1.0,0.7078018823470956,0.013918599026594869
1.1,0.6629037264173693,-0.0260925716041025
1.25,0.5856902129375148,-0.10125622872504614
1.3,0.5553787622795235,-0.052156842091427125
