Omega,Kt_H_1,Kr_H_1,power_1
0.7,0.9788717529971577,0.0005724149785637511,368.2320355529783
0.8,0.965707443448161,-0.00011721473682302364,519.4820762977162
0.9,0.9477702477911716,-0.0006368349490183389,696.8725371135998
1.0,0.9201592608189685,-0.002803306115085835,945.1079911346396
1.1,0.8901704399000938,0.00030550147903052327,1163.5076101716247
1.25,0.8305139624673195,0.010751562663947611,1529.5969566789465
1.3,0.8069415823290923,0.012544971647408198,1653.6189103026231
