Omega,Kt_H_1,Kr_H_1,power_1
0.7,0.9073321759410402,-0.005208050187426871,1556.440439775162
0.8,0.8481059362918689,-4.607671071243935e-06,2163.3140639580797
0.9,0.7855503481277101,0.004053980352062947,2622.8786244550943
1.0,0.7307041636203471,0.0006037794285447262,2873.3864210344555
1.1,0.6567105633637781,-0.04116299681585667,3178.048281241995
1.25,0.5753550200894825,-0.08154466511486025,3266.6140960876196
1.3,0.5515718193201287,-0.05203869019163965,3286.7728776575154
