Omega,Kt_H_1,Kr_H_1,power_1
0.7,0.9823114673773132,0.035529457085358374,297.7036661895519
0.8,0.9761273054657188,0.05982460774056664,335.97234730549985
0.9,0.9633241817175774,0.09639385587430827,429.6047277240166
1.0,0.9289756515863746,0.15309602196648808,700.1476591066814
1.1,0.8511812859019098,0.2190471356502397,1275.1091333680588
1.25,0.6652735511256421,0.32480766679363526,2228.870702860821
1.3,0.6006366073566657,0.34202624596183306,2476.7380798579543
