Omega,Kt_H_1,Kr_H_1
0.7,0.9662939757430711,0.0292932267588204
0.8,0.9386413449756321,0.04383873059500787
0.9,0.8861187839016946,0.05873104763138692
1.0,0.8032191844025908,0.06753506352128658
1.1,0.7057674927286706,0.06704062511768227
1.25,0.5933555667241786,0.06606654358838604
1.3,0.5620429746254126,0.060890457026995914
