Omega,Kt_H_1,Kt_H_2,Kt_H_3,Kr_H_1,Kr_H_2,Kr_H_3,power_1,power_2,power_3
0.7,0.9969121955683306,0.9956357317349114,0.9968832502934423,0.010189242392882422,0.016162310583387053,0.010263372946185113,0.0,0.0,0.0
0.8,0.9939442341027606,0.9989995310811479,0.9939568432490257,0.013062689279671372,0.023810704408384026,0.013155991030063546,0.0,0.0,0.0
0.9,0.9904311578123758,1.000763364011549,0.9904107306390579,0.019905811534850666,0.025551844742178604,0.020029197411353825,0.0,-0.0,0.0
1.0,0.994037023104873,0.991396734540502,0.9943579177037628,0.0285805855486638,0.021493624797836765,0.028836721474147627,0.0,0.0,0.0
1.1,0.9888874930882724,0.9672529506908958,0.9899296449889058,0.022233456373311925,0.030894144955825643,0.0222033941639025,0.0,0.0,0.0
1.25,0.9528216725874888,0.9262324166264713,0.9543807204920562,0.04946205225749017,0.07344403610909533,0.04839619511224384,0.0,0.0,0.0
1.3,0.9520123281248472,0.926405657844067,0.9534813083022425,0.05526337536369512,0.08152631648124772,0.05469633316044454,0.0,0.0,0.0
