Omega,Kt_H_1,Kt_H_2,Kt_H_3,Kr_H_1,Kr_H_2,Kr_H_3,power_1,power_2,power_3
0.7,0.9972876313329266,0.9960839048450383,0.9972328468900605,-0.0013790706706774403,-0.0009640610521440829,-0.001365990525241112,0.0,0.0,0.0
0.8,0.9939748625865317,0.9990510206133422,0.9939908024355715,-0.00034130020733746935,-0.0041654827386864435,-0.00035460162640432724,0.0,0.0,0.0
0.9,0.9899682888571647,1.0008911989532356,0.9898965756220611,-0.0011562745643903805,-0.006557841273374998,-0.0010735319742720684,0.0,-0.0,0.0
1.0,0.9882483208068077,0.9942872562994458,0.9883649069481872,-0.004183581334356701,-0.00411659105941653,-0.004302250669717678,0.0,0.0,0.0
1.1,0.9962887112856381,0.971381100201428,0.9975144329421034,-0.006415999615032919,0.0046686294404798545,-0.00663472268605958,0.0,0.0,0.0
1.25,0.972895217613088,0.9288272075867349,0.9757674395376917,0.004849791458720443,0.012600428908401629,0.004483164301475773,0.0,0.0,0.0
1.3,0.9504425477179251,0.9247178855487997,0.9518967148152722,0.005333073471067262,0.00978235957170992,0.005222131176352285,0.0,0.0,0.0
