Omega,Kt_H_1,Kt_H_2,Kt_H_3,Kr_H_1,Kr_H_2,Kr_H_3,power_1,power_2,power_3
0.7,0.9577971928150615,0.9438367568891592,0.9575662262285143,0.016020719768086833,0.012132600611196809,0.016007957722817157,725.4403598601284,960.2180347695582,729.3401864218978
0.8,0.943057156451296,0.9105516468048339,0.9426288112305609,0.028878129325887292,0.0209871403170252,0.02885183090438015,846.2347374834299,1313.5973481691622,852.4710912505019
0.9,0.9162214107929687,0.8819124172271746,0.9156620617480715,0.043398238121835186,0.043228245490606776,0.04344347481617539,1086.808260377089,1509.5090229202353,1093.8004291180143
1.0,0.8397980958396197,0.8613004175003575,0.8390364802862293,0.035015909219425545,0.07650629210871607,0.032897456188901275,1809.5446532598069,1555.512728842804,1818.3145302282721
1.1,0.7696821959149087,0.8587347734408056,0.7677235848481874,0.037521219580309184,0.09122170559378096,0.034763601353668294,2276.508756203321,1425.0024849863682,2294.5025926649405
1.25,0.7653674651578488,0.7747375908639216,0.7671585446464104,0.04795453723847243,0.09446850478417357,0.04476190113403633,2031.5961865869006,1927.7476681752864,2019.5181340196823
1.3,0.714363721072052,0.7031910550437493,0.7180454804278094,0.03940932253112628,0.09276795231535773,0.03630566017261749,2314.9161893554474,2356.5785298104056,2291.02020106462
