Omega,Kt_H_1,Kr_H_1
0.7,0.7151181316715219,0.20874548585501707
0.8,0.6565958212938713,0.1536128028019732
0.9,0.6104771867155854,0.11576017572938757
1.0,0.570590535029839,0.08862522543850693
1.1,0.5334515911346249,0.07090409901179084
1.25,0.4957891152898104,0.06397273705801831
1.3,0.4780570219519629,0.058092187661340056
