Omega,Kt_H_1,Kt_H_2,Kt_H_3,Kr_H_1,Kr_H_2,Kr_H_3,power_1,power_2,power_3
0.7,0.9969129907099862,0.9956342975736344,0.9968840514042246,-0.001752948046704672,-0.0011455789673423533,-0.0017459014882854618,0.0,0.0,0.0
0.8,0.9939498626220575,0.9989960891423323,0.9939624291885022,-0.0012306277728022508,-0.0036141733475170135,-0.0012311307757930656,0.0,0.0,0.0
0.9,0.990438522895157,1.000762625305417,0.9904182106602634,-0.0019370630446087223,-0.006021585185169931,-0.0019006326132311457,0.0,-0.0,0.0
1.0,0.9932330659212607,0.9941574178833544,0.9934962140274821,-0.0039811561516419625,-0.005016796266127055,-0.0038478710641137726,0.0,0.0,0.0
1.1,0.9905944548713119,0.9744094112361155,0.991419274049629,-0.004137048426752332,0.0014016149468103478,-0.00419303366200563,0.0,0.0,0.0
1.25,0.9593185823962544,0.9323016814098221,0.9609035042139704,0.007069964740400669,0.009764714789759488,0.007114837839112598,0.0,0.0,0.0
1.3,0.9539300648103,0.9272240888672674,0.9554940383488213,0.005544663699994734,0.006877125425202468,0.005720444485129539,0.0,0.0,0.0
