Omega,Kt_H_1,Kt_H_2,Kt_H_3,Kr_H_1,Kr_H_2,Kr_H_3,power_1,power_2,power_3
0.7,0.44546814341959334,0.2035377069215402,0.43628428747528747,0.22421366103851792,0.3165057344464872,0.22624629471550728,6616.820690311118,7560.174273355369,6680.077227974369
0.8,0.5757738855261846,0.3199174081149132,0.5698062568918089,0.14746901359336007,0.18301832086487102,0.14840792990773122,4984.020672664204,6659.546201337481,5034.563857353745
0.9,0.5626689551101869,0.557604483879096,0.5586295210749581,0.11037961771730131,0.1429527710168288,0.11132971703972716,4597.950252121816,4580.288934985918,4627.534395276548
1.0,0.5604132695702071,0.6154782163413615,0.5545587360701009,0.10739802004272492,0.1364135174737422,0.10787802109920297,4157.7766355634685,3714.9682775315155,4197.3832998531125
1.1,0.5540243063100115,0.6584064784965514,0.556673414394583,0.04775099821169371,0.08032387423582743,0.04655178109122948,3871.5691875941698,3138.8837107723134,3855.712100069399
1.25,0.6711484612162364,0.6024916346933321,0.6794772731420683,0.03145387518234477,0.06262462498005461,0.02987111502772488,2705.604122347901,3122.42374460721,2650.6011199441805
1.3,0.5785005857255787,0.5391421327993084,0.5842368470834821,0.034795060222444274,0.061484588772908966,0.03338647879221068,3149.5555601683172,3345.9813317760145,3118.3802932779827
