Omega,Kt_H_1,Kt_H_2,Kt_H_3,Kr_H_1,Kr_H_2,Kr_H_3,power_1,power_2,power_3
0.7,0.9293050176212752,0.9018813911603323,0.9285104080118812,0.02352953413251524,0.016021675175775574,0.023444858249694667,1196.373760704749,1641.273121083722,1209.4104955007838
0.8,0.9054574050731844,0.8424872448571922,0.9040048694329569,0.04168960608063954,0.03185855933295656,0.04159867897131453,1374.891222073596,2228.6948590089028,1395.20439707399
0.9,0.8523482960592199,0.7896530855526344,0.8504180978112301,0.059271782795571104,0.06962484606117259,0.059401135113423154,1849.4638254672818,2545.514314902489,1871.8728641243963
1.0,0.7616468305977846,0.7494167782993242,0.7584254723257078,0.07500758261717899,0.0935395129463954,0.07500320640932223,2554.013870885425,2648.6909823296496,2584.206671017627
1.1,0.6463075256324767,0.7708296210997352,0.64469463877861,0.03308270849323902,0.07684446796066369,0.031202285517502926,3257.3837630367257,2241.39639339171,3269.731518936409
1.25,0.7107973110079485,0.6902179123580546,0.7152833627551349,0.03388495215443088,0.07418711562534197,0.031799579159050184,2434.5782955061172,2555.298906626077,2403.7009075789433
1.3,0.6393229439715387,0.6184287567478628,0.6431785288224297,0.03894389827848288,0.06949450265648305,0.03737658528092558,2796.8305865680854,2905.7486236117816,2773.9476567325523
