Omega,Kt_H_1,Kt_H_2,Kt_H_3,Kr_H_1,Kr_H_2,Kr_H_3,power_1,power_2,power_3
0.7,0.5418430545098725,0.3817727948932418,0.5405163102576866,0.1374517023164603,0.3601611502880975,0.13669646759921328,6055.1493092893825,6381.199396182121,6069.620269682663
0.8,0.6261924794835948,0.6440837256301336,0.6257060939416312,0.14484781988156947,0.18065164513275822,0.14363866386947488,4522.90603152456,4257.952455118432,4530.286692271969
0.9,0.5184083744762323,0.9445466480747594,0.5230641840473895,0.08188905012687608,0.0912395798571759,0.07897741525046831,4963.247301393212,681.6365731336568,4933.240174787066
1.0,0.4571049065607859,0.5516798094526336,0.455394429922702,0.05669380468281582,0.13296273807429126,0.053178587057708615,4857.137855956535,4179.77174016749,4869.141565268987
1.1,0.5066779617058993,0.8683109239008566,0.5049406992141497,-0.01340582578125915,0.06094647106647266,-0.016908051151600212,4164.809536375281,1358.1303688512605,4174.064404388258
1.25,0.5647118131639802,0.6643763892481335,0.5679450608490443,0.058076010891629615,0.0783376872744932,0.05794399471303624,3342.6210959881237,2724.823645619878,3324.634497728898
1.3,0.5388916824488489,0.7286265194004368,0.5409598782824725,0.07454340601699294,0.14091924768413322,0.07430347593545106,3338.8375130274117,2130.5020327173697,3328.415455953434
