Omega,Kt_H_1,Kt_H_2,Kt_H_3,Kr_H_1,Kr_H_2,Kr_H_3,power_1,power_2,power_3
0.7,0.9798532151778279,0.9561294507066902,0.9800459113702159,0.09625915890155264,0.1920671640449268,0.09689069981574266,269.6964916228026,430.91299038539927,265.29593857044165
0.8,0.5763441367671697,0.6672361320092742,0.575728280217174,0.42532082530082005,0.7476098663510607,0.4270475804882103,3752.4776512181725,-31.78559837606864,3746.6029017444594
0.9,0.8336634969033094,0.9369699915782883,0.8342591007329837,0.12076493970157752,0.04264730356178376,0.12091240637777743,1989.424259069036,823.8555551380043,1982.37505193973
1.0,0.801256106713758,0.9264150525514271,0.8005161743542031,0.23938675464265405,0.424281995299046,0.2380565803823223,1853.7460657148858,-235.8780653448467,1864.968356591997
1.1,0.7706143323996887,0.9614507010369518,0.7666462933220916,0.33333480706709584,0.5148005952744885,0.3316173880997237,1653.6068266271218,-1061.5622709667946,1694.1952741680582
1.25,0.7312142236610552,0.6600472954738137,0.7237936807209291,0.5060289337701891,0.8764423964619888,0.49730421848170064,1032.0936262645052,-1005.2296076916944,1128.5198567694238
1.3,0.7024690382645267,0.8316661603660219,0.6963118427180696,0.537011988357822,0.7091657735559069,0.5293976887742989,1034.5809139709938,-922.7992373307571,1113.9333314224093
