Omega,Kt_H_1,Kr_H_1
0.7,0.9940129154029745,9.52630989936587e-06
0.8,0.9914941489779316,0.00040053361454384095
0.9,0.9866487819279612,0.00040521609347754506
1.0,0.9786309246191413,0.0004801155447831107
1.1,0.9678956378139306,0.0008908988446969524
1.25,0.950634806403992,0.0025976039361910175
1.3,0.9458316679567539,0.003833156259623882
