Omega,Kt_H_1,Kr_H_1,power_1
0.7,0.9410022524746353,0.06411363501037748,0.0
0.8,0.8916177366461758,0.1106350540379295,0.0
0.9,0.8026444945757604,0.191111877085119,0.0
1.0,0.67806863024447,0.3226641820335687,0.0
1.1,0.5803818806445136,0.4534330834963394,0.0
1.25,0.5641151075920089,0.5705537614071983,0.0
1.3,0.5971489620361116,0.5844782899867507,0.0
