Omega,Kt_H_1,Kr_H_1
0.7,0.9490464611328469,0.005214502394886855
0.8,0.9320502552525517,0.010800604516643775
0.9,0.9170779031197265,0.016532834856527234
1.0,0.9045796124945081,0.02246874001480026
1.1,0.886894108952829,0.03150988441793845
1.25,0.8110395573000415,0.0681511263054777
1.3,0.7705491319684802,0.08113811956460171
