Omega,Kt_H_1,Kr_H_1,power_1
0.7,0.9770758775864268,0.006927775581060169,398.7491570520967
0.8,0.9646461709445072,0.010661507136459747,534.3937972032554
0.9,0.948404285355991,0.013807186024116014,687.3338643042723
1.0,0.9288140432887613,0.01572583165674679,844.9746140606719
1.1,0.8977995760028444,0.021996787250723404,1084.3449824168727
1.25,0.7880470458999604,0.045018300617076124,1859.1808189175508
1.3,0.7364408758081394,0.05746247755476763,2154.724995613015
