Omega,Kt_H_1,Kr_H_1,power_1
0.7,0.9783821157357003,0.008622313981655694,376.02059479908115
0.8,0.9679830967991193,0.012796042750970349,484.3090020919043
0.9,0.9557915349979742,0.015782436875843908,590.5741647992306
1.0,0.940479129270712,0.020361518052955274,709.5098281047834
1.1,0.9127169252329175,0.02630518956870853,931.8073925543962
1.25,0.7616568820742711,0.05994449699745785,2053.1615262376504
1.3,0.704788214712891,0.07331076632860012,2361.2386853753496
