Omega,Kt_H_1,Kt_H_2,Kt_H_3,Kr_H_1,Kr_H_2,Kr_H_3,power_1,power_2,power_3
0.7,0.9105203542961874,0.8490891524784844,0.9095356719824444,0.00118191455640404,0.01116516859546568,0.0013344026284813904,1505.622975714199,2456.5641380677835,1521.4038753831248
0.8,0.9067774053440116,0.8227519949517044,0.9055290335952452,0.011391983746136924,-0.0005129563234556045,0.01156159184848038,1368.8501355436088,2489.77725317793,1386.2553554053154
0.9,0.8852715660976197,0.8387301585206915,0.8835869578952171,0.011909520001978757,-0.006938681288512383,0.012468885920466022,1480.6741192034447,2030.9537245926222,1500.9929820238003
1.0,0.8609707451713284,0.9720314557239701,0.8588413454483043,-0.001033052484077035,0.029642408937463394,-0.0011423947169671989,1595.0924049807284,334.619422207341,1617.6686587920742
1.1,0.9358639852810328,1.0307485386952393,0.9323884098860769,0.027209485493750574,0.08725505101542796,0.02482779435820648,691.7172060912594,-392.6399733161025,728.8042943076787
1.25,0.8881058058871537,1.0918574240634653,0.885714331812499,0.10927843723206676,0.1879125196265392,0.10689157980906039,983.0972726261067,-1121.8739874154091,1006.5642636251315
1.3,0.8322163580365419,0.9431530041957032,0.8321887993121964,0.10543218538679078,0.18580110392753446,0.10295840161155678,1405.1742369013477,360.13986663195584,1407.836537769554
