Omega,Kt_H_1,Kt_H_2,Kt_H_3,Kr_H_1,Kr_H_2,Kr_H_3,power_1,power_2,power_3
0.7,1.004380508583821,1.0069733375736813,1.0044451603804398,0.00321404909236489,0.0008208436637768823,0.0032000210622114,-0.0,-0.0,-0.0
0.8,1.0084033429912667,0.99912347138274,1.008376113652666,0.006001522359392553,0.0015711165819538575,0.00597720298496518,-0.0,0.0,-0.0
0.9,1.0134005246818543,0.9903557085636823,1.0134116670502673,0.006856352711071434,0.00566519261643017,0.0068303316503304234,-0.0,0.0,-0.0
1.0,0.9814917244249414,1.0099192036654396,0.9805924753392753,0.009501978925817278,0.010226292140141702,0.009268500682039438,0.0,-0.0,0.0
1.1,0.9396691152640557,1.1070800986210427,0.9334009264234177,0.0327917903911501,0.06386503796581722,0.0316436593795435,0.0,-0.0,0.0
1.25,1.0203278215000597,1.2605851152117966,1.014005083691623,0.182830549395667,0.3243193146693548,0.1766061359370661,-0.0,-0.0,-0.0
1.3,0.8646505265839084,1.1225733104413749,0.8607796788775468,0.18041228581978674,0.4224587837374041,0.17297499573316677,0.0,-0.0,0.0
