Omega,Kt_H_1,Kt_H_2,Kt_H_3,Kr_H_1,Kr_H_2,Kr_H_3,power_1,power_2,power_3
0.7,1.004380508583821,1.0069733375736813,1.0044451603804398,0.03512124720616013,0.05076655039592906,0.03538899639450095,-0.0,-0.0,-0.0
0.8,1.0084033429912667,0.99912347138274,1.008376113652666,0.04003650574570716,0.06383243000242533,0.04038543552070467,-0.0,-0.0,-0.0
0.9,1.0134005246818543,0.9903557085636823,1.0134116670502673,0.03842624794016708,0.05845220975987675,0.038680828676023876,-0.0,0.0,-0.0
1.0,0.9814917244249414,1.0099192036654396,0.9805924753392753,0.050143295669147,0.05806590884706546,0.049944512280013134,0.0,-0.0,0.0
1.1,0.9396691152640557,1.1070800986210427,0.9334009264234177,0.15689503877318656,0.22997019038908245,0.15608379982413084,0.0,-0.0,0.0
1.25,1.0203278215000597,1.2605851152117966,1.014005083691623,0.4989031291026452,0.7911074173186246,0.4855917512290645,-0.0,-0.0,-0.0
1.3,0.8646505265839084,1.1225733104413749,0.8607796788775468,0.5218066745343974,0.9781674875186522,0.5074332720753368,-0.0,-0.0,0.0
