Omega,Kt_H_1,Kt_H_2,Kt_H_3,Kr_H_1,Kr_H_2,Kr_H_3,power_1,power_2,power_3
0.7,1.0043789054007393,1.0069760425523435,1.0044435804352956,0.003223171703830241,0.0008296817651227695,0.003209103379924416,-0.0,-0.0,-0.0
0.8,1.0083940150926942,0.9991286466818522,1.0083668429167467,0.0060186479179951125,0.0016083397848676295,0.00599451984930055,-0.0,0.0,-0.0
0.9,1.013393726987797,0.9903426840754692,1.0134044587490372,0.00686325747867933,0.005729296366651981,0.0068372909624103695,-0.0,0.0,-0.0
1.0,0.9840394317061769,1.0000036966125234,0.9833338085631399,0.0031215452848760705,0.01085846107730859,0.002918565776736104,0.0,-0.0,0.0
1.1,0.9220908404536663,1.0670071790488687,0.9169830386729297,0.002226874259281697,0.05806307783959053,0.0007563066467068946,0.0,-0.0,0.0
1.25,1.001672116907024,1.2563171498972985,0.9942652874471407,0.16070776585492696,0.27366081786614527,0.15671425590143584,-0.0,-0.0,-0.0
1.3,0.8938497501634443,1.1651141763531714,0.8890637157024753,0.14141673113197029,0.2953725173725368,0.13767332407817934,0.0,-0.0,0.0
