Omega,Kt_H_1,Kt_H_2,Kt_H_3,Kr_H_1,Kr_H_2,Kr_H_3,power_1,power_2,power_3
0.7,0.917033370002212,0.858109712868168,0.9151415361546563,-0.0006150983225716722,0.009191336998889632,-0.00039873496836762,1400.7994000863105,2321.2862303150873,1431.329010540442
0.8,0.9120087670983419,0.8370691950607071,0.9097066492289555,0.0084903372852001,-0.0026654357237673176,0.008672526665325586,1295.9703649972344,2306.589548328751,1328.265423092631
0.9,0.8901321309629308,0.8601028400923214,0.8871047214256154,0.008996206546077357,-0.009955802717276918,0.00980591503072703,1421.9782923421403,1781.8854807249008,1458.7306554235972
1.0,0.9093918923694623,0.9829495286518593,0.9067349155131281,0.007300680810181648,0.025622517197937622,0.005968632908291749,1066.2774222892117,204.39677607864675,1096.135630553092
1.1,0.9130476034753918,1.0167586480808193,0.9095147591660997,0.0007561036940255672,0.07227215330283832,-0.0014745081654089498,932.2986448590021,-218.70172035639268,968.3771062993279
1.25,0.8834331848235659,1.0309747238031006,0.881775295802626,0.06553327076043813,0.14111222961031133,0.06240911215438749,1061.6404624163258,-408.4841399515832,1078.0457719572887
1.3,0.8488059381703468,0.9350216457032321,0.849362507477186,0.08838376609580023,0.15517244818814868,0.086201068416909,1288.5907789078199,482.0939759504055,1285.9156717198964
