Omega,Kt_H_1,Kt_H_2,Kt_H_3,Kr_H_1,Kr_H_2,Kr_H_3,power_1,power_2,power_3
0.7,0.9161946835168513,0.8479118241050325,0.915142198991046,0.1306202688585689,0.21399507676193794,0.13181529701636072,1264.07654068874,2071.936912479425,1278.2901120208335
0.8,0.9120362672575331,0.8334476102273793,0.9109092347126216,0.13781134558087763,0.25640066798640726,0.13924811019620134,1149.779505878703,1846.6382307927313,1162.5447804146038
0.9,0.8867290729456638,0.8787847222615625,0.8853769872379664,0.16215443040030847,0.24512782065073754,0.1636760168069194,1283.835882222121,1148.4241935146474,1296.8529281426404
1.0,0.8612166864702695,1.0104279566448227,0.858722313413215,0.19800960719128613,0.19107147064357105,0.20087382959754208,1350.7666802934432,-354.3280066868796,1370.1725129617575
1.1,0.9595095872903352,1.0464324020181544,0.9555052307836926,0.15365563943273453,0.24528107970196453,0.151456030470912,312.35492475594873,-869.751084748364,359.095139660615
1.25,0.8824609400901752,1.0396561775794766,0.8815434252709909,0.40660352886014256,0.678990069215084,0.39483415921064996,275.8832326379153,-2672.766618592903,330.38745952697525
1.3,0.768909860811884,0.8602563289852357,0.7703554340200688,0.46220018524071166,0.8014615949012489,0.4510535345481088,925.4735644262435,-1813.4082045853602,963.1974888245675
