Omega,Kt_H_1,Kt_H_2,Kt_H_3,Kr_H_1,Kr_H_2,Kr_H_3,power_1,power_2,power_3
0.7,1.003477980107751,1.0055394317053727,1.0035668977909709,0.002420077801496223,0.0006454522779923977,0.0023871626975124904,-0.0,-0.0,-0.0
0.8,1.0071052654509358,1.001624026179232,1.0070710066102069,0.004420465352900971,0.0013757666085212339,0.004358177128518603,-0.0,-0.0,-0.0
0.9,1.0105190756462263,0.9961595289533407,1.0105050686334336,0.0050295117044683035,0.004278011699486717,0.004937576416619072,-0.0,0.0,-0.0
1.0,1.0052840643652616,0.999053495790376,1.0049316175576966,0.005221278187824474,0.007795464590068857,0.005031009752891835,-0.0,0.0,-0.0
1.1,0.9397603551678602,1.0329314542345178,0.9362613591154542,-0.0071948907798859985,0.01443960664874866,-0.007355550049172432,0.0,-0.0,0.0
1.25,0.9992620081856864,1.1638094036660391,0.9889111064125314,0.08746937293286106,0.2010084022340517,0.08206995380998339,-0.0,-0.0,0.0
1.3,0.9492065004810036,1.1908956923661362,0.9446917824038878,0.13210305100697362,0.2707559706258227,0.12861039807533015,0.0,-0.0,0.0
