Omega,Kt_H_1,Kr_H_1,power_1
0.7,1.0050649283999533,0.003880453826361485,-89.57546570819709
0.8,1.0110829671220798,0.004966740813214354,-171.95639867448682
0.9,1.011862243442689,0.005901437526466324,-163.71850628524854
1.0,0.9855250000425114,0.009263623462105963,176.65956256840573
1.1,0.9152323799443857,0.01967324894597744,907.7454840073901
1.25,0.7992979350661409,0.04352639607983644,1771.7497650050948
1.3,0.7637272267819917,0.054094254561529054,1962.38084259145
