Omega,Kt_H_1,Kt_H_2,Kt_H_3,Kr_H_1,Kr_H_2,Kr_H_3
0.7,0.8356316072499471,0.7065505233179346,0.8315708443829217,-0.001649654283419122,0.032873469346952566,-0.0009317198739569044
0.8,0.8444758054061327,0.6592523485868155,0.8394964297185089,0.008392992972925617,0.020312269814095618,0.008903533047062817
0.9,0.8380926708450048,0.7128438480644685,0.833027346016975,0.014549076640285596,0.001926110894676425,0.015648120367820484
1.0,0.8636007403869776,0.9657708786816113,0.860269314423491,0.009484506703161033,0.021405625289220298,0.00807873677529769
1.1,0.8932691420680846,1.0298601871618152,0.888963373572862,-0.0012999515364612302,0.07417447382823861,-0.003440130479550274
1.25,0.8955678740923089,0.9580502170006273,0.8965533276739062,0.05753592068103153,0.10825314025240584,0.055020125780402385
1.3,0.8214430574359862,0.8133304937785666,0.8245243239671438,0.054174237018329574,0.08106109514935245,0.052855160813783275
