Omega,Kt_H_1,Kr_H_1
0.7,0.8867861471906617,0.0023933207404363
0.8,0.8933546175651715,0.015888744495449414
0.9,0.8996829839665345,0.025858449981798204
1.0,0.9001067158046429,0.03394035089592906
1.1,0.8853060472600569,0.03879724389973971
1.25,0.8215940455436884,0.05887244042192519
1.3,0.7891863565476599,0.06684499701813285
