Omega,Kt_H_1,Kt_H_2,Kt_H_3,Kr_H_1,Kr_H_2,Kr_H_3,power_1,power_2,power_3
0.7,1.0093014750253428,1.0083643455755973,1.0094097385324954,0.02216599271839329,0.04891470833375053,0.02237303995755434,-0.0,-0.0,-0.0
0.8,1.0122316654511205,0.9931514979967085,1.0122859461414804,0.03246610529632177,0.06732908067195813,0.03269161526770095,-0.0,0.0,-0.0
0.9,1.0165081697112328,1.0058113755864675,1.016924943637632,0.04230157066059208,0.02640934863883462,0.04243305587402448,-0.0,-0.0,-0.0
1.0,0.9689384163021839,1.0328827051777192,0.9686610138684848,0.06672029862603898,0.11966934783259948,0.06669347670230706,0.0,-0.0,0.0
1.1,0.8757732874919228,1.076814450518178,0.8726195350228788,0.22014003783295508,0.2868596439321124,0.22020861994648017,0.0,-0.0,0.0
1.25,0.8135696412004959,0.854004912675539,0.8027324780741494,0.6822612623362752,1.0171849336843808,0.6743500429650038,-0.0,-0.0,-0.0
1.3,0.5289472480407311,1.1386713140569782,0.5246650955917849,0.6848994726245279,0.7592550275953824,0.6813512418744371,0.0,-0.0,0.0
