Omega,Kt_H_1,Kt_H_2,Kt_H_3,Kr_H_1,Kr_H_2,Kr_H_3,power_1,power_2,power_3
0.7,0.9420094436062746,0.9614032784503221,0.9417153887694572,0.008354229767461252,0.020764457636616163,0.00791550707690214,991.2500923176625,662.9497662315251,996.1914956245934
0.8,0.9246163571812364,0.9549788326111622,0.9249642123597693,0.025705247689791433,0.02864724876560598,0.024911571845071867,1112.9887518939083,671.9582943911141,1108.3401486357357
0.9,0.8940398185790225,0.9119994206768391,0.8944939950200216,0.05090385886906024,0.009458054259608994,0.05084113654311828,1357.0235081436203,1151.9714587860535,1351.502787630007
1.0,0.7824926763653965,0.948644007320421,0.780639286021854,0.0732705652507164,0.042526586074177475,0.07416110618421845,2357.153210924607,605.8224158008145,2374.2047125186814
1.1,0.7822424929157871,0.975811856680648,0.779113052976073,0.08695438418015011,0.013510981781830633,0.08547725405086903,2132.772461241706,266.83039280502027,2161.5852990551734
1.25,0.6965250499611415,0.8425536606486116,0.6935682386444122,0.0811517400445374,0.11804287591662788,0.083210317449401,2506.8249665894814,1362.0941871374068,2525.4283133711933
1.3,0.48843923382106175,1.0126050417831058,0.48956146865302375,0.07022850031104722,0.1444394996963192,0.07113285190283558,3587.605232859186,-219.24958580540348,3581.7939535537084
