Omega,Kt_H_1,Kr_H_1
0.7,1.0106132748668897,0.0032646950948203024
0.8,1.0188435203869133,0.0038558924210121415
0.9,1.031825966255855,0.0033725153051451517
1.0,1.052826828896376,0.004556690278838538
1.1,1.0780783931394629,0.013595885949120756
1.25,0.9858567625030735,0.09706558410450605
1.3,0.9125074883502896,0.11920199512692076
