#
#
# Run:A11   Frame:  SFG      **  Significant wave height                 , Unit:  0.1000E-01 m               
#
#
#         X --->
#
#     0   1   2   3   4   5   6   7   8   9  10  11  12  13  14  15  16  17  18  19  20  21  22  23  24  25  26  27  28  29  30  31  32  33  34  35  36  37  38  39  40  41  42  43  44  45  46  47  48  49  50  51  52  53  54  55  56  57  58  59  60  61  62  63  64  65  66  67  68  69  70  71  72  73  74  75  76  77  78  79  80  81  82  83  84  85  86  87  88  89  90  91  92  93  94  95  96  97  98  99 100 101 102 103 104 105 106 107 108 109 110 111 112 113 114 115 116 117 118 119 120 121 122 123 124 125 126 127 128 129 130 131 132 133 134 135 136 137 138 139 140 141 142 143 144 145 146 147 148 149 150
#Y
  500  81. 81. 81. 81. 81. 81. 81. 81. 81. 81. 81. 81. 81. 81. 81. 81. 81. 81. 81. 81. 81. 81. 81. 81. 81. 81. 81. 81. 81. 81. 81. 81. 81. 81. 81. 81. 81. 81. 81. 81. 81. 81. 81. 81. 81. 81. 81. 81. 81. 81. 81. 81. 81. 81. 81. 81. 81. 81. 81. 81. 81. 81. 81. 81. 81. 81. 81. 81. 81. 81. 81. 81. 81. 81. 81. 81. 81. 81. 81. 81. 81. 81. 81. 81. 81. 81. 81. 81. 81. 81. 81. 81. 81. 81. 81. 81. 81. 81. 81. 81. 81. 81. 81. 81. 81. 81. 81. 81. 81. 81. 81. 81. 81. 81. 81. 81. 81. 81. 81. 81. 81. 81. 81. 81. 81. 81. 81. 81. 81. 81. 81. 81. 81. 81. 81. 81. 81. 81. 81. 81. 81. 81. 81. 81. 81. 81. 81. 81. 81. 81. 81.
  499  81. 80. 81. 81. 81. 81. 81. 81. 81. 81. 81. 81. 81. 81. 81. 81. 81. 81. 81. 81. 81. 81. 81. 81. 81. 81. 81. 81. 81. 81. 81. 81. 81. 81. 81. 81. 81. 81. 81. 81. 81. 81. 81. 81. 81. 81. 81. 81. 81. 81. 81. 81. 81. 81. 81. 81. 81. 81. 81. 81. 81. 81. 81. 81. 81. 81. 81. 81. 81. 81. 81. 81. 81. 81. 81. 81. 81. 81. 81. 81. 81. 81. 81. 81. 81. 81. 81. 81. 81. 81. 81. 81. 81. 81. 81. 81. 81. 81. 81. 81. 81. 81. 81. 81. 81. 81. 81. 81. 81. 81. 81. 81. 81. 81. 81. 81. 81. 81. 81. 81. 81. 81. 81. 81. 81. 81. 81. 81. 81. 81. 81. 81. 81. 81. 81. 81. 81. 81. 81. 81. 81. 81. 81. 81. 81. 81. 81. 81. 81. 81. 81.
  498  80. 80. 80. 80. 80. 80. 80. 80. 80. 80. 80. 80. 80. 80. 80. 80. 80. 81. 81. 81. 81. 81. 81. 81. 81. 81. 81. 81. 81. 81. 81. 81. 81. 81. 81. 81. 81. 81. 81. 81. 81. 81. 81. 81. 81. 81. 81. 81. 81. 81. 81. 81. 81. 81. 81. 81. 81. 81. 81. 81. 81. 81. 81. 81. 81. 81. 81. 81. 81. 81. 81. 81. 81. 81. 81. 81. 81. 81. 81. 81. 81. 81. 81. 81. 81. 81. 81. 81. 81. 81. 81. 81. 81. 81. 81. 81. 81. 81. 81. 81. 81. 81. 81. 81. 81. 81. 81. 81. 81. 81. 81. 81. 81. 81. 81. 81. 81. 81. 81. 81. 81. 81. 81. 81. 81. 81. 81. 81. 81. 81. 81. 81. 81. 81. 81. 81. 81. 81. 81. 81. 81. 81. 81. 81. 81. 81. 81. 81. 81. 81. 81.
  497  80. 80. 80. 80. 80. 80. 80. 80. 80. 80. 80. 80. 80. 80. 80. 80. 80. 80. 80. 80. 80. 80. 80. 80. 80. 80. 80. 80. 80. 80. 81. 81. 81. 81. 81. 81. 81. 81. 81. 81. 81. 81. 81. 81. 81. 81. 81. 81. 81. 81. 81. 81. 81. 81. 81. 81. 81. 81. 81. 81. 81. 81. 81. 81. 81. 81. 81. 81. 81. 81. 81. 81. 81. 81. 81. 81. 81. 81. 81. 81. 81. 81. 81. 81. 81. 81. 81. 81. 81. 81. 81. 81. 81. 81. 81. 81. 81. 81. 81. 81. 81. 81. 81. 81. 81. 81. 81. 81. 81. 81. 81. 81. 81. 81. 81. 81. 81. 81. 81. 81. 81. 81. 81. 81. 81. 81. 81. 81. 81. 81. 81. 81. 81. 81. 81. 81. 81. 81. 81. 81. 81. 81. 81. 81. 81. 81. 81. 81. 81. 81. 81.
  496  80. 80. 80. 80. 80. 80. 80. 80. 80. 80. 80. 80. 80. 80. 80. 80. 80. 80. 80. 80. 80. 80. 80. 80. 80. 80. 80. 80. 80. 80. 80. 80. 80. 80. 80. 80. 80. 80. 81. 81. 81. 81. 81. 81. 81. 81. 81. 81. 81. 81. 81. 81. 81. 81. 81. 81. 81. 81. 81. 81. 81. 81. 81. 81. 81. 81. 81. 81. 81. 81. 81. 81. 81. 81. 81. 81. 81. 81. 81. 81. 81. 81. 81. 81. 81. 81. 81. 81. 81. 81. 81. 81. 81. 81. 81. 81. 81. 81. 81. 81. 81. 81. 81. 81. 81. 81. 81. 81. 81. 81. 81. 81. 81. 81. 81. 81. 81. 81. 81. 81. 81. 81. 81. 81. 81. 81. 81. 81. 81. 81. 81. 81. 81. 81. 81. 81. 81. 81. 81. 81. 81. 81. 81. 81. 81. 81. 81. 81. 81. 81. 81.
  495  80. 80. 80. 80. 80. 80. 80. 80. 80. 80. 80. 80. 80. 80. 80. 80. 80. 80. 80. 80. 80. 80. 80. 80. 80. 80. 80. 80. 80. 80. 80. 80. 80. 80. 80. 80. 80. 80. 80. 80. 80. 80. 80. 80. 80. 80. 81. 81. 81. 81. 81. 81. 81. 81. 81. 81. 81. 81. 81. 81. 81. 81. 81. 81. 81. 81. 81. 81. 81. 81. 81. 81. 81. 81. 81. 81. 81. 81. 81. 81. 81. 81. 81. 81. 81. 81. 81. 81. 81. 81. 81. 81. 81. 81. 81. 81. 81. 81. 81. 81. 81. 81. 81. 81. 81. 81. 81. 81. 81. 81. 81. 81. 81. 81. 81. 81. 81. 81. 81. 81. 81. 81. 81. 81. 81. 81. 81. 81. 81. 81. 81. 81. 81. 81. 81. 81. 81. 81. 81. 81. 81. 81. 81. 81. 81. 81. 81. 81. 81. 81. 81.
  494  80. 80. 80. 80. 80. 80. 80. 80. 80. 80. 80. 80. 80. 80. 80. 80. 80. 80. 80. 80. 80. 80. 80. 80. 80. 80. 80. 80. 80. 80. 80. 80. 80. 80. 80. 80. 80. 80. 80. 80. 80. 80. 80. 80. 80. 80. 80. 80. 80. 80. 80. 80. 81. 81. 81. 81. 81. 81. 81. 81. 81. 81. 81. 81. 81. 81. 81. 81. 81. 81. 81. 81. 81. 81. 81. 81. 81. 81. 81. 81. 81. 81. 81. 81. 81. 81. 81. 81. 81. 81. 81. 81. 81. 81. 81. 81. 81. 81. 81. 81. 81. 81. 81. 81. 81. 81. 81. 81. 81. 81. 81. 81. 81. 81. 81. 81. 81. 81. 81. 81. 81. 81. 81. 81. 81. 81. 81. 81. 81. 81. 81. 81. 81. 81. 81. 81. 81. 81. 81. 81. 81. 81. 81. 81. 81. 81. 81. 81. 81. 81. 81.
  493  80. 80. 80. 80. 80. 80. 80. 80. 80. 80. 80. 80. 80. 80. 80. 80. 80. 80. 80. 80. 80. 80. 80. 80. 80. 80. 80. 80. 80. 80. 80. 80. 80. 80. 80. 80. 80. 80. 80. 80. 80. 80. 80. 80. 80. 80. 80. 80. 80. 80. 80. 80. 80. 80. 80. 80. 80. 80. 81. 81. 81. 81. 81. 81. 81. 81. 81. 81. 81. 81. 81. 81. 81. 81. 81. 81. 81. 81. 81. 81. 81. 81. 81. 81. 81. 81. 81. 81. 81. 81. 81. 81. 81. 81. 81. 81. 81. 81. 81. 81. 81. 81. 81. 81. 81. 81. 81. 81. 81. 81. 81. 81. 81. 81. 81. 81. 81. 81. 81. 81. 81. 81. 81. 81. 81. 81. 81. 81. 81. 81. 81. 81. 81. 81. 81. 81. 81. 81. 81. 81. 81. 81. 81. 81. 81. 81. 81. 81. 81. 81. 81.
  492  80. 80. 80. 80. 80. 80. 80. 80. 80. 80. 80. 80. 80. 80. 80. 80. 80. 80. 80. 80. 80. 80. 80. 80. 80. 80. 80. 80. 80. 80. 80. 80. 80. 80. 80. 80. 80. 80. 80. 80. 80. 80. 80. 80. 80. 80. 80. 80. 80. 80. 80. 80. 80. 80. 80. 80. 80. 80. 80. 80. 80. 80. 80. 81. 81. 81. 81. 81. 81. 81. 81. 81. 81. 81. 81. 81. 81. 81. 81. 81. 81. 81. 81. 81. 81. 81. 81. 81. 81. 81. 81. 81. 81. 81. 81. 81. 81. 81. 81. 81. 81. 81. 81. 81. 81. 81. 81. 81. 81. 81. 81. 81. 81. 81. 81. 81. 81. 81. 81. 81. 81. 81. 81. 81. 81. 81. 81. 81. 81. 81. 81. 81. 81. 81. 81. 81. 81. 81. 81. 81. 81. 81. 81. 81. 81. 81. 81. 81. 81. 81. 81.
  491  80. 80. 80. 80. 80. 80. 80. 80. 80. 80. 80. 80. 80. 80. 80. 80. 80. 80. 80. 80. 80. 80. 80. 80. 80. 80. 80. 80. 80. 80. 80. 80. 80. 80. 80. 80. 80. 80. 80. 80. 80. 80. 80. 80. 80. 80. 80. 80. 80. 80. 80. 80. 80. 80. 80. 80. 80. 80. 80. 80. 80. 80. 80. 80. 80. 80. 80. 80. 81. 81. 81. 81. 81. 81. 81. 81. 81. 81. 81. 81. 81. 81. 81. 81. 81. 81. 81. 81. 81. 81. 81. 81. 81. 81. 81. 81. 81. 81. 81. 81. 81. 81. 81. 81. 81. 81. 81. 81. 81. 81. 81. 81. 81. 81. 81. 81. 81. 81. 81. 81. 81. 81. 81. 81. 81. 81. 81. 81. 81. 81. 81. 81. 81. 81. 81. 81. 81. 81. 81. 81. 81. 81. 81. 81. 81. 81. 81. 81. 81. 81. 81.
  490  80. 80. 80. 80. 80. 80. 80. 80. 80. 80. 80. 80. 80. 80. 80. 80. 80. 80. 80. 80. 80. 80. 80. 80. 80. 80. 80. 80. 80. 80. 80. 80. 80. 80. 80. 80. 80. 80. 80. 80. 80. 80. 80. 80. 80. 80. 80. 80. 80. 80. 80. 80. 80. 80. 80. 80. 80. 80. 80. 80. 80. 80. 80. 80. 80. 80. 80. 80. 80. 80. 80. 80. 81. 81. 81. 81. 81. 81. 81. 81. 81. 81. 81. 81. 81. 81. 81. 81. 81. 81. 81. 81. 81. 81. 81. 81. 81. 81. 81. 81. 81. 81. 81. 81. 81. 81. 81. 81. 81. 81. 81. 81. 81. 81. 81. 81. 81. 81. 81. 81. 81. 81. 81. 81. 81. 81. 81. 81. 81. 81. 81. 81. 81. 81. 81. 81. 81. 81. 81. 81. 81. 81. 81. 81. 81. 81. 81. 81. 81. 81. 81.
  489  80. 80. 80. 80. 80. 80. 80. 80. 80. 80. 80. 80. 80. 80. 80. 80. 80. 80. 80. 80. 80. 80. 80. 80. 80. 80. 80. 80. 80. 80. 80. 80. 80. 80. 80. 80. 80. 80. 80. 80. 80. 80. 80. 80. 80. 80. 80. 80. 80. 80. 80. 80. 80. 80. 80. 80. 80. 80. 80. 80. 80. 80. 80. 80. 80. 80. 80. 80. 80. 80. 80. 80. 80. 80. 80. 80. 81. 81. 81. 81. 81. 81. 81. 81. 81. 81. 81. 81. 81. 81. 81. 81. 81. 81. 81. 81. 81. 81. 81. 81. 81. 81. 81. 81. 81. 81. 81. 81. 81. 81. 81. 81. 81. 81. 81. 81. 81. 81. 81. 81. 81. 81. 81. 81. 81. 81. 81. 81. 81. 81. 81. 81. 81. 81. 81. 81. 81. 81. 81. 81. 81. 81. 81. 81. 81. 81. 81. 81. 81. 81. 81.
  488  80. 80. 80. 80. 80. 80. 80. 80. 80. 80. 80. 80. 80. 80. 80. 80. 80. 80. 80. 80. 80. 80. 80. 80. 80. 80. 80. 80. 80. 80. 80. 80. 80. 80. 80. 80. 80. 80. 80. 80. 80. 80. 80. 80. 80. 80. 80. 80. 80. 80. 80. 80. 80. 80. 80. 80. 80. 80. 80. 80. 80. 80. 80. 80. 80. 80. 80. 80. 80. 80. 80. 80. 80. 80. 80. 80. 80. 80. 80. 81. 81. 81. 81. 81. 81. 81. 81. 81. 81. 81. 81. 81. 81. 81. 81. 81. 81. 81. 81. 81. 81. 81. 81. 81. 81. 81. 81. 81. 81. 81. 81. 81. 81. 81. 81. 81. 81. 81. 81. 81. 81. 81. 81. 81. 81. 81. 81. 81. 81. 81. 81. 81. 81. 81. 81. 81. 81. 81. 81. 81. 81. 81. 81. 81. 81. 81. 81. 81. 81. 81. 81.
  487  80. 80. 80. 80. 80. 80. 80. 80. 80. 80. 80. 80. 80. 80. 80. 80. 80. 80. 80. 80. 80. 80. 80. 80. 80. 80. 80. 80. 80. 80. 80. 80. 80. 80. 80. 80. 80. 80. 80. 80. 80. 80. 80. 80. 80. 80. 80. 80. 80. 80. 80. 80. 80. 80. 80. 80. 80. 80. 80. 80. 80. 80. 80. 80. 80. 80. 80. 80. 80. 80. 80. 80. 80. 80. 80. 80. 80. 80. 80. 80. 80. 80. 81. 81. 81. 81. 81. 81. 81. 81. 81. 81. 81. 81. 81. 81. 81. 81. 81. 81. 81. 81. 81. 81. 81. 81. 81. 81. 81. 81. 81. 81. 81. 81. 81. 81. 81. 81. 81. 81. 81. 81. 81. 81. 81. 81. 81. 81. 81. 81. 81. 81. 81. 81. 81. 81. 81. 81. 81. 81. 81. 81. 81. 81. 81. 81. 81. 81. 81. 81. 81.
  486  80. 80. 80. 80. 80. 80. 80. 80. 80. 80. 80. 80. 80. 80. 80. 80. 80. 80. 80. 80. 80. 80. 80. 80. 80. 80. 80. 80. 80. 80. 80. 80. 80. 80. 80. 80. 80. 80. 80. 80. 80. 80. 80. 80. 80. 80. 80. 80. 80. 80. 80. 80. 80. 80. 80. 80. 80. 80. 80. 80. 80. 80. 80. 80. 80. 80. 80. 80. 80. 80. 80. 80. 80. 80. 80. 80. 80. 80. 80. 80. 80. 80. 80. 80. 80. 81. 81. 81. 81. 81. 81. 81. 81. 81. 81. 81. 81. 81. 81. 81. 81. 81. 81. 81. 81. 81. 81. 81. 81. 81. 81. 81. 81. 81. 81. 81. 81. 81. 81. 81. 81. 81. 81. 81. 81. 81. 81. 81. 81. 81. 81. 81. 81. 81. 81. 81. 81. 81. 81. 81. 81. 81. 81. 81. 81. 81. 81. 81. 81. 81. 81.
  485  80. 80. 80. 80. 80. 80. 80. 80. 80. 80. 80. 80. 80. 80. 80. 80. 80. 80. 80. 80. 80. 80. 80. 80. 80. 80. 80. 80. 80. 80. 80. 80. 80. 80. 80. 80. 80. 80. 80. 80. 80. 80. 80. 80. 80. 80. 80. 80. 80. 80. 80. 80. 80. 80. 80. 80. 80. 80. 80. 80. 80. 80. 80. 80. 80. 80. 80. 80. 80. 80. 80. 80. 80. 80. 80. 80. 80. 80. 80. 80. 80. 80. 80. 80. 80. 80. 80. 81. 81. 81. 81. 81. 81. 81. 81. 81. 81. 81. 81. 81. 81. 81. 81. 81. 81. 81. 81. 81. 81. 81. 81. 81. 81. 81. 81. 81. 81. 81. 81. 81. 81. 81. 81. 81. 81. 81. 81. 81. 81. 81. 81. 81. 81. 81. 81. 81. 81. 81. 81. 81. 81. 81. 81. 81. 81. 81. 81. 81. 81. 81. 81.
  484  80. 80. 80. 80. 80. 80. 80. 80. 80. 80. 80. 80. 80. 80. 80. 80. 80. 80. 80. 80. 80. 80. 80. 80. 80. 80. 80. 80. 80. 80. 80. 80. 80. 80. 80. 80. 80. 80. 80. 80. 80. 80. 80. 80. 80. 80. 80. 80. 80. 80. 80. 80. 80. 80. 80. 80. 80. 80. 80. 80. 80. 80. 80. 80. 80. 80. 80. 80. 80. 80. 80. 80. 80. 80. 80. 80. 80. 80. 80. 80. 80. 80. 80. 80. 80. 80. 80. 80. 80. 81. 81. 81. 81. 81. 81. 81. 81. 81. 81. 81. 81. 81. 81. 81. 81. 81. 81. 81. 81. 81. 81. 81. 81. 81. 81. 81. 81. 81. 81. 81. 81. 81. 81. 81. 81. 81. 81. 81. 81. 81. 81. 81. 81. 81. 81. 81. 81. 81. 81. 81. 81. 81. 81. 81. 81. 81. 81. 81. 81. 81. 81.
  483  80. 80. 80. 80. 80. 80. 80. 80. 80. 80. 80. 80. 80. 80. 80. 80. 80. 80. 80. 80. 80. 80. 80. 80. 80. 80. 80. 80. 80. 80. 80. 80. 80. 80. 80. 80. 80. 80. 80. 80. 80. 80. 80. 80. 80. 80. 80. 80. 80. 80. 80. 80. 80. 80. 80. 80. 80. 80. 80. 80. 80. 80. 80. 80. 80. 80. 80. 80. 80. 80. 80. 80. 80. 80. 80. 80. 80. 80. 80. 80. 80. 80. 80. 80. 80. 80. 80. 80. 80. 80. 80. 80. 80. 81. 81. 81. 81. 81. 81. 81. 81. 81. 81. 81. 81. 81. 81. 81. 81. 81. 81. 81. 81. 81. 81. 81. 81. 81. 81. 81. 81. 81. 81. 81. 81. 81. 81. 81. 81. 81. 81. 81. 81. 81. 81. 81. 81. 81. 81. 81. 81. 81. 81. 81. 81. 81. 81. 81. 81. 81. 81.
  482  80. 80. 80. 80. 80. 80. 80. 80. 80. 80. 80. 80. 80. 80. 80. 80. 80. 80. 80. 80. 80. 80. 80. 80. 80. 80. 80. 80. 80. 80. 80. 80. 80. 80. 80. 80. 80. 80. 80. 80. 80. 80. 80. 80. 80. 80. 80. 80. 80. 80. 80. 80. 80. 80. 80. 80. 80. 80. 80. 80. 80. 80. 80. 80. 80. 80. 80. 80. 80. 80. 80. 80. 80. 80. 80. 80. 80. 80. 80. 80. 80. 80. 80. 80. 80. 80. 80. 80. 80. 80. 80. 80. 80. 80. 80. 80. 81. 81. 81. 81. 81. 81. 81. 81. 81. 81. 81. 81. 81. 81. 81. 81. 81. 81. 81. 81. 81. 81. 81. 81. 81. 81. 81. 81. 81. 81. 81. 81. 81. 81. 81. 81. 81. 81. 81. 81. 81. 81. 81. 81. 81. 81. 81. 81. 81. 81. 81. 81. 81. 81. 81.
  481  80. 80. 80. 80. 80. 80. 80. 80. 80. 80. 80. 80. 80. 80. 80. 80. 80. 80. 80. 80. 80. 80. 80. 80. 80. 80. 80. 80. 80. 80. 80. 80. 80. 80. 80. 80. 80. 80. 80. 80. 80. 80. 80. 80. 80. 80. 80. 80. 80. 80. 80. 80. 80. 80. 80. 80. 80. 80. 80. 80. 80. 80. 80. 80. 80. 80. 80. 80. 80. 80. 80. 80. 80. 80. 80. 80. 80. 80. 80. 80. 80. 80. 80. 80. 80. 80. 80. 80. 80. 80. 80. 80. 80. 80. 80. 80. 80. 80. 81. 81. 81. 81. 81. 81. 81. 81. 81. 81. 81. 81. 81. 81. 81. 81. 81. 81. 81. 81. 81. 81. 81. 81. 81. 81. 81. 81. 81. 81. 81. 81. 81. 81. 81. 81. 81. 81. 81. 81. 81. 81. 81. 81. 81. 81. 81. 81. 81. 81. 81. 81. 81.
  480  80. 80. 80. 80. 80. 80. 80. 80. 80. 80. 80. 80. 80. 80. 80. 80. 80. 80. 80. 80. 80. 80. 80. 80. 80. 80. 80. 80. 80. 80. 80. 80. 80. 80. 80. 80. 80. 80. 80. 80. 80. 80. 80. 80. 80. 80. 80. 80. 80. 80. 80. 80. 80. 80. 80. 80. 80. 80. 80. 80. 80. 80. 80. 80. 80. 80. 80. 80. 80. 80. 80. 80. 80. 80. 80. 80. 80. 80. 80. 80. 80. 80. 80. 80. 80. 80. 80. 80. 80. 80. 80. 80. 80. 80. 80. 80. 80. 80. 80. 80. 81. 81. 81. 81. 81. 81. 81. 81. 81. 81. 81. 81. 81. 81. 81. 81. 81. 81. 81. 81. 81. 81. 81. 81. 81. 81. 81. 81. 81. 81. 81. 81. 81. 81. 81. 81. 81. 81. 81. 81. 81. 81. 81. 81. 81. 81. 81. 81. 81. 81. 81.
  479  80. 80. 80. 80. 80. 80. 80. 80. 80. 80. 80. 80. 80. 80. 80. 80. 80. 80. 80. 80. 80. 80. 80. 80. 80. 80. 80. 80. 80. 80. 80. 80. 80. 80. 80. 80. 80. 80. 80. 80. 80. 80. 80. 80. 80. 80. 80. 80. 80. 80. 80. 80. 80. 80. 80. 80. 80. 80. 80. 80. 80. 80. 80. 80. 80. 80. 80. 80. 80. 80. 80. 80. 80. 80. 80. 80. 80. 80. 80. 80. 80. 80. 80. 80. 80. 80. 80. 80. 80. 80. 80. 80. 80. 80. 80. 80. 80. 80. 80. 80. 80. 80. 81. 81. 81. 81. 81. 81. 81. 81. 81. 81. 81. 81. 81. 81. 81. 81. 81. 81. 81. 81. 81. 81. 81. 81. 81. 81. 81. 81. 81. 81. 81. 81. 81. 81. 81. 81. 81. 81. 81. 81. 81. 81. 81. 81. 81. 81. 81. 81. 81.
  478  80. 80. 80. 80. 80. 80. 80. 80. 80. 80. 80. 80. 80. 80. 80. 80. 80. 80. 80. 80. 80. 80. 80. 80. 80. 80. 80. 80. 80. 80. 80. 80. 80. 80. 80. 80. 80. 80. 80. 80. 80. 80. 80. 80. 80. 80. 80. 80. 80. 80. 80. 80. 80. 80. 80. 80. 80. 80. 80. 80. 80. 80. 80. 80. 80. 80. 80. 80. 80. 80. 80. 80. 80. 80. 80. 80. 80. 80. 80. 80. 80. 80. 80. 80. 80. 80. 80. 80. 80. 80. 80. 80. 80. 80. 80. 80. 80. 80. 80. 80. 80. 80. 80. 80. 81. 81. 81. 81. 81. 81. 81. 81. 81. 81. 81. 81. 81. 81. 81. 81. 81. 81. 81. 81. 81. 81. 81. 81. 81. 81. 81. 81. 81. 81. 81. 81. 81. 81. 81. 81. 81. 81. 81. 81. 81. 81. 81. 81. 81. 81. 81.
  477  80. 80. 80. 80. 80. 80. 80. 80. 80. 80. 80. 80. 80. 80. 80. 80. 80. 80. 80. 80. 80. 80. 80. 80. 80. 80. 80. 80. 80. 80. 80. 80. 80. 80. 80. 80. 80. 80. 80. 80. 80. 80. 80. 80. 80. 80. 80. 80. 80. 80. 80. 80. 80. 80. 80. 80. 80. 80. 80. 80. 80. 80. 80. 80. 80. 80. 80. 80. 80. 80. 80. 80. 80. 80. 80. 80. 80. 80. 80. 80. 80. 80. 80. 80. 80. 80. 80. 80. 80. 80. 80. 80. 80. 80. 80. 80. 80. 80. 80. 80. 80. 80. 80. 80. 80. 80. 81. 81. 81. 81. 81. 81. 81. 81. 81. 81. 81. 81. 81. 81. 81. 81. 81. 81. 81. 81. 81. 81. 81. 81. 81. 81. 81. 81. 81. 81. 81. 81. 81. 81. 81. 81. 81. 81. 81. 81. 81. 81. 81. 81. 81.
  476  80. 80. 80. 80. 80. 80. 80. 80. 80. 80. 80. 80. 80. 80. 80. 80. 80. 80. 80. 80. 80. 80. 80. 80. 80. 80. 80. 80. 80. 80. 80. 80. 80. 80. 80. 80. 80. 80. 80. 80. 80. 80. 80. 80. 80. 80. 80. 80. 80. 80. 80. 80. 80. 80. 80. 80. 80. 80. 80. 80. 80. 80. 80. 80. 80. 80. 80. 80. 80. 80. 80. 80. 80. 80. 80. 80. 80. 80. 80. 80. 80. 80. 80. 80. 80. 80. 80. 80. 80. 80. 80. 80. 80. 80. 80. 80. 80. 80. 80. 80. 80. 80. 80. 80. 80. 80. 80. 81. 81. 81. 81. 81. 81. 81. 81. 81. 81. 81. 81. 81. 81. 81. 81. 81. 81. 81. 81. 81. 81. 81. 81. 81. 81. 81. 81. 81. 81. 81. 81. 81. 81. 81. 81. 81. 81. 81. 81. 81. 81. 81. 81.
  475  80. 80. 80. 80. 80. 80. 80. 80. 80. 80. 80. 80. 80. 80. 80. 80. 80. 80. 80. 80. 80. 80. 80. 80. 80. 80. 80. 80. 80. 80. 80. 80. 80. 80. 80. 80. 80. 80. 80. 80. 80. 80. 80. 80. 80. 80. 80. 80. 80. 80. 80. 80. 80. 80. 80. 80. 80. 80. 80. 80. 80. 80. 80. 80. 80. 80. 80. 80. 80. 80. 80. 80. 80. 80. 80. 80. 80. 80. 80. 80. 80. 80. 80. 80. 80. 80. 80. 80. 80. 80. 80. 80. 80. 80. 80. 80. 80. 80. 80. 80. 80. 80. 80. 80. 80. 80. 80. 80. 80. 81. 81. 81. 81. 81. 81. 81. 81. 81. 81. 81. 81. 81. 81. 81. 81. 81. 81. 81. 81. 81. 81. 81. 81. 81. 81. 81. 81. 81. 81. 81. 81. 81. 81. 81. 81. 81. 81. 81. 81. 81. 81.
  474  80. 80. 80. 80. 80. 80. 80. 80. 80. 80. 80. 80. 80. 80. 80. 80. 80. 80. 80. 80. 80. 80. 80. 80. 80. 80. 80. 80. 80. 80. 80. 80. 80. 80. 80. 80. 80. 80. 80. 80. 80. 80. 80. 80. 80. 80. 80. 80. 80. 80. 80. 80. 80. 80. 80. 80. 80. 80. 80. 80. 80. 80. 80. 80. 80. 80. 80. 80. 80. 80. 80. 80. 80. 80. 80. 80. 80. 80. 80. 80. 80. 80. 80. 80. 80. 80. 80. 80. 80. 80. 80. 80. 80. 80. 80. 80. 80. 80. 80. 80. 80. 80. 80. 80. 80. 80. 80. 80. 80. 80. 80. 81. 81. 81. 81. 81. 81. 81. 81. 81. 81. 81. 81. 81. 81. 81. 81. 81. 81. 81. 81. 81. 81. 81. 81. 81. 81. 81. 81. 81. 81. 81. 81. 81. 81. 81. 81. 81. 81. 81. 81.
  473  80. 80. 80. 80. 80. 80. 80. 80. 80. 80. 80. 80. 80. 80. 80. 80. 80. 80. 80. 80. 80. 80. 80. 80. 80. 80. 80. 80. 80. 80. 80. 80. 80. 80. 80. 80. 80. 80. 80. 80. 80. 80. 80. 80. 80. 80. 80. 80. 80. 80. 80. 80. 80. 80. 80. 80. 80. 80. 80. 80. 80. 80. 80. 80. 80. 80. 80. 80. 80. 80. 80. 80. 80. 80. 80. 80. 80. 80. 80. 80. 80. 80. 80. 80. 80. 80. 80. 80. 80. 80. 80. 80. 80. 80. 80. 80. 80. 80. 80. 80. 80. 80. 80. 80. 80. 80. 80. 80. 80. 80. 80. 80. 80. 81. 81. 81. 81. 81. 81. 81. 81. 81. 81. 81. 81. 81. 81. 81. 81. 81. 81. 81. 81. 81. 81. 81. 81. 81. 81. 81. 81. 81. 81. 81. 81. 81. 81. 81. 81. 81. 81.
  472  80. 80. 80. 80. 80. 80. 80. 80. 80. 80. 80. 80. 80. 80. 80. 80. 80. 80. 80. 80. 80. 80. 80. 80. 80. 80. 80. 80. 80. 80. 80. 80. 80. 80. 80. 80. 80. 80. 80. 80. 80. 80. 80. 80. 80. 80. 80. 80. 80. 80. 80. 80. 80. 80. 80. 80. 80. 80. 80. 80. 80. 80. 80. 80. 80. 80. 80. 80. 80. 80. 80. 80. 80. 80. 80. 80. 80. 80. 80. 80. 80. 80. 80. 80. 80. 80. 80. 80. 80. 80. 80. 80. 80. 80. 80. 80. 80. 80. 80. 80. 80. 80. 80. 80. 80. 80. 80. 80. 80. 80. 80. 80. 80. 80. 81. 81. 81. 81. 81. 81. 81. 81. 81. 81. 81. 81. 81. 81. 81. 81. 81. 81. 81. 81. 81. 81. 81. 81. 81. 81. 81. 81. 81. 81. 81. 81. 81. 81. 81. 81. 81.
  471  80. 80. 80. 80. 80. 80. 80. 80. 80. 80. 80. 80. 80. 80. 80. 80. 80. 80. 80. 80. 80. 80. 80. 80. 80. 80. 80. 80. 80. 80. 80. 80. 80. 80. 80. 80. 80. 80. 80. 80. 80. 80. 80. 80. 80. 80. 80. 80. 80. 80. 80. 80. 80. 80. 80. 80. 80. 80. 80. 80. 80. 80. 80. 80. 80. 80. 80. 80. 80. 80. 80. 80. 80. 80. 80. 80. 80. 80. 80. 80. 80. 80. 80. 80. 80. 80. 80. 80. 80. 80. 80. 80. 80. 80. 80. 80. 80. 80. 80. 80. 80. 80. 80. 80. 80. 80. 80. 80. 80. 80. 80. 80. 80. 80. 80. 80. 81. 81. 81. 81. 81. 81. 81. 81. 81. 81. 81. 81. 81. 81. 81. 81. 81. 81. 81. 81. 81. 81. 81. 81. 81. 81. 81. 81. 81. 81. 81. 81. 81. 81. 81.
  470  80. 80. 80. 80. 80. 80. 80. 80. 80. 80. 80. 80. 80. 80. 80. 80. 80. 80. 80. 80. 80. 80. 80. 80. 80. 80. 80. 80. 80. 80. 80. 80. 80. 80. 80. 80. 80. 80. 80. 80. 80. 80. 80. 80. 80. 80. 80. 80. 80. 80. 80. 80. 80. 80. 80. 80. 80. 80. 80. 80. 80. 80. 80. 80. 80. 80. 80. 80. 80. 80. 80. 80. 80. 80. 80. 80. 80. 80. 80. 80. 80. 80. 80. 80. 80. 80. 80. 80. 80. 80. 80. 80. 80. 80. 80. 80. 80. 80. 80. 80. 80. 80. 80. 80. 80. 80. 80. 80. 80. 80. 80. 80. 80. 80. 80. 80. 80. 81. 81. 81. 81. 81. 81. 81. 81. 81. 81. 81. 81. 81. 81. 81. 81. 81. 81. 81. 81. 81. 81. 81. 81. 81. 81. 81. 81. 81. 81. 81. 81. 81. 81.
  469  80. 80. 80. 80. 80. 80. 80. 80. 80. 80. 80. 80. 80. 80. 80. 80. 80. 80. 80. 80. 80. 80. 80. 80. 80. 80. 80. 80. 80. 80. 80. 80. 80. 80. 80. 80. 80. 80. 80. 80. 80. 80. 80. 80. 80. 80. 80. 80. 80. 80. 80. 80. 80. 80. 80. 80. 80. 80. 80. 80. 80. 80. 80. 80. 80. 80. 80. 80. 80. 80. 80. 80. 80. 80. 80. 80. 80. 80. 80. 80. 80. 80. 80. 80. 80. 80. 80. 80. 80. 80. 80. 80. 80. 80. 80. 80. 80. 80. 80. 80. 80. 80. 80. 80. 80. 80. 80. 80. 80. 80. 80. 80. 80. 80. 80. 80. 80. 80. 80. 81. 81. 81. 81. 81. 81. 81. 81. 81. 81. 81. 81. 81. 81. 81. 81. 81. 81. 81. 81. 81. 81. 81. 81. 81. 81. 81. 81. 81. 81. 81. 81.
  468  80. 80. 80. 80. 80. 80. 80. 80. 80. 80. 80. 80. 80. 80. 80. 80. 80. 80. 80. 80. 80. 80. 80. 80. 80. 80. 80. 80. 80. 80. 80. 80. 80. 80. 80. 80. 80. 80. 80. 80. 80. 80. 80. 80. 80. 80. 80. 80. 80. 80. 80. 80. 80. 80. 80. 80. 80. 80. 80. 80. 80. 80. 80. 80. 80. 80. 80. 80. 80. 80. 80. 80. 80. 80. 80. 80. 80. 80. 80. 80. 80. 80. 80. 80. 80. 80. 80. 80. 80. 80. 80. 80. 80. 80. 80. 80. 80. 80. 80. 80. 80. 80. 80. 80. 80. 80. 80. 80. 80. 80. 80. 80. 80. 80. 80. 80. 80. 80. 80. 80. 81. 81. 81. 81. 81. 81. 81. 81. 81. 81. 81. 81. 81. 81. 81. 81. 81. 81. 81. 81. 81. 81. 81. 81. 81. 81. 81. 81. 81. 81. 81.
  467  80. 80. 80. 80. 80. 80. 80. 80. 80. 80. 80. 80. 80. 80. 80. 80. 80. 80. 80. 80. 80. 80. 80. 80. 80. 80. 80. 80. 80. 80. 80. 80. 80. 80. 80. 80. 80. 80. 80. 80. 80. 80. 80. 80. 80. 80. 80. 80. 80. 80. 80. 80. 80. 80. 80. 80. 80. 80. 80. 80. 80. 80. 80. 80. 80. 80. 80. 80. 80. 80. 80. 80. 80. 80. 80. 80. 80. 80. 80. 80. 80. 80. 80. 80. 80. 80. 80. 80. 80. 80. 80. 80. 80. 80. 80. 80. 80. 80. 80. 80. 80. 80. 80. 80. 80. 80. 80. 80. 80. 80. 80. 80. 80. 80. 80. 80. 80. 80. 80. 80. 80. 80. 81. 81. 81. 81. 81. 81. 81. 81. 81. 81. 81. 81. 81. 81. 81. 81. 81. 81. 81. 81. 81. 81. 81. 81. 81. 81. 81. 81. 81.
  466  80. 80. 80. 80. 80. 80. 80. 80. 80. 80. 80. 80. 80. 80. 80. 80. 80. 80. 80. 80. 80. 80. 80. 80. 80. 80. 80. 80. 80. 80. 80. 80. 80. 80. 80. 80. 80. 80. 80. 80. 80. 80. 80. 80. 80. 80. 80. 80. 80. 80. 80. 80. 80. 80. 80. 80. 80. 80. 80. 80. 80. 80. 80. 80. 80. 80. 80. 80. 80. 80. 80. 80. 80. 80. 80. 80. 80. 80. 80. 80. 80. 80. 80. 80. 80. 80. 80. 80. 80. 80. 80. 80. 80. 80. 80. 80. 80. 80. 80. 80. 80. 80. 80. 80. 80. 80. 80. 80. 80. 80. 80. 80. 80. 80. 80. 80. 80. 80. 80. 80. 80. 80. 80. 81. 81. 81. 81. 81. 81. 81. 81. 81. 81. 81. 81. 81. 81. 81. 81. 81. 81. 81. 81. 81. 81. 81. 81. 81. 81. 81. 81.
  465  80. 80. 80. 80. 80. 80. 80. 80. 80. 80. 80. 80. 80. 80. 80. 80. 80. 80. 80. 80. 80. 80. 80. 80. 80. 80. 80. 80. 80. 80. 80. 80. 80. 80. 80. 80. 80. 80. 80. 80. 80. 80. 80. 80. 80. 80. 80. 80. 80. 80. 80. 80. 80. 80. 80. 80. 80. 80. 80. 80. 80. 80. 80. 80. 80. 80. 80. 80. 80. 80. 80. 80. 80. 80. 80. 80. 80. 80. 80. 80. 80. 80. 80. 80. 80. 80. 80. 80. 80. 80. 80. 80. 80. 80. 80. 80. 80. 80. 80. 80. 80. 80. 80. 80. 80. 80. 80. 80. 80. 80. 80. 80. 80. 80. 80. 80. 80. 80. 80. 80. 80. 80. 80. 80. 81. 81. 81. 81. 81. 81. 81. 81. 81. 81. 81. 81. 81. 81. 81. 81. 81. 81. 81. 81. 81. 81. 81. 81. 81. 81. 81.
  464  80. 80. 80. 80. 80. 80. 80. 80. 80. 80. 80. 80. 80. 80. 80. 80. 80. 80. 80. 80. 80. 80. 80. 80. 80. 80. 80. 80. 80. 80. 80. 80. 80. 80. 80. 80. 80. 80. 80. 80. 80. 80. 80. 80. 80. 80. 80. 80. 80. 80. 80. 80. 80. 80. 80. 80. 80. 80. 80. 80. 80. 80. 80. 80. 80. 80. 80. 80. 80. 80. 80. 80. 80. 80. 80. 80. 80. 80. 80. 80. 80. 80. 80. 80. 80. 80. 80. 80. 80. 80. 80. 80. 80. 80. 80. 80. 80. 80. 80. 80. 80. 80. 80. 80. 80. 80. 80. 80. 80. 80. 80. 80. 80. 80. 80. 80. 80. 80. 80. 80. 80. 80. 80. 80. 80. 80. 81. 81. 81. 81. 81. 81. 81. 81. 81. 81. 81. 81. 81. 81. 81. 81. 81. 81. 81. 81. 81. 81. 81. 81. 81.
  463  80. 80. 80. 80. 80. 80. 80. 80. 80. 80. 80. 80. 80. 80. 80. 80. 80. 80. 80. 80. 80. 80. 80. 80. 80. 80. 80. 80. 80. 80. 80. 80. 80. 80. 80. 80. 80. 80. 80. 80. 80. 80. 80. 80. 80. 80. 80. 80. 80. 80. 80. 80. 80. 80. 80. 80. 80. 80. 80. 80. 80. 80. 80. 80. 80. 80. 80. 80. 80. 80. 80. 80. 80. 80. 80. 80. 80. 80. 80. 80. 80. 80. 80. 80. 80. 80. 80. 80. 80. 80. 80. 80. 80. 80. 80. 80. 80. 80. 80. 80. 80. 80. 80. 80. 80. 80. 80. 80. 80. 80. 80. 80. 80. 80. 80. 80. 80. 80. 80. 80. 80. 80. 80. 80. 80. 80. 80. 81. 81. 81. 81. 81. 81. 81. 81. 81. 81. 81. 81. 81. 81. 81. 81. 81. 81. 81. 81. 81. 81. 81. 81.
  462  80. 80. 80. 80. 80. 80. 80. 80. 80. 80. 80. 80. 80. 80. 80. 80. 80. 80. 80. 80. 80. 80. 80. 80. 80. 80. 80. 80. 80. 80. 80. 80. 80. 80. 80. 80. 80. 80. 80. 80. 80. 80. 80. 80. 80. 80. 80. 80. 80. 80. 80. 80. 80. 80. 80. 80. 80. 80. 80. 80. 80. 80. 80. 80. 80. 80. 80. 80. 80. 80. 80. 80. 80. 80. 80. 80. 80. 80. 80. 80. 80. 80. 80. 80. 80. 80. 80. 80. 80. 80. 80. 80. 80. 80. 80. 80. 80. 80. 80. 80. 80. 80. 80. 80. 80. 80. 80. 80. 80. 80. 80. 80. 80. 80. 80. 80. 80. 80. 80. 80. 80. 80. 80. 80. 80. 80. 80. 80. 81. 81. 81. 81. 81. 81. 81. 81. 81. 81. 81. 81. 81. 81. 81. 81. 81. 81. 81. 81. 81. 81. 81.
  461  80. 80. 80. 80. 80. 80. 80. 80. 80. 80. 80. 80. 80. 80. 80. 80. 80. 80. 80. 80. 80. 80. 80. 80. 80. 80. 80. 80. 80. 80. 80. 80. 80. 80. 80. 80. 80. 80. 80. 80. 80. 80. 80. 80. 80. 80. 80. 80. 80. 80. 80. 80. 80. 80. 80. 80. 80. 80. 80. 80. 80. 80. 80. 80. 80. 80. 80. 80. 80. 80. 80. 80. 80. 80. 80. 80. 80. 80. 80. 80. 80. 80. 80. 80. 80. 80. 80. 80. 80. 80. 80. 80. 80. 80. 80. 80. 80. 80. 80. 80. 80. 80. 80. 80. 80. 80. 80. 80. 80. 80. 80. 80. 80. 80. 80. 80. 80. 80. 80. 80. 80. 80. 80. 80. 80. 80. 80. 80. 80. 80. 81. 81. 81. 81. 81. 81. 81. 81. 81. 81. 81. 81. 81. 81. 81. 81. 81. 81. 81. 81. 81.
  460  80. 80. 80. 80. 80. 80. 80. 80. 80. 80. 80. 80. 80. 80. 80. 80. 80. 80. 80. 80. 80. 80. 80. 80. 80. 80. 80. 80. 80. 80. 80. 80. 80. 80. 80. 80. 80. 80. 80. 80. 80. 80. 80. 80. 80. 80. 80. 80. 80. 80. 80. 80. 80. 80. 80. 80. 80. 80. 80. 80. 80. 80. 80. 80. 80. 80. 80. 80. 80. 80. 80. 80. 80. 80. 80. 80. 80. 80. 80. 80. 80. 80. 80. 80. 80. 80. 80. 80. 80. 80. 80. 80. 80. 80. 80. 80. 80. 80. 80. 80. 80. 80. 80. 80. 80. 80. 80. 80. 80. 80. 80. 80. 80. 80. 80. 80. 80. 80. 80. 80. 80. 80. 80. 80. 80. 80. 80. 80. 80. 80. 80. 81. 81. 81. 81. 81. 81. 81. 81. 81. 81. 81. 81. 81. 81. 81. 81. 81. 81. 81. 81.
  459  80. 80. 80. 80. 80. 80. 80. 80. 80. 80. 80. 80. 80. 80. 80. 80. 80. 80. 80. 80. 80. 80. 80. 80. 80. 80. 80. 80. 80. 80. 80. 80. 80. 80. 80. 80. 80. 80. 80. 80. 80. 80. 80. 80. 80. 80. 80. 80. 80. 80. 80. 80. 80. 80. 80. 80. 80. 80. 80. 80. 80. 80. 80. 80. 80. 80. 80. 80. 80. 80. 80. 80. 80. 80. 80. 80. 80. 80. 80. 80. 80. 80. 80. 80. 80. 80. 80. 80. 80. 80. 80. 80. 80. 80. 80. 80. 80. 80. 80. 80. 80. 80. 80. 80. 80. 80. 80. 80. 80. 80. 80. 80. 80. 80. 80. 80. 80. 80. 80. 80. 80. 80. 80. 80. 80. 80. 80. 80. 80. 80. 80. 80. 81. 81. 81. 81. 81. 81. 81. 81. 81. 81. 81. 81. 81. 81. 81. 81. 81. 81. 81.
  458  80. 80. 80. 80. 80. 80. 80. 80. 80. 80. 80. 80. 80. 80. 80. 80. 80. 80. 80. 80. 80. 80. 80. 80. 80. 80. 80. 80. 80. 80. 80. 80. 80. 80. 80. 80. 80. 80. 80. 80. 80. 80. 80. 80. 80. 80. 80. 80. 80. 80. 80. 80. 80. 80. 80. 80. 80. 80. 80. 80. 80. 80. 80. 80. 80. 80. 80. 80. 80. 80. 80. 80. 80. 80. 80. 80. 80. 80. 80. 80. 80. 80. 80. 80. 80. 80. 80. 80. 80. 80. 80. 80. 80. 80. 80. 80. 80. 80. 80. 80. 80. 80. 80. 80. 80. 80. 80. 80. 80. 80. 80. 80. 80. 80. 80. 80. 80. 80. 80. 80. 80. 80. 80. 80. 80. 80. 80. 80. 80. 80. 80. 80. 80. 80. 81. 81. 81. 81. 81. 81. 81. 81. 81. 81. 81. 81. 81. 81. 81. 81. 81.
  457  80. 80. 80. 80. 80. 80. 80. 80. 80. 80. 80. 80. 80. 80. 80. 80. 80. 80. 80. 80. 80. 80. 80. 80. 80. 80. 80. 80. 80. 80. 80. 80. 80. 80. 80. 80. 80. 80. 80. 80. 80. 80. 80. 80. 80. 80. 80. 80. 80. 80. 80. 80. 80. 80. 80. 80. 80. 80. 80. 80. 80. 80. 80. 80. 80. 80. 80. 80. 80. 80. 80. 80. 80. 80. 80. 80. 80. 80. 80. 80. 80. 80. 80. 80. 80. 80. 80. 80. 80. 80. 80. 80. 80. 80. 80. 80. 80. 80. 80. 80. 80. 80. 80. 80. 80. 80. 80. 80. 80. 80. 80. 80. 80. 80. 80. 80. 80. 80. 80. 80. 80. 80. 80. 80. 80. 80. 80. 80. 80. 80. 80. 80. 80. 80. 80. 81. 81. 81. 81. 81. 81. 81. 81. 81. 81. 81. 81. 81. 81. 81. 81.
  456  80. 80. 80. 80. 80. 80. 80. 80. 80. 80. 80. 80. 80. 80. 80. 80. 80. 80. 80. 80. 80. 80. 80. 80. 80. 80. 80. 80. 80. 80. 80. 80. 80. 80. 80. 80. 80. 80. 80. 80. 80. 80. 80. 80. 80. 80. 80. 80. 80. 80. 80. 80. 80. 80. 80. 80. 80. 80. 80. 80. 80. 80. 80. 80. 80. 80. 80. 80. 80. 80. 80. 80. 80. 80. 80. 80. 80. 80. 80. 80. 80. 80. 80. 80. 80. 80. 80. 80. 80. 80. 80. 80. 80. 80. 80. 80. 80. 80. 80. 80. 80. 80. 80. 80. 80. 80. 80. 80. 80. 80. 80. 80. 80. 80. 80. 80. 80. 80. 80. 80. 80. 80. 80. 80. 80. 80. 80. 80. 80. 80. 80. 80. 80. 80. 80. 80. 81. 81. 81. 81. 81. 81. 81. 81. 81. 81. 81. 81. 81. 81. 82.
  455  80. 80. 80. 80. 80. 80. 80. 80. 80. 80. 80. 80. 80. 80. 80. 80. 80. 80. 80. 80. 80. 80. 80. 80. 80. 80. 80. 80. 80. 80. 80. 80. 80. 80. 80. 80. 80. 80. 80. 80. 80. 80. 80. 80. 80. 80. 80. 80. 80. 80. 80. 80. 80. 80. 80. 80. 80. 80. 80. 80. 80. 80. 80. 80. 80. 80. 80. 80. 80. 80. 80. 80. 80. 80. 80. 80. 80. 80. 80. 80. 80. 80. 80. 80. 80. 80. 80. 80. 80. 80. 80. 80. 80. 80. 80. 80. 80. 80. 80. 80. 80. 80. 80. 80. 80. 80. 80. 80. 80. 80. 80. 80. 80. 80. 80. 80. 80. 80. 80. 80. 80. 80. 80. 80. 80. 80. 80. 80. 80. 80. 80. 80. 80. 80. 80. 80. 80. 80. 81. 81. 81. 81. 81. 81. 81. 81. 81. 81. 81. 82. 82.
  454  80. 80. 80. 80. 80. 80. 80. 80. 80. 80. 80. 80. 80. 80. 80. 80. 80. 80. 80. 80. 80. 80. 80. 80. 80. 80. 80. 80. 80. 80. 80. 80. 80. 80. 80. 80. 80. 80. 80. 80. 80. 80. 80. 80. 80. 80. 80. 80. 80. 80. 80. 80. 80. 80. 80. 80. 80. 80. 80. 80. 80. 80. 80. 80. 80. 80. 80. 80. 80. 80. 80. 80. 80. 80. 80. 80. 80. 80. 80. 80. 80. 80. 80. 80. 80. 80. 80. 80. 80. 80. 80. 80. 80. 80. 80. 80. 80. 80. 80. 80. 80. 80. 80. 80. 80. 80. 80. 80. 80. 80. 80. 80. 80. 80. 80. 80. 80. 80. 80. 80. 80. 80. 80. 80. 80. 80. 80. 80. 80. 80. 80. 80. 80. 80. 80. 80. 80. 80. 80. 81. 81. 81. 81. 81. 81. 81. 81. 81. 81. 82. 82.
  453  80. 80. 80. 80. 80. 80. 80. 80. 80. 80. 80. 80. 80. 80. 80. 80. 80. 80. 80. 80. 80. 80. 80. 80. 80. 80. 80. 80. 80. 80. 80. 80. 80. 80. 80. 80. 80. 80. 80. 80. 80. 80. 80. 80. 80. 80. 80. 80. 80. 80. 80. 80. 80. 80. 80. 80. 80. 80. 80. 80. 80. 80. 80. 80. 80. 80. 80. 80. 80. 80. 80. 80. 80. 80. 80. 80. 80. 80. 80. 80. 80. 80. 80. 80. 80. 80. 80. 80. 80. 80. 80. 80. 80. 80. 80. 80. 80. 80. 80. 80. 80. 80. 80. 80. 80. 80. 80. 80. 80. 80. 80. 80. 80. 80. 80. 80. 80. 80. 80. 80. 80. 80. 80. 80. 80. 80. 80. 80. 80. 80. 80. 80. 80. 80. 80. 80. 80. 80. 80. 80. 80. 81. 81. 81. 81. 81. 81. 81. 81. 82. 82.
  452  80. 80. 80. 80. 80. 80. 80. 80. 80. 80. 80. 80. 80. 80. 80. 80. 80. 80. 80. 80. 80. 80. 80. 80. 80. 80. 80. 80. 80. 80. 80. 80. 80. 80. 80. 80. 80. 80. 80. 80. 80. 80. 80. 80. 80. 80. 80. 80. 80. 80. 80. 80. 80. 80. 80. 80. 80. 80. 80. 80. 80. 80. 80. 80. 80. 80. 80. 80. 80. 80. 80. 80. 80. 80. 80. 80. 80. 80. 80. 80. 80. 80. 80. 80. 80. 80. 80. 80. 80. 80. 80. 80. 80. 80. 80. 80. 80. 80. 80. 80. 80. 80. 80. 80. 80. 80. 80. 80. 80. 80. 80. 80. 80. 80. 80. 80. 80. 80. 80. 80. 80. 80. 80. 80. 80. 80. 80. 80. 80. 80. 80. 80. 80. 80. 80. 80. 80. 80. 80. 80. 80. 80. 81. 81. 81. 81. 81. 81. 81. 82. 82.
  451  80. 80. 80. 80. 80. 80. 80. 80. 80. 80. 80. 80. 80. 80. 80. 80. 80. 80. 80. 80. 80. 80. 80. 80. 80. 80. 80. 80. 80. 80. 80. 80. 80. 80. 80. 80. 80. 80. 80. 80. 80. 80. 80. 80. 80. 80. 80. 80. 80. 80. 80. 80. 80. 80. 80. 80. 80. 80. 80. 80. 80. 80. 80. 80. 80. 80. 80. 80. 80. 80. 80. 80. 80. 80. 80. 80. 80. 80. 80. 80. 80. 80. 80. 80. 80. 80. 80. 80. 80. 80. 80. 80. 80. 80. 80. 80. 80. 80. 80. 80. 80. 80. 80. 80. 80. 80. 80. 80. 80. 80. 80. 80. 80. 80. 80. 80. 80. 80. 80. 80. 80. 80. 80. 80. 80. 80. 80. 80. 80. 80. 80. 80. 80. 80. 80. 80. 80. 80. 80. 80. 80. 80. 80. 80. 81. 81. 81. 81. 81. 83. 83.
  450  80. 80. 80. 80. 80. 80. 80. 80. 80. 80. 80. 80. 80. 80. 80. 80. 80. 80. 80. 80. 80. 80. 80. 80. 80. 80. 80. 80. 80. 80. 80. 80. 80. 80. 80. 80. 80. 80. 80. 80. 80. 80. 80. 80. 80. 80. 80. 80. 80. 80. 80. 80. 80. 80. 80. 80. 80. 80. 80. 80. 80. 80. 80. 80. 80. 80. 80. 80. 80. 80. 80. 80. 80. 80. 80. 80. 80. 80. 80. 80. 80. 80. 80. 80. 80. 80. 80. 80. 80. 80. 80. 80. 80. 80. 80. 80. 80. 80. 80. 80. 80. 80. 80. 80. 80. 80. 80. 80. 80. 80. 80. 80. 80. 80. 80. 80. 80. 80. 80. 80. 80. 80. 80. 80. 80. 80. 80. 80. 80. 80. 80. 80. 80. 80. 80. 80. 80. 80. 80. 80. 80. 80. 80. 80. 80. 80. 81. 81. 81. 83. 83.
  449  80. 80. 80. 80. 80. 80. 80. 80. 80. 80. 80. 80. 80. 80. 80. 80. 80. 80. 80. 80. 80. 80. 80. 80. 80. 80. 80. 80. 80. 80. 80. 80. 80. 80. 80. 80. 80. 80. 80. 80. 80. 80. 80. 80. 80. 80. 80. 80. 80. 80. 80. 80. 80. 80. 80. 80. 80. 80. 80. 80. 80. 80. 80. 80. 80. 80. 80. 80. 80. 80. 80. 80. 80. 80. 80. 80. 80. 80. 80. 80. 80. 80. 80. 80. 80. 80. 80. 80. 80. 80. 80. 80. 80. 80. 80. 80. 80. 80. 80. 80. 80. 80. 80. 80. 80. 80. 80. 80. 80. 80. 80. 80. 80. 80. 80. 80. 80. 80. 80. 80. 80. 80. 80. 80. 80. 80. 80. 80. 80. 80. 80. 80. 80. 80. 80. 80. 80. 80. 80. 80. 80. 80. 80. 80. 80. 80. 80. 80. 79. 55. 55.
  448  80. 80. 80. 80. 80. 80. 80. 80. 80. 80. 80. 80. 80. 80. 80. 80. 80. 80. 80. 80. 80. 80. 80. 80. 80. 80. 80. 80. 80. 80. 80. 80. 80. 80. 80. 80. 80. 80. 80. 80. 80. 80. 80. 80. 80. 80. 80. 80. 80. 80. 80. 80. 80. 80. 80. 80. 80. 80. 80. 80. 80. 80. 80. 80. 80. 80. 80. 80. 80. 80. 80. 80. 80. 80. 80. 80. 80. 80. 80. 80. 80. 80. 80. 80. 80. 80. 80. 80. 80. 80. 80. 80. 80. 80. 80. 80. 80. 80. 80. 80. 80. 80. 80. 80. 80. 80. 80. 80. 80. 80. 80. 80. 80. 80. 80. 80. 80. 80. 80. 80. 80. 80. 80. 80. 80. 80. 80. 80. 80. 80. 80. 80. 80. 80. 80. 80. 80. 80. 80. 80. 80. 80. 80. 80. 80. 80. 80. 79. 77. 58. 58.
  447  80. 80. 80. 80. 80. 80. 80. 80. 80. 80. 80. 80. 80. 80. 80. 80. 80. 80. 80. 80. 80. 80. 80. 80. 80. 80. 80. 80. 80. 80. 80. 80. 80. 80. 80. 80. 80. 80. 80. 80. 80. 80. 80. 80. 80. 80. 80. 80. 80. 80. 80. 80. 80. 80. 80. 80. 80. 80. 80. 80. 80. 80. 80. 80. 80. 80. 80. 80. 80. 80. 80. 80. 80. 80. 80. 80. 80. 80. 80. 80. 80. 80. 80. 80. 80. 80. 80. 80. 80. 80. 80. 80. 80. 80. 80. 80. 80. 80. 80. 80. 80. 80. 80. 80. 80. 80. 80. 80. 80. 80. 80. 80. 80. 80. 80. 80. 80. 80. 80. 80. 80. 80. 80. 80. 80. 80. 80. 80. 80. 80. 80. 80. 80. 80. 80. 80. 80. 80. 80. 80. 80. 80. 80. 80. 80. 80. 80. 79. 76. 61. 61.
  446  80. 80. 80. 80. 80. 80. 80. 80. 80. 80. 80. 80. 80. 80. 80. 80. 80. 80. 80. 80. 80. 80. 80. 80. 80. 80. 80. 80. 80. 80. 80. 80. 80. 80. 80. 80. 80. 80. 80. 80. 80. 80. 80. 80. 80. 80. 80. 80. 80. 80. 80. 80. 80. 80. 80. 80. 80. 80. 80. 80. 80. 80. 80. 80. 80. 80. 80. 80. 80. 80. 80. 80. 80. 80. 80. 80. 80. 80. 80. 80. 80. 80. 80. 80. 80. 80. 80. 80. 80. 80. 80. 80. 80. 80. 80. 80. 80. 80. 80. 80. 80. 80. 80. 80. 80. 80. 80. 80. 80. 80. 80. 80. 80. 80. 80. 80. 80. 80. 80. 80. 80. 80. 80. 80. 80. 80. 80. 80. 80. 80. 80. 80. 80. 80. 80. 80. 80. 80. 80. 80. 80. 80. 80. 80. 80. 80. 79. 78. 76. 63. 63.
  445  80. 80. 80. 80. 80. 80. 80. 80. 80. 80. 80. 80. 80. 80. 80. 80. 80. 80. 80. 80. 80. 80. 80. 80. 80. 80. 80. 80. 80. 80. 80. 80. 80. 80. 80. 80. 80. 80. 80. 80. 80. 80. 80. 80. 80. 80. 80. 80. 80. 80. 80. 80. 80. 80. 80. 80. 80. 80. 80. 80. 80. 80. 80. 80. 80. 80. 80. 80. 80. 80. 80. 80. 80. 80. 80. 80. 80. 80. 80. 80. 80. 80. 80. 80. 80. 80. 80. 80. 80. 80. 80. 80. 80. 80. 80. 80. 80. 80. 80. 80. 80. 80. 80. 80. 80. 80. 80. 80. 80. 80. 80. 80. 80. 80. 80. 80. 80. 80. 80. 80. 80. 80. 80. 80. 80. 80. 80. 80. 80. 80. 80. 80. 80. 80. 80. 80. 80. 80. 80. 80. 80. 80. 80. 80. 80. 80. 79. 78. 75. 65. 65.
  444  80. 80. 80. 80. 80. 80. 80. 80. 80. 80. 80. 80. 80. 80. 80. 80. 80. 80. 80. 80. 80. 80. 80. 80. 80. 80. 80. 80. 80. 80. 80. 80. 80. 80. 80. 80. 80. 80. 80. 80. 80. 80. 80. 80. 80. 80. 80. 80. 80. 80. 80. 80. 80. 80. 80. 80. 80. 80. 80. 80. 80. 80. 80. 80. 80. 80. 80. 80. 80. 80. 80. 80. 80. 80. 80. 80. 80. 80. 80. 80. 80. 80. 80. 80. 80. 80. 80. 80. 80. 80. 80. 80. 80. 80. 80. 80. 80. 80. 80. 80. 80. 80. 80. 80. 80. 80. 80. 80. 80. 80. 80. 80. 80. 80. 80. 80. 80. 80. 80. 80. 80. 80. 80. 80. 80. 80. 80. 80. 80. 80. 80. 80. 80. 80. 80. 80. 80. 80. 80. 80. 80. 80. 80. 80. 80. 79. 79. 77. 75. 66. 66.
  443  80. 80. 80. 80. 80. 80. 80. 80. 80. 80. 80. 80. 80. 80. 80. 80. 80. 80. 80. 80. 80. 80. 80. 80. 80. 80. 80. 80. 80. 80. 80. 80. 80. 80. 80. 80. 80. 80. 80. 80. 80. 80. 80. 80. 80. 80. 80. 80. 80. 80. 80. 80. 80. 80. 80. 80. 80. 80. 80. 80. 80. 80. 80. 80. 80. 80. 80. 80. 80. 80. 80. 80. 80. 80. 80. 80. 80. 80. 80. 80. 80. 80. 80. 80. 80. 80. 80. 80. 80. 80. 80. 80. 80. 80. 80. 80. 80. 80. 80. 80. 80. 80. 80. 80. 80. 80. 80. 80. 80. 80. 80. 80. 80. 80. 80. 80. 80. 80. 80. 80. 80. 80. 80. 80. 80. 80. 80. 80. 80. 80. 80. 80. 80. 80. 80. 80. 80. 80. 80. 80. 80. 80. 80. 80. 80. 79. 78. 77. 75. 68. 67.
  442  80. 80. 80. 80. 80. 80. 80. 80. 80. 80. 80. 80. 80. 80. 80. 80. 80. 80. 80. 80. 80. 80. 80. 80. 80. 80. 80. 80. 80. 80. 80. 80. 80. 80. 80. 80. 80. 80. 80. 80. 80. 80. 80. 80. 80. 80. 80. 80. 80. 80. 80. 80. 80. 80. 80. 80. 80. 80. 80. 80. 80. 80. 80. 80. 80. 80. 80. 80. 80. 80. 80. 80. 80. 80. 80. 80. 80. 80. 80. 80. 80. 80. 80. 80. 80. 80. 80. 80. 80. 80. 80. 80. 80. 80. 80. 80. 80. 80. 80. 80. 80. 80. 80. 80. 80. 80. 80. 80. 80. 80. 80. 80. 80. 80. 80. 80. 80. 80. 80. 80. 80. 80. 80. 80. 80. 80. 80. 80. 80. 80. 80. 80. 80. 80. 80. 80. 80. 80. 80. 80. 80. 80. 80. 80. 80. 79. 78. 77. 75. 68. 68.
  441  80. 80. 80. 80. 80. 80. 80. 80. 80. 80. 80. 80. 80. 80. 80. 80. 80. 80. 80. 80. 80. 80. 80. 80. 80. 80. 80. 80. 80. 80. 80. 80. 80. 80. 80. 80. 80. 80. 80. 80. 80. 80. 80. 80. 80. 80. 80. 80. 80. 80. 80. 80. 80. 80. 80. 80. 80. 80. 80. 80. 80. 80. 80. 80. 80. 80. 80. 80. 80. 80. 80. 80. 80. 80. 80. 80. 80. 80. 80. 80. 80. 80. 80. 80. 80. 80. 80. 80. 80. 80. 80. 80. 80. 80. 80. 80. 80. 80. 80. 80. 80. 80. 80. 80. 80. 80. 80. 80. 80. 80. 80. 80. 80. 80. 80. 80. 80. 80. 80. 80. 80. 80. 80. 80. 80. 80. 80. 80. 80. 80. 80. 80. 80. 80. 80. 80. 80. 80. 80. 80. 80. 80. 80. 80. 79. 79. 78. 77. 75. 69. 69.
  440  80. 80. 80. 80. 80. 80. 80. 80. 80. 80. 80. 80. 80. 80. 80. 80. 80. 80. 80. 80. 80. 80. 80. 80. 80. 80. 80. 80. 80. 80. 80. 80. 80. 80. 80. 80. 80. 80. 80. 80. 80. 80. 80. 80. 80. 80. 80. 80. 80. 80. 80. 80. 80. 80. 80. 80. 80. 80. 80. 80. 80. 80. 80. 80. 80. 80. 80. 80. 80. 80. 80. 80. 80. 80. 80. 80. 80. 80. 80. 80. 80. 80. 80. 80. 80. 80. 80. 80. 80. 80. 80. 80. 80. 80. 80. 80. 80. 80. 80. 80. 80. 80. 80. 80. 80. 80. 80. 80. 80. 80. 80. 80. 80. 80. 80. 80. 80. 80. 80. 80. 80. 80. 80. 80. 80. 80. 80. 80. 80. 80. 80. 80. 80. 80. 80. 80. 80. 80. 80. 80. 80. 80. 80. 80. 79. 79. 78. 77. 75. 70. 70.
  439  80. 80. 80. 80. 80. 80. 80. 80. 80. 80. 80. 80. 80. 80. 80. 80. 80. 80. 80. 80. 80. 80. 80. 80. 80. 80. 80. 80. 80. 80. 80. 80. 80. 80. 80. 80. 80. 80. 80. 80. 80. 80. 80. 80. 80. 80. 80. 80. 80. 80. 80. 80. 80. 80. 80. 80. 80. 80. 80. 80. 80. 80. 80. 80. 80. 80. 80. 80. 80. 80. 80. 80. 80. 80. 80. 80. 80. 80. 80. 80. 80. 80. 80. 80. 80. 80. 80. 80. 80. 80. 80. 80. 80. 80. 80. 80. 80. 80. 80. 80. 80. 80. 80. 80. 80. 80. 80. 80. 80. 80. 80. 80. 80. 80. 80. 80. 80. 80. 80. 80. 80. 80. 80. 80. 80. 80. 80. 80. 80. 80. 80. 80. 80. 80. 80. 80. 80. 80. 80. 80. 80. 80. 80. 79. 79. 78. 78. 77. 75. 71. 70.
  438  80. 80. 80. 80. 80. 80. 80. 80. 80. 80. 80. 80. 80. 80. 80. 80. 80. 80. 80. 80. 80. 80. 80. 80. 80. 80. 80. 80. 80. 80. 80. 80. 80. 80. 80. 80. 80. 80. 80. 80. 80. 80. 80. 80. 80. 80. 80. 80. 80. 80. 80. 80. 80. 80. 80. 80. 80. 80. 80. 80. 80. 80. 80. 80. 80. 80. 80. 80. 80. 80. 80. 80. 80. 80. 80. 80. 80. 80. 80. 80. 80. 80. 80. 80. 80. 80. 80. 80. 80. 80. 80. 80. 80. 80. 80. 80. 80. 80. 80. 80. 80. 80. 80. 80. 80. 80. 80. 80. 80. 80. 80. 80. 80. 80. 80. 80. 80. 80. 80. 80. 80. 80. 80. 80. 80. 80. 80. 80. 80. 80. 80. 80. 80. 80. 80. 80. 80. 80. 80. 80. 80. 80. 80. 79. 79. 78. 78. 77. 75. 71. 71.
  437  80. 80. 80. 80. 80. 80. 80. 80. 80. 80. 80. 80. 80. 80. 80. 80. 80. 80. 80. 80. 80. 80. 80. 80. 80. 80. 80. 80. 80. 80. 80. 80. 80. 80. 80. 80. 80. 80. 80. 80. 80. 80. 80. 80. 80. 80. 80. 80. 80. 80. 80. 80. 80. 80. 80. 80. 80. 80. 80. 80. 80. 80. 80. 80. 80. 80. 80. 80. 80. 80. 80. 80. 80. 80. 80. 80. 80. 80. 80. 80. 80. 80. 80. 80. 80. 80. 80. 80. 80. 80. 80. 80. 80. 80. 80. 80. 80. 80. 80. 80. 80. 80. 80. 80. 80. 80. 80. 80. 80. 80. 80. 80. 80. 80. 80. 80. 80. 80. 80. 80. 80. 80. 80. 80. 80. 80. 80. 80. 80. 80. 80. 80. 80. 80. 80. 80. 80. 80. 80. 80. 80. 80. 80. 79. 79. 78. 77. 77. 75. 71. 71.
  436  80. 80. 80. 80. 80. 80. 80. 80. 80. 80. 80. 80. 80. 80. 80. 80. 80. 80. 80. 80. 80. 80. 80. 80. 80. 80. 80. 80. 80. 80. 80. 80. 80. 80. 80. 80. 80. 80. 80. 80. 80. 80. 80. 80. 80. 80. 80. 80. 80. 80. 80. 80. 80. 80. 80. 80. 80. 80. 80. 80. 80. 80. 80. 80. 80. 80. 80. 80. 80. 80. 80. 80. 80. 80. 80. 80. 80. 80. 80. 80. 80. 80. 80. 80. 80. 80. 80. 80. 80. 80. 80. 80. 80. 80. 80. 80. 80. 80. 80. 80. 80. 80. 80. 80. 80. 80. 80. 80. 80. 80. 80. 80. 80. 80. 80. 80. 80. 80. 80. 80. 80. 80. 80. 80. 80. 80. 80. 80. 80. 80. 80. 80. 80. 80. 80. 80. 80. 80. 80. 80. 80. 80. 79. 79. 79. 78. 77. 76. 75. 72. 71.
  435  80. 80. 80. 80. 80. 80. 80. 80. 80. 80. 80. 80. 80. 80. 80. 80. 80. 80. 80. 80. 80. 80. 80. 80. 80. 80. 80. 80. 80. 80. 80. 80. 80. 80. 80. 80. 80. 80. 80. 80. 80. 80. 80. 80. 80. 80. 80. 80. 80. 80. 80. 80. 80. 80. 80. 80. 80. 80. 80. 80. 80. 80. 80. 80. 80. 80. 80. 80. 80. 80. 80. 80. 80. 80. 80. 80. 80. 80. 80. 80. 80. 80. 80. 80. 80. 80. 80. 80. 80. 80. 80. 80. 80. 80. 80. 80. 80. 80. 80. 80. 80. 80. 80. 80. 80. 80. 80. 80. 80. 80. 80. 80. 80. 80. 80. 80. 80. 80. 80. 80. 80. 80. 80. 80. 80. 80. 80. 80. 80. 80. 80. 80. 80. 80. 80. 80. 80. 80. 80. 80. 80. 80. 79. 79. 79. 78. 77. 76. 75. 72. 72.
  434  80. 80. 80. 80. 80. 80. 80. 80. 80. 80. 80. 80. 80. 80. 80. 80. 80. 80. 80. 80. 80. 80. 80. 80. 80. 80. 80. 80. 80. 80. 80. 80. 80. 80. 80. 80. 80. 80. 80. 80. 80. 80. 80. 80. 80. 80. 80. 80. 80. 80. 80. 80. 80. 80. 80. 80. 80. 80. 80. 80. 80. 80. 80. 80. 80. 80. 80. 80. 80. 80. 80. 80. 80. 80. 80. 80. 80. 80. 80. 80. 80. 80. 80. 80. 80. 80. 80. 80. 80. 80. 80. 80. 80. 80. 80. 80. 80. 80. 80. 80. 80. 80. 80. 80. 80. 80. 80. 80. 80. 80. 80. 80. 80. 80. 80. 80. 80. 80. 80. 80. 80. 80. 80. 80. 80. 80. 80. 80. 80. 80. 80. 80. 80. 80. 80. 80. 80. 80. 80. 80. 80. 80. 79. 79. 78. 78. 77. 76. 75. 72. 72.
  433  80. 80. 80. 80. 80. 80. 80. 80. 80. 80. 80. 80. 80. 80. 80. 80. 80. 80. 80. 80. 80. 80. 80. 80. 80. 80. 80. 80. 80. 80. 80. 80. 80. 80. 80. 80. 80. 80. 80. 80. 80. 80. 80. 80. 80. 80. 80. 80. 80. 80. 80. 80. 80. 80. 80. 80. 80. 80. 80. 80. 80. 80. 80. 80. 80. 80. 80. 80. 80. 80. 80. 80. 80. 80. 80. 80. 80. 80. 80. 80. 80. 80. 80. 80. 80. 80. 80. 80. 80. 80. 80. 80. 80. 80. 80. 80. 80. 80. 80. 80. 80. 80. 80. 80. 80. 80. 80. 80. 80. 80. 80. 80. 80. 80. 80. 80. 80. 80. 80. 80. 80. 80. 80. 80. 80. 80. 80. 80. 80. 80. 80. 80. 80. 80. 80. 80. 80. 80. 80. 80. 80. 79. 79. 79. 78. 78. 77. 76. 76. 73. 72.
  432  80. 80. 80. 80. 80. 80. 80. 80. 80. 80. 80. 80. 80. 80. 80. 80. 80. 80. 80. 80. 80. 80. 80. 80. 80. 80. 80. 80. 80. 80. 80. 80. 80. 80. 80. 80. 80. 80. 80. 80. 80. 80. 80. 80. 80. 80. 80. 80. 80. 80. 80. 80. 80. 80. 80. 80. 80. 80. 80. 80. 80. 80. 80. 80. 80. 80. 80. 80. 80. 80. 80. 80. 80. 80. 80. 80. 80. 80. 80. 80. 80. 80. 80. 80. 80. 80. 80. 80. 80. 80. 80. 80. 80. 80. 80. 80. 80. 80. 80. 80. 80. 80. 80. 80. 80. 80. 80. 80. 80. 80. 80. 80. 80. 80. 80. 80. 80. 80. 80. 80. 80. 80. 80. 80. 80. 80. 80. 80. 80. 80. 80. 80. 80. 80. 80. 80. 80. 80. 80. 80. 80. 79. 79. 79. 78. 78. 77. 76. 76. 73. 73.
  431  80. 80. 80. 80. 80. 80. 80. 80. 80. 80. 80. 80. 80. 80. 80. 80. 80. 80. 80. 80. 80. 80. 80. 80. 80. 80. 80. 80. 80. 80. 80. 80. 80. 80. 80. 80. 80. 80. 80. 80. 80. 80. 80. 80. 80. 80. 80. 80. 80. 80. 80. 80. 80. 80. 80. 80. 80. 80. 80. 80. 80. 80. 80. 80. 80. 80. 80. 80. 80. 80. 80. 80. 80. 80. 80. 80. 80. 80. 80. 80. 80. 80. 80. 80. 80. 80. 80. 80. 80. 80. 80. 80. 80. 80. 80. 80. 80. 80. 80. 80. 80. 80. 80. 80. 80. 80. 80. 80. 80. 80. 80. 80. 80. 80. 80. 80. 80. 80. 80. 80. 80. 80. 80. 80. 80. 80. 80. 80. 80. 80. 80. 80. 80. 80. 80. 80. 80. 80. 80. 80. 79. 79. 79. 79. 78. 78. 77. 76. 76. 73. 73.
  430  80. 80. 80. 80. 80. 80. 80. 80. 80. 80. 80. 80. 80. 80. 80. 80. 80. 80. 80. 80. 80. 80. 80. 80. 80. 80. 80. 80. 80. 80. 80. 80. 80. 80. 80. 80. 80. 80. 80. 80. 80. 80. 80. 80. 80. 80. 80. 80. 80. 80. 80. 80. 80. 80. 80. 80. 80. 80. 80. 80. 80. 80. 80. 80. 80. 80. 80. 80. 80. 80. 80. 80. 80. 80. 80. 80. 80. 80. 80. 80. 80. 80. 80. 80. 80. 80. 80. 80. 80. 80. 80. 80. 80. 80. 80. 80. 80. 80. 80. 80. 80. 80. 80. 80. 80. 80. 80. 80. 80. 80. 80. 80. 80. 80. 80. 80. 80. 80. 80. 80. 80. 80. 80. 80. 80. 80. 80. 80. 80. 80. 80. 80. 80. 80. 80. 80. 80. 80. 80. 80. 79. 79. 79. 79. 78. 78. 77. 76. 76. 73. 73.
  429  80. 80. 80. 80. 80. 80. 80. 80. 80. 80. 80. 80. 80. 80. 80. 80. 80. 80. 80. 80. 80. 80. 80. 80. 80. 80. 80. 80. 80. 80. 80. 80. 80. 80. 80. 80. 80. 80. 80. 80. 80. 80. 80. 80. 80. 80. 80. 80. 80. 80. 80. 80. 80. 80. 80. 80. 80. 80. 80. 80. 80. 80. 80. 80. 80. 80. 80. 80. 80. 80. 80. 80. 80. 80. 80. 80. 80. 80. 80. 80. 80. 80. 80. 80. 80. 80. 80. 80. 80. 80. 80. 80. 80. 80. 80. 80. 80. 80. 80. 80. 80. 80. 80. 80. 80. 80. 80. 80. 80. 80. 80. 80. 80. 80. 80. 80. 80. 80. 80. 80. 80. 80. 80. 80. 80. 80. 80. 80. 80. 80. 80. 80. 80. 80. 80. 80. 80. 80. 80. 80. 79. 79. 79. 78. 78. 78. 77. 76. 76. 74. 73.
  428  80. 80. 80. 80. 80. 80. 80. 80. 80. 80. 80. 80. 80. 80. 80. 80. 80. 80. 80. 80. 80. 80. 80. 80. 80. 80. 80. 80. 80. 80. 80. 80. 80. 80. 80. 80. 80. 80. 80. 80. 80. 80. 80. 80. 80. 80. 80. 80. 80. 80. 80. 80. 80. 80. 80. 80. 80. 80. 80. 80. 80. 80. 80. 80. 80. 80. 80. 80. 80. 80. 80. 80. 80. 80. 80. 80. 80. 80. 80. 80. 80. 80. 80. 80. 80. 80. 80. 80. 80. 80. 80. 80. 80. 80. 80. 80. 80. 80. 80. 80. 80. 80. 80. 80. 80. 80. 80. 80. 80. 80. 80. 80. 80. 80. 80. 80. 80. 80. 80. 80. 80. 80. 80. 80. 80. 80. 80. 80. 80. 80. 80. 80. 80. 80. 80. 80. 80. 80. 80. 79. 79. 79. 79. 78. 78. 78. 77. 76. 76. 74. 73.
  427  80. 80. 80. 80. 80. 80. 80. 80. 80. 80. 80. 80. 80. 80. 80. 80. 80. 80. 80. 80. 80. 80. 80. 80. 80. 80. 80. 80. 80. 80. 80. 80. 80. 80. 80. 80. 80. 80. 80. 80. 80. 80. 80. 80. 80. 80. 80. 80. 80. 80. 80. 80. 80. 80. 80. 80. 80. 80. 80. 80. 80. 80. 80. 80. 80. 80. 80. 80. 80. 80. 80. 80. 80. 80. 80. 80. 80. 80. 80. 80. 80. 80. 80. 80. 80. 80. 80. 80. 80. 80. 80. 80. 80. 80. 80. 80. 80. 80. 80. 80. 80. 80. 80. 80. 80. 80. 80. 80. 80. 80. 80. 80. 80. 80. 80. 80. 80. 80. 80. 80. 80. 80. 80. 80. 80. 80. 80. 80. 80. 80. 80. 80. 80. 80. 80. 80. 80. 80. 80. 79. 79. 79. 79. 78. 78. 77. 77. 76. 76. 74. 74.
  426  80. 80. 80. 80. 80. 80. 80. 80. 80. 80. 80. 80. 80. 80. 80. 80. 80. 80. 80. 80. 80. 80. 80. 80. 80. 80. 80. 80. 80. 80. 80. 80. 80. 80. 80. 80. 80. 80. 80. 80. 80. 80. 80. 80. 80. 80. 80. 80. 80. 80. 80. 80. 80. 80. 80. 80. 80. 80. 80. 80. 80. 80. 80. 80. 80. 80. 80. 80. 80. 80. 80. 80. 80. 80. 80. 80. 80. 80. 80. 80. 80. 80. 80. 80. 80. 80. 80. 80. 80. 80. 80. 80. 80. 80. 80. 80. 80. 80. 80. 80. 80. 80. 80. 80. 80. 80. 80. 80. 80. 80. 80. 80. 80. 80. 80. 80. 80. 80. 80. 80. 80. 80. 80. 80. 80. 80. 80. 80. 80. 80. 80. 80. 80. 80. 80. 80. 80. 80. 80. 79. 79. 79. 79. 78. 78. 77. 77. 76. 76. 74. 74.
  425  80. 80. 80. 80. 80. 80. 80. 80. 80. 80. 80. 80. 80. 80. 80. 80. 80. 80. 80. 80. 80. 80. 80. 80. 80. 80. 80. 80. 80. 80. 80. 80. 80. 80. 80. 80. 80. 80. 80. 80. 80. 80. 80. 80. 80. 80. 80. 80. 80. 80. 80. 80. 80. 80. 80. 80. 80. 80. 80. 80. 80. 80. 80. 80. 80. 80. 80. 80. 80. 80. 80. 80. 80. 80. 80. 80. 80. 80. 80. 80. 80. 80. 80. 80. 80. 80. 80. 80. 80. 80. 80. 80. 80. 80. 80. 80. 80. 80. 80. 80. 80. 80. 80. 80. 80. 80. 80. 80. 80. 80. 80. 80. 80. 80. 80. 80. 80. 80. 80. 80. 80. 80. 80. 80. 80. 80. 80. 80. 80. 80. 80. 80. 80. 80. 80. 80. 80. 80. 79. 79. 79. 79. 79. 78. 78. 77. 77. 76. 76. 74. 74.
  424  80. 80. 80. 80. 80. 80. 80. 80. 80. 80. 80. 80. 80. 80. 80. 80. 80. 80. 80. 80. 80. 80. 80. 80. 80. 80. 80. 80. 80. 80. 80. 80. 80. 80. 80. 80. 80. 80. 80. 80. 80. 80. 80. 80. 80. 80. 80. 80. 80. 80. 80. 80. 80. 80. 80. 80. 80. 80. 80. 80. 80. 80. 80. 80. 80. 80. 80. 80. 80. 80. 80. 80. 80. 80. 80. 80. 80. 80. 80. 80. 80. 80. 80. 80. 80. 80. 80. 80. 80. 80. 80. 80. 80. 80. 80. 80. 80. 80. 80. 80. 80. 80. 80. 80. 80. 80. 80. 80. 80. 80. 80. 80. 80. 80. 80. 80. 80. 80. 80. 80. 80. 80. 80. 80. 80. 80. 80. 80. 80. 80. 80. 80. 80. 80. 80. 80. 80. 80. 79. 79. 79. 79. 78. 78. 78. 77. 77. 76. 76. 74. 74.
  423  80. 80. 80. 80. 80. 80. 80. 80. 80. 80. 80. 80. 80. 80. 80. 80. 80. 80. 80. 80. 80. 80. 80. 80. 80. 80. 80. 80. 80. 80. 80. 80. 80. 80. 80. 80. 80. 80. 80. 80. 80. 80. 80. 80. 80. 80. 80. 80. 80. 80. 80. 80. 80. 80. 80. 80. 80. 80. 80. 80. 80. 80. 80. 80. 80. 80. 80. 80. 80. 80. 80. 80. 80. 80. 80. 80. 80. 80. 80. 80. 80. 80. 80. 80. 80. 80. 80. 80. 80. 80. 80. 80. 80. 80. 80. 80. 80. 80. 80. 80. 80. 80. 80. 80. 80. 80. 80. 80. 80. 80. 80. 80. 80. 80. 80. 80. 80. 80. 80. 80. 80. 80. 80. 80. 80. 80. 80. 80. 80. 80. 80. 80. 80. 80. 80. 80. 80. 80. 79. 79. 79. 79. 78. 78. 78. 77. 77. 76. 76. 74. 74.
  422  80. 80. 80. 80. 80. 80. 80. 80. 80. 80. 80. 80. 80. 80. 80. 80. 80. 80. 80. 80. 80. 80. 80. 80. 80. 80. 80. 80. 80. 80. 80. 80. 80. 80. 80. 80. 80. 80. 80. 80. 80. 80. 80. 80. 80. 80. 80. 80. 80. 80. 80. 80. 80. 80. 80. 80. 80. 80. 80. 80. 80. 80. 80. 80. 80. 80. 80. 80. 80. 80. 80. 80. 80. 80. 80. 80. 80. 80. 80. 80. 80. 80. 80. 80. 80. 80. 80. 80. 80. 80. 80. 80. 80. 80. 80. 80. 80. 80. 80. 80. 80. 80. 80. 80. 80. 80. 80. 80. 80. 80. 80. 80. 80. 80. 80. 80. 80. 80. 80. 80. 80. 80. 80. 80. 80. 80. 80. 80. 80. 80. 80. 80. 80. 80. 80. 80. 80. 79. 79. 79. 79. 79. 78. 78. 78. 77. 77. 77. 76. 75. 74.
  421  80. 80. 80. 80. 80. 80. 80. 80. 80. 80. 80. 80. 80. 80. 80. 80. 80. 80. 80. 80. 80. 80. 80. 80. 80. 80. 80. 80. 80. 80. 80. 80. 80. 80. 80. 80. 80. 80. 80. 80. 80. 80. 80. 80. 80. 80. 80. 80. 80. 80. 80. 80. 80. 80. 80. 80. 80. 80. 80. 80. 80. 80. 80. 80. 80. 80. 80. 80. 80. 80. 80. 80. 80. 80. 80. 80. 80. 80. 80. 80. 80. 80. 80. 80. 80. 80. 80. 80. 80. 80. 80. 80. 80. 80. 80. 80. 80. 80. 80. 80. 80. 80. 80. 80. 80. 80. 80. 80. 80. 80. 80. 80. 80. 80. 80. 80. 80. 80. 80. 80. 80. 80. 80. 80. 80. 80. 80. 80. 80. 80. 80. 80. 80. 80. 80. 80. 80. 79. 79. 79. 79. 79. 78. 78. 78. 77. 77. 77. 76. 75. 74.
  420  80. 80. 80. 80. 80. 80. 80. 80. 80. 80. 80. 80. 80. 80. 80. 80. 80. 80. 80. 80. 80. 80. 80. 80. 80. 80. 80. 80. 80. 80. 80. 80. 80. 80. 80. 80. 80. 80. 80. 80. 80. 80. 80. 80. 80. 80. 80. 80. 80. 80. 80. 80. 80. 80. 80. 80. 80. 80. 80. 80. 80. 80. 80. 80. 80. 80. 80. 80. 80. 80. 80. 80. 80. 80. 80. 80. 80. 80. 80. 80. 80. 80. 80. 80. 80. 80. 80. 80. 80. 80. 80. 80. 80. 80. 80. 80. 80. 80. 80. 80. 80. 80. 80. 80. 80. 80. 80. 80. 80. 80. 80. 80. 80. 80. 80. 80. 80. 80. 80. 80. 80. 80. 80. 80. 80. 80. 80. 80. 80. 80. 80. 80. 80. 80. 80. 80. 80. 79. 79. 79. 79. 79. 78. 78. 78. 77. 77. 77. 76. 75. 75.
  419  80. 80. 80. 80. 80. 80. 80. 80. 80. 80. 80. 80. 80. 80. 80. 80. 80. 80. 80. 80. 80. 80. 80. 80. 80. 80. 80. 80. 80. 80. 80. 80. 80. 80. 80. 80. 80. 80. 80. 80. 80. 80. 80. 80. 80. 80. 80. 80. 80. 80. 80. 80. 80. 80. 80. 80. 80. 80. 80. 80. 80. 80. 80. 80. 80. 80. 80. 80. 80. 80. 80. 80. 80. 80. 80. 80. 80. 80. 80. 80. 80. 80. 80. 80. 80. 80. 80. 80. 80. 80. 80. 80. 80. 80. 80. 80. 80. 80. 80. 80. 80. 80. 80. 80. 80. 80. 80. 80. 80. 80. 80. 80. 80. 80. 80. 80. 80. 80. 80. 80. 80. 80. 80. 80. 80. 80. 80. 80. 80. 80. 80. 80. 80. 80. 80. 80. 79. 79. 79. 79. 79. 78. 78. 78. 78. 77. 77. 77. 76. 75. 75.
  418  80. 80. 80. 80. 80. 80. 80. 80. 80. 80. 80. 80. 80. 80. 80. 80. 80. 80. 80. 80. 80. 80. 80. 80. 80. 80. 80. 80. 80. 80. 80. 80. 80. 80. 80. 80. 80. 80. 80. 80. 80. 80. 80. 80. 80. 80. 80. 80. 80. 80. 80. 80. 80. 80. 80. 80. 80. 80. 80. 80. 80. 80. 80. 80. 80. 80. 80. 80. 80. 80. 80. 80. 80. 80. 80. 80. 80. 80. 80. 80. 80. 80. 80. 80. 80. 80. 80. 80. 80. 80. 80. 80. 80. 80. 80. 80. 80. 80. 80. 80. 80. 80. 80. 80. 80. 80. 80. 80. 80. 80. 80. 80. 80. 80. 80. 80. 80. 80. 80. 80. 80. 80. 80. 80. 80. 80. 80. 80. 80. 80. 80. 80. 80. 80. 80. 80. 79. 79. 79. 79. 79. 78. 78. 78. 78. 77. 77. 77. 76. 75. 75.
  417  80. 80. 80. 80. 80. 80. 80. 80. 80. 80. 80. 80. 80. 80. 80. 80. 80. 80. 80. 80. 80. 80. 80. 80. 80. 80. 80. 80. 80. 80. 80. 80. 80. 80. 80. 80. 80. 80. 80. 80. 80. 80. 80. 80. 80. 80. 80. 80. 80. 80. 80. 80. 80. 80. 80. 80. 80. 80. 80. 80. 80. 80. 80. 80. 80. 80. 80. 80. 80. 80. 80. 80. 80. 80. 80. 80. 80. 80. 80. 80. 80. 80. 80. 80. 80. 80. 80. 80. 80. 80. 80. 80. 80. 80. 80. 80. 80. 80. 80. 80. 80. 80. 80. 80. 80. 80. 80. 80. 80. 80. 80. 80. 80. 80. 80. 80. 80. 80. 80. 80. 80. 80. 80. 80. 80. 80. 80. 80. 80. 80. 80. 80. 80. 80. 80. 79. 79. 79. 79. 79. 79. 78. 78. 78. 78. 77. 77. 77. 76. 75. 75.
  416  80. 80. 80. 80. 80. 80. 80. 80. 80. 80. 80. 80. 80. 80. 80. 80. 80. 80. 80. 80. 80. 80. 80. 80. 80. 80. 80. 80. 80. 80. 80. 80. 80. 80. 80. 80. 80. 80. 80. 80. 80. 80. 80. 80. 80. 80. 80. 80. 80. 80. 80. 80. 80. 80. 80. 80. 80. 80. 80. 80. 80. 80. 80. 80. 80. 80. 80. 80. 80. 80. 80. 80. 80. 80. 80. 80. 80. 80. 80. 80. 80. 80. 80. 80. 80. 80. 80. 80. 80. 80. 80. 80. 80. 80. 80. 80. 80. 80. 80. 80. 80. 80. 80. 80. 80. 80. 80. 80. 80. 80. 80. 80. 80. 80. 80. 80. 80. 80. 80. 80. 80. 80. 80. 80. 80. 80. 80. 80. 80. 80. 80. 80. 80. 80. 80. 79. 79. 79. 79. 79. 79. 78. 78. 78. 78. 77. 77. 77. 76. 75. 75.
  415  80. 80. 80. 80. 80. 80. 80. 80. 80. 80. 80. 80. 80. 80. 80. 80. 80. 80. 80. 80. 80. 80. 80. 80. 80. 80. 80. 80. 80. 80. 80. 80. 80. 80. 80. 80. 80. 80. 80. 80. 80. 80. 80. 80. 80. 80. 80. 80. 80. 80. 80. 80. 80. 80. 80. 80. 80. 80. 80. 80. 80. 80. 80. 80. 80. 80. 80. 80. 80. 80. 80. 80. 80. 80. 80. 80. 80. 80. 80. 80. 80. 80. 80. 80. 80. 80. 80. 80. 80. 80. 80. 80. 80. 80. 80. 80. 80. 80. 80. 80. 80. 80. 80. 80. 80. 80. 80. 80. 80. 80. 80. 80. 80. 80. 80. 80. 80. 80. 80. 80. 80. 80. 80. 80. 80. 80. 80. 80. 80. 80. 80. 80. 80. 80. 80. 79. 79. 79. 79. 79. 79. 78. 78. 78. 78. 77. 77. 77. 76. 75. 75.
  414  80. 80. 80. 80. 80. 80. 80. 80. 80. 80. 80. 80. 80. 80. 80. 80. 80. 80. 80. 80. 80. 80. 80. 80. 80. 80. 80. 80. 80. 80. 80. 80. 80. 80. 80. 80. 80. 80. 80. 80. 80. 80. 80. 80. 80. 80. 80. 80. 80. 80. 80. 80. 80. 80. 80. 80. 80. 80. 80. 80. 80. 80. 80. 80. 80. 80. 80. 80. 80. 80. 80. 80. 80. 80. 80. 80. 80. 80. 80. 80. 80. 80. 80. 80. 80. 80. 80. 80. 80. 80. 80. 80. 80. 80. 80. 80. 80. 80. 80. 80. 80. 80. 80. 80. 80. 80. 80. 80. 80. 80. 80. 80. 80. 80. 80. 80. 80. 80. 80. 80. 80. 80. 80. 80. 80. 80. 80. 80. 80. 80. 80. 80. 80. 80. 79. 79. 79. 79. 79. 79. 79. 78. 78. 78. 78. 77. 77. 77. 76. 75. 75.
  413  80. 80. 80. 80. 80. 80. 80. 80. 80. 80. 80. 80. 80. 80. 80. 80. 80. 80. 80. 80. 80. 80. 80. 80. 80. 80. 80. 80. 80. 80. 80. 80. 80. 80. 80. 80. 80. 80. 80. 80. 80. 80. 80. 80. 80. 80. 80. 80. 80. 80. 80. 80. 80. 80. 80. 80. 80. 80. 80. 80. 80. 80. 80. 80. 80. 80. 80. 80. 80. 80. 80. 80. 80. 80. 80. 80. 80. 80. 80. 80. 80. 80. 80. 80. 80. 80. 80. 80. 80. 80. 80. 80. 80. 80. 80. 80. 80. 80. 80. 80. 80. 80. 80. 80. 80. 80. 80. 80. 80. 80. 80. 80. 80. 80. 80. 80. 80. 80. 80. 80. 80. 80. 80. 80. 80. 80. 80. 80. 80. 80. 80. 80. 80. 80. 79. 79. 79. 79. 79. 79. 79. 78. 78. 78. 78. 77. 77. 77. 76. 76. 75.
  412  80. 80. 80. 80. 80. 80. 80. 80. 80. 80. 80. 80. 80. 80. 80. 80. 80. 80. 80. 80. 80. 80. 80. 80. 80. 80. 80. 80. 80. 80. 80. 80. 80. 80. 80. 80. 80. 80. 80. 80. 80. 80. 80. 80. 80. 80. 80. 80. 80. 80. 80. 80. 80. 80. 80. 80. 80. 80. 80. 80. 80. 80. 80. 80. 80. 80. 80. 80. 80. 80. 80. 80. 80. 80. 80. 80. 80. 80. 80. 80. 80. 80. 80. 80. 80. 80. 80. 80. 80. 80. 80. 80. 80. 80. 80. 80. 80. 80. 80. 80. 80. 80. 80. 80. 80. 80. 80. 80. 80. 80. 80. 80. 80. 80. 80. 80. 80. 80. 80. 80. 80. 80. 80. 80. 80. 80. 80. 80. 80. 80. 80. 80. 80. 80. 79. 79. 79. 79. 79. 79. 78. 78. 78. 78. 78. 77. 77. 77. 76. 76. 75.
  411  80. 80. 80. 80. 80. 80. 80. 80. 80. 80. 80. 80. 80. 80. 80. 80. 80. 80. 80. 80. 80. 80. 80. 80. 80. 80. 80. 80. 80. 80. 80. 80. 80. 80. 80. 80. 80. 80. 80. 80. 80. 80. 80. 80. 80. 80. 80. 80. 80. 80. 80. 80. 80. 80. 80. 80. 80. 80. 80. 80. 80. 80. 80. 80. 80. 80. 80. 80. 80. 80. 80. 80. 80. 80. 80. 80. 80. 80. 80. 80. 80. 80. 80. 80. 80. 80. 80. 80. 80. 80. 80. 80. 80. 80. 80. 80. 80. 80. 80. 80. 80. 80. 80. 80. 80. 80. 80. 80. 80. 80. 80. 80. 80. 80. 80. 80. 80. 80. 80. 80. 80. 80. 80. 80. 80. 80. 80. 80. 80. 80. 80. 80. 80. 79. 79. 79. 79. 79. 79. 79. 78. 78. 78. 78. 78. 77. 77. 77. 76. 76. 76.
  410  80. 80. 80. 80. 80. 80. 80. 80. 80. 80. 80. 80. 80. 80. 80. 80. 80. 80. 80. 80. 80. 80. 80. 80. 80. 80. 80. 80. 80. 80. 80. 80. 80. 80. 80. 80. 80. 80. 80. 80. 80. 80. 80. 80. 80. 80. 80. 80. 80. 80. 80. 80. 80. 80. 80. 80. 80. 80. 80. 80. 80. 80. 80. 80. 80. 80. 80. 80. 80. 80. 80. 80. 80. 80. 80. 80. 80. 80. 80. 80. 80. 80. 80. 80. 80. 80. 80. 80. 80. 80. 80. 80. 80. 80. 80. 80. 80. 80. 80. 80. 80. 80. 80. 80. 80. 80. 80. 80. 80. 80. 80. 80. 80. 80. 80. 80. 80. 80. 80. 80. 80. 80. 80. 80. 80. 80. 80. 80. 80. 80. 80. 80. 80. 79. 79. 79. 79. 79. 79. 79. 78. 78. 78. 78. 78. 77. 77. 77. 76. 76. 76.
  409  80. 80. 80. 80. 80. 80. 80. 80. 80. 80. 80. 80. 80. 80. 80. 80. 80. 80. 80. 80. 80. 80. 80. 80. 80. 80. 80. 80. 80. 80. 80. 80. 80. 80. 80. 80. 80. 80. 80. 80. 80. 80. 80. 80. 80. 80. 80. 80. 80. 80. 80. 80. 80. 80. 80. 80. 80. 80. 80. 80. 80. 80. 80. 80. 80. 80. 80. 80. 80. 80. 80. 80. 80. 80. 80. 80. 80. 80. 80. 80. 80. 80. 80. 80. 80. 80. 80. 80. 80. 80. 80. 80. 80. 80. 80. 80. 80. 80. 80. 80. 80. 80. 80. 80. 80. 80. 80. 80. 80. 80. 80. 80. 80. 80. 80. 80. 80. 80. 80. 80. 80. 80. 80. 80. 80. 80. 80. 80. 80. 80. 80. 80. 80. 79. 79. 79. 79. 79. 79. 79. 78. 78. 78. 78. 78. 77. 77. 77. 76. 76. 76.
  408  80. 80. 80. 80. 80. 80. 80. 80. 80. 80. 80. 80. 80. 80. 80. 80. 80. 80. 80. 80. 80. 80. 80. 80. 80. 80. 80. 80. 80. 80. 80. 80. 80. 80. 80. 80. 80. 80. 80. 80. 80. 80. 80. 80. 80. 80. 80. 80. 80. 80. 80. 80. 80. 80. 80. 80. 80. 80. 80. 80. 80. 80. 80. 80. 80. 80. 80. 80. 80. 80. 80. 80. 80. 80. 80. 80. 80. 80. 80. 80. 80. 80. 80. 80. 80. 80. 80. 80. 80. 80. 80. 80. 80. 80. 80. 80. 80. 80. 80. 80. 80. 80. 80. 80. 80. 80. 80. 80. 80. 80. 80. 80. 80. 80. 80. 80. 80. 80. 80. 80. 80. 80. 80. 80. 80. 80. 80. 80. 80. 80. 80. 80. 79. 79. 79. 79. 79. 79. 79. 79. 78. 78. 78. 78. 78. 77. 77. 77. 77. 76. 76.
  407  80. 80. 80. 80. 80. 80. 80. 80. 80. 80. 80. 80. 80. 80. 80. 80. 80. 80. 80. 80. 80. 80. 80. 80. 80. 80. 80. 80. 80. 80. 80. 80. 80. 80. 80. 80. 80. 80. 80. 80. 80. 80. 80. 80. 80. 80. 80. 80. 80. 80. 80. 80. 80. 80. 80. 80. 80. 80. 80. 80. 80. 80. 80. 80. 80. 80. 80. 80. 80. 80. 80. 80. 80. 80. 80. 80. 80. 80. 80. 80. 80. 80. 80. 80. 80. 80. 80. 80. 80. 80. 80. 80. 80. 80. 80. 80. 80. 80. 80. 80. 80. 80. 80. 80. 80. 80. 80. 80. 80. 80. 80. 80. 80. 80. 80. 80. 80. 80. 80. 80. 80. 80. 80. 80. 80. 80. 80. 80. 80. 80. 80. 80. 79. 79. 79. 79. 79. 79. 79. 79. 78. 78. 78. 78. 78. 77. 77. 77. 77. 76. 76.
  406  80. 80. 80. 80. 80. 80. 80. 80. 80. 80. 80. 80. 80. 80. 80. 80. 80. 80. 80. 80. 80. 80. 80. 80. 80. 80. 80. 80. 80. 80. 80. 80. 80. 80. 80. 80. 80. 80. 80. 80. 80. 80. 80. 80. 80. 80. 80. 80. 80. 80. 80. 80. 80. 80. 80. 80. 80. 80. 80. 80. 80. 80. 80. 80. 80. 80. 80. 80. 80. 80. 80. 80. 80. 80. 80. 80. 80. 80. 80. 80. 80. 80. 80. 80. 80. 80. 80. 80. 80. 80. 80. 80. 80. 80. 80. 80. 80. 80. 80. 80. 80. 80. 80. 80. 80. 80. 80. 80. 80. 80. 80. 80. 80. 80. 80. 80. 80. 80. 80. 80. 80. 80. 80. 80. 80. 80. 80. 80. 80. 80. 80. 80. 79. 79. 79. 79. 79. 79. 79. 79. 78. 78. 78. 78. 78. 77. 77. 77. 77. 76. 76.
  405  80. 80. 80. 80. 80. 80. 80. 80. 80. 80. 80. 80. 80. 80. 80. 80. 80. 80. 80. 80. 80. 80. 80. 80. 80. 80. 80. 80. 80. 80. 80. 80. 80. 80. 80. 80. 80. 80. 80. 80. 80. 80. 80. 80. 80. 80. 80. 80. 80. 80. 80. 80. 80. 80. 80. 80. 80. 80. 80. 80. 80. 80. 80. 80. 80. 80. 80. 80. 80. 80. 80. 80. 80. 80. 80. 80. 80. 80. 80. 80. 80. 80. 80. 80. 80. 80. 80. 80. 80. 80. 80. 80. 80. 80. 80. 80. 80. 80. 80. 80. 80. 80. 80. 80. 80. 80. 80. 80. 80. 80. 80. 80. 80. 80. 80. 80. 80. 80. 80. 80. 80. 80. 80. 80. 80. 80. 80. 80. 80. 80. 80. 80. 79. 79. 79. 79. 79. 79. 79. 79. 78. 78. 78. 78. 78. 77. 77. 77. 77. 76. 76.
  404  80. 80. 80. 80. 80. 80. 80. 80. 80. 80. 80. 80. 80. 80. 80. 80. 80. 80. 80. 80. 80. 80. 80. 80. 80. 80. 80. 80. 80. 80. 80. 80. 80. 80. 80. 80. 80. 80. 80. 80. 80. 80. 80. 80. 80. 80. 80. 80. 80. 80. 80. 80. 80. 80. 80. 80. 80. 80. 80. 80. 80. 80. 80. 80. 80. 80. 80. 80. 80. 80. 80. 80. 80. 80. 80. 80. 80. 80. 80. 80. 80. 80. 80. 80. 80. 80. 80. 80. 80. 80. 80. 80. 80. 80. 80. 80. 80. 80. 80. 80. 80. 80. 80. 80. 80. 80. 80. 80. 80. 80. 80. 80. 80. 80. 80. 80. 80. 80. 80. 80. 80. 80. 80. 80. 80. 80. 80. 80. 80. 80. 80. 79. 79. 79. 79. 79. 79. 79. 79. 78. 78. 78. 78. 78. 78. 77. 77. 77. 77. 76. 76.
  403  80. 80. 80. 80. 80. 80. 80. 80. 80. 80. 80. 80. 80. 80. 80. 80. 80. 80. 80. 80. 80. 80. 80. 80. 80. 80. 80. 80. 80. 80. 80. 80. 80. 80. 80. 80. 80. 80. 80. 80. 80. 80. 80. 80. 80. 80. 80. 80. 80. 80. 80. 80. 80. 80. 80. 80. 80. 80. 80. 80. 80. 80. 80. 80. 80. 80. 80. 80. 80. 80. 80. 80. 80. 80. 80. 80. 80. 80. 80. 80. 80. 80. 80. 80. 80. 80. 80. 80. 80. 80. 80. 80. 80. 80. 80. 80. 80. 80. 80. 80. 80. 80. 80. 80. 80. 80. 80. 80. 80. 80. 80. 80. 80. 80. 80. 80. 80. 80. 80. 80. 80. 80. 80. 80. 80. 80. 80. 80. 80. 80. 80. 79. 79. 79. 79. 79. 79. 79. 79. 78. 78. 78. 78. 78. 78. 77. 77. 77. 77. 76. 76.
  402  80. 80. 80. 80. 80. 80. 80. 80. 80. 80. 80. 80. 80. 80. 80. 80. 80. 80. 80. 80. 80. 80. 80. 80. 80. 80. 80. 80. 80. 80. 80. 80. 80. 80. 80. 80. 80. 80. 80. 80. 80. 80. 80. 80. 80. 80. 80. 80. 80. 80. 80. 80. 80. 80. 80. 80. 80. 80. 80. 80. 80. 80. 80. 80. 80. 80. 80. 80. 80. 80. 80. 80. 80. 80. 80. 80. 80. 80. 80. 80. 80. 80. 80. 80. 80. 80. 80. 80. 80. 80. 80. 80. 80. 80. 80. 80. 80. 80. 80. 80. 80. 80. 80. 80. 80. 80. 80. 80. 80. 80. 80. 80. 80. 80. 80. 80. 80. 80. 80. 80. 80. 80. 80. 80. 80. 80. 80. 80. 80. 80. 80. 79. 79. 79. 79. 79. 79. 79. 79. 78. 78. 78. 78. 78. 78. 77. 77. 77. 77. 76. 76.
  401  80. 80. 80. 80. 80. 80. 80. 80. 80. 80. 80. 80. 80. 80. 80. 80. 80. 80. 80. 80. 80. 80. 80. 80. 80. 80. 80. 80. 80. 80. 80. 80. 80. 80. 80. 80. 80. 80. 80. 80. 80. 80. 80. 80. 80. 80. 80. 80. 80. 80. 80. 80. 80. 80. 80. 80. 80. 80. 80. 80. 80. 80. 80. 80. 80. 80. 80. 80. 80. 80. 80. 80. 80. 80. 80. 80. 80. 80. 80. 80. 80. 80. 80. 80. 80. 80. 80. 80. 80. 80. 80. 80. 80. 80. 80. 80. 80. 80. 80. 80. 80. 80. 80. 80. 80. 80. 80. 80. 80. 80. 80. 80. 80. 80. 80. 80. 80. 80. 80. 80. 80. 80. 80. 80. 80. 80. 80. 80. 80. 80. 79. 79. 79. 79. 79. 79. 79. 79. 79. 78. 78. 78. 78. 78. 78. 78. 77. 77. 77. 76. 76.
  400  80. 80. 80. 80. 80. 80. 80. 80. 80. 80. 80. 80. 80. 80. 80. 80. 80. 80. 80. 80. 80. 80. 80. 80. 80. 80. 80. 80. 80. 80. 80. 80. 80. 80. 80. 80. 80. 80. 80. 80. 80. 80. 80. 80. 80. 80. 80. 80. 80. 80. 80. 80. 80. 80. 80. 80. 80. 80. 80. 80. 80. 80. 80. 80. 80. 80. 80. 80. 80. 80. 80. 80. 80. 80. 80. 80. 80. 80. 80. 80. 80. 80. 80. 80. 80. 80. 80. 80. 80. 80. 80. 80. 80. 80. 80. 80. 80. 80. 80. 80. 80. 80. 80. 80. 80. 80. 80. 80. 80. 80. 80. 80. 80. 80. 80. 80. 80. 80. 80. 80. 80. 80. 80. 80. 80. 80. 80. 80. 80. 80. 79. 79. 79. 79. 79. 79. 79. 79. 79. 78. 78. 78. 78. 78. 78. 78. 77. 77. 77. 77. 76.
  399  80. 80. 80. 80. 80. 80. 80. 80. 80. 80. 80. 80. 80. 80. 80. 80. 80. 80. 80. 80. 80. 80. 80. 80. 80. 80. 80. 80. 80. 80. 80. 80. 80. 80. 80. 80. 80. 80. 80. 80. 80. 80. 80. 80. 80. 80. 80. 80. 80. 80. 80. 80. 80. 80. 80. 80. 80. 80. 80. 80. 80. 80. 80. 80. 80. 80. 80. 80. 80. 80. 80. 80. 80. 80. 80. 80. 80. 80. 80. 80. 80. 80. 80. 80. 80. 80. 80. 80. 80. 80. 80. 80. 80. 80. 80. 80. 80. 80. 80. 80. 80. 80. 80. 80. 80. 80. 80. 80. 80. 80. 80. 80. 80. 80. 80. 80. 80. 80. 80. 80. 80. 80. 80. 80. 80. 80. 80. 80. 80. 80. 79. 79. 79. 79. 79. 79. 79. 79. 79. 78. 78. 78. 78. 78. 78. 78. 77. 77. 77. 77. 76.
  398  80. 80. 80. 80. 80. 80. 80. 80. 80. 80. 80. 80. 80. 80. 80. 80. 80. 80. 80. 80. 80. 80. 80. 80. 80. 80. 80. 80. 80. 80. 80. 80. 80. 80. 80. 80. 80. 80. 80. 80. 80. 80. 80. 80. 80. 80. 80. 80. 80. 80. 80. 80. 80. 80. 80. 80. 80. 80. 80. 80. 80. 80. 80. 80. 80. 80. 80. 80. 80. 80. 80. 80. 80. 80. 80. 80. 80. 80. 80. 80. 80. 80. 80. 80. 80. 80. 80. 80. 80. 80. 80. 80. 80. 80. 80. 80. 80. 80. 80. 80. 80. 80. 80. 80. 80. 80. 80. 80. 80. 80. 80. 80. 80. 80. 80. 80. 80. 80. 80. 80. 80. 80. 80. 80. 80. 80. 80. 80. 80. 79. 79. 79. 79. 79. 79. 79. 79. 79. 79. 78. 78. 78. 78. 78. 78. 78. 77. 77. 77. 77. 77.
  397  80. 80. 80. 80. 80. 80. 80. 80. 80. 80. 80. 80. 80. 80. 80. 80. 80. 80. 80. 80. 80. 80. 80. 80. 80. 80. 80. 80. 80. 80. 80. 80. 80. 80. 80. 80. 80. 80. 80. 80. 80. 80. 80. 80. 80. 80. 80. 80. 80. 80. 80. 80. 80. 80. 80. 80. 80. 80. 80. 80. 80. 80. 80. 80. 80. 80. 80. 80. 80. 80. 80. 80. 80. 80. 80. 80. 80. 80. 80. 80. 80. 80. 80. 80. 80. 80. 80. 80. 80. 80. 80. 80. 80. 80. 80. 80. 80. 80. 80. 80. 80. 80. 80. 80. 80. 80. 80. 80. 80. 80. 80. 80. 80. 80. 80. 80. 80. 80. 80. 80. 80. 80. 80. 80. 80. 80. 80. 80. 80. 79. 79. 79. 79. 79. 79. 79. 79. 79. 79. 78. 78. 78. 78. 78. 78. 78. 77. 77. 77. 77. 77.
  396  80. 80. 80. 80. 80. 80. 80. 80. 80. 80. 80. 80. 80. 80. 80. 80. 80. 80. 80. 80. 80. 80. 80. 80. 80. 80. 80. 80. 80. 80. 80. 80. 80. 80. 80. 80. 80. 80. 80. 80. 80. 80. 80. 80. 80. 80. 80. 80. 80. 80. 80. 80. 80. 80. 80. 80. 80. 80. 80. 80. 80. 80. 80. 80. 80. 80. 80. 80. 80. 80. 80. 80. 80. 80. 80. 80. 80. 80. 80. 80. 80. 80. 80. 80. 80. 80. 80. 80. 80. 80. 80. 80. 80. 80. 80. 80. 80. 80. 80. 80. 80. 80. 80. 80. 80. 80. 80. 80. 80. 80. 80. 80. 80. 80. 80. 80. 80. 80. 80. 80. 80. 80. 80. 80. 80. 80. 80. 80. 80. 79. 79. 79. 79. 79. 79. 79. 79. 79. 79. 78. 78. 78. 78. 78. 78. 78. 77. 77. 77. 77. 77.
  395  80. 80. 80. 80. 80. 80. 80. 80. 80. 80. 80. 80. 80. 80. 80. 80. 80. 80. 80. 80. 80. 80. 80. 80. 80. 80. 80. 80. 80. 80. 80. 80. 80. 80. 80. 80. 80. 80. 80. 80. 80. 80. 80. 80. 80. 80. 80. 80. 80. 80. 80. 80. 80. 80. 80. 80. 80. 80. 80. 80. 80. 80. 80. 80. 80. 80. 80. 80. 80. 80. 80. 80. 80. 80. 80. 80. 80. 80. 80. 80. 80. 80. 80. 80. 80. 80. 80. 80. 80. 80. 80. 80. 80. 80. 80. 80. 80. 80. 80. 80. 80. 80. 80. 80. 80. 80. 80. 80. 80. 80. 80. 80. 80. 80. 80. 80. 80. 80. 80. 80. 80. 80. 80. 80. 80. 80. 80. 80. 79. 79. 79. 79. 79. 79. 79. 79. 79. 79. 79. 78. 78. 78. 78. 78. 78. 78. 77. 77. 77. 77. 77.
  394  80. 80. 80. 80. 80. 80. 80. 80. 80. 80. 80. 80. 80. 80. 80. 80. 80. 80. 80. 80. 80. 80. 80. 80. 80. 80. 80. 80. 80. 80. 80. 80. 80. 80. 80. 80. 80. 80. 80. 80. 80. 80. 80. 80. 80. 80. 80. 80. 80. 80. 80. 80. 80. 80. 80. 80. 80. 80. 80. 80. 80. 80. 80. 80. 80. 80. 80. 80. 80. 80. 80. 80. 80. 80. 80. 80. 80. 80. 80. 80. 80. 80. 80. 80. 80. 80. 80. 80. 80. 80. 80. 80. 80. 80. 80. 80. 80. 80. 80. 80. 80. 80. 80. 80. 80. 80. 80. 80. 80. 80. 80. 80. 80. 80. 80. 80. 80. 80. 80. 80. 80. 80. 80. 80. 80. 80. 80. 80. 79. 79. 79. 79. 79. 79. 79. 79. 79. 79. 79. 78. 78. 78. 78. 78. 78. 78. 77. 77. 77. 77. 77.
  393  80. 80. 80. 80. 80. 80. 80. 80. 80. 80. 80. 80. 80. 80. 80. 80. 80. 80. 80. 80. 80. 80. 80. 80. 80. 80. 80. 80. 80. 80. 80. 80. 80. 80. 80. 80. 80. 80. 80. 80. 80. 80. 80. 80. 80. 80. 80. 80. 80. 80. 80. 80. 80. 80. 80. 80. 80. 80. 80. 80. 80. 80. 80. 80. 80. 80. 80. 80. 80. 80. 80. 80. 80. 80. 80. 80. 80. 80. 80. 80. 80. 80. 80. 80. 80. 80. 80. 80. 80. 80. 80. 80. 80. 80. 80. 80. 80. 80. 80. 80. 80. 80. 80. 80. 80. 80. 80. 80. 80. 80. 80. 80. 80. 80. 80. 80. 80. 80. 80. 80. 80. 80. 80. 80. 80. 80. 80. 80. 79. 79. 79. 79. 79. 79. 79. 79. 79. 79. 79. 78. 78. 78. 78. 78. 78. 78. 77. 77. 77. 77. 77.
  392  80. 80. 80. 80. 80. 80. 80. 80. 80. 80. 80. 80. 80. 80. 80. 80. 80. 80. 80. 80. 80. 80. 80. 80. 80. 80. 80. 80. 80. 80. 80. 80. 80. 80. 80. 80. 80. 80. 80. 80. 80. 80. 80. 80. 80. 80. 80. 80. 80. 80. 80. 80. 80. 80. 80. 80. 80. 80. 80. 80. 80. 80. 80. 80. 80. 80. 80. 80. 80. 80. 80. 80. 80. 80. 80. 80. 80. 80. 80. 80. 80. 80. 80. 80. 80. 80. 80. 80. 80. 80. 80. 80. 80. 80. 80. 80. 80. 80. 80. 80. 80. 80. 80. 80. 80. 80. 80. 80. 80. 80. 80. 80. 80. 80. 80. 80. 80. 80. 80. 80. 80. 80. 80. 80. 80. 80. 80. 80. 79. 79. 79. 79. 79. 79. 79. 79. 79. 79. 79. 78. 78. 78. 78. 78. 78. 78. 78. 77. 77. 77. 77.
  391  80. 80. 80. 80. 80. 80. 80. 80. 80. 80. 80. 80. 80. 80. 80. 80. 80. 80. 80. 80. 80. 80. 80. 80. 80. 80. 80. 80. 80. 80. 80. 80. 80. 80. 80. 80. 80. 80. 80. 80. 80. 80. 80. 80. 80. 80. 80. 80. 80. 80. 80. 80. 80. 80. 80. 80. 80. 80. 80. 80. 80. 80. 80. 80. 80. 80. 80. 80. 80. 80. 80. 80. 80. 80. 80. 80. 80. 80. 80. 80. 80. 80. 80. 80. 80. 80. 80. 80. 80. 80. 80. 80. 80. 80. 80. 80. 80. 80. 80. 80. 80. 80. 80. 80. 80. 80. 80. 80. 80. 80. 80. 80. 80. 80. 80. 80. 80. 80. 80. 80. 80. 80. 80. 80. 80. 80. 80. 79. 79. 79. 79. 79. 79. 79. 79. 79. 79. 79. 78. 78. 78. 78. 78. 78. 78. 78. 78. 77. 77. 77. 77.
  390  80. 80. 80. 80. 80. 80. 80. 80. 80. 80. 80. 80. 80. 80. 80. 80. 80. 80. 80. 80. 80. 80. 80. 80. 80. 80. 80. 80. 80. 80. 80. 80. 80. 80. 80. 80. 80. 80. 80. 80. 80. 80. 80. 80. 80. 80. 80. 80. 80. 80. 80. 80. 80. 80. 80. 80. 80. 80. 80. 80. 80. 80. 80. 80. 80. 80. 80. 80. 80. 80. 80. 80. 80. 80. 80. 80. 80. 80. 80. 80. 80. 80. 80. 80. 80. 80. 80. 80. 80. 80. 80. 80. 80. 80. 80. 80. 80. 80. 80. 80. 80. 80. 80. 80. 80. 80. 80. 80. 80. 80. 80. 80. 80. 80. 80. 80. 80. 80. 80. 80. 80. 80. 80. 80. 80. 80. 80. 79. 79. 79. 79. 79. 79. 79. 79. 79. 79. 79. 78. 78. 78. 78. 78. 78. 78. 78. 78. 77. 77. 77. 77.
  389  80. 80. 80. 80. 80. 80. 80. 80. 80. 80. 80. 80. 80. 80. 80. 80. 80. 80. 80. 80. 80. 80. 80. 80. 80. 80. 80. 80. 80. 80. 80. 80. 80. 80. 80. 80. 80. 80. 80. 80. 80. 80. 80. 80. 80. 80. 80. 80. 80. 80. 80. 80. 80. 80. 80. 80. 80. 80. 80. 80. 80. 80. 80. 80. 80. 80. 80. 80. 80. 80. 80. 80. 80. 80. 80. 80. 80. 80. 80. 80. 80. 80. 80. 80. 80. 80. 80. 80. 80. 80. 80. 80. 80. 80. 80. 80. 80. 80. 80. 80. 80. 80. 80. 80. 80. 80. 80. 80. 80. 80. 80. 80. 80. 80. 80. 80. 80. 80. 80. 80. 80. 80. 80. 80. 80. 80. 80. 79. 79. 79. 79. 79. 79. 79. 79. 79. 79. 79. 78. 78. 78. 78. 78. 78. 78. 78. 78. 77. 77. 77. 77.
  388  80. 80. 80. 80. 80. 80. 80. 80. 80. 80. 80. 80. 80. 80. 80. 80. 80. 80. 80. 80. 80. 80. 80. 80. 80. 80. 80. 80. 80. 80. 80. 80. 80. 80. 80. 80. 80. 80. 80. 80. 80. 80. 80. 80. 80. 80. 80. 80. 80. 80. 80. 80. 80. 80. 80. 80. 80. 80. 80. 80. 80. 80. 80. 80. 80. 80. 80. 80. 80. 80. 80. 80. 80. 80. 80. 80. 80. 80. 80. 80. 80. 80. 80. 80. 80. 80. 80. 80. 80. 80. 80. 80. 80. 80. 80. 80. 80. 80. 80. 80. 80. 80. 80. 80. 80. 80. 80. 80. 80. 80. 80. 80. 80. 80. 80. 80. 80. 80. 80. 80. 80. 80. 80. 80. 80. 80. 79. 79. 79. 79. 79. 79. 79. 79. 79. 79. 79. 79. 78. 78. 78. 78. 78. 78. 78. 78. 78. 77. 77. 77. 77.
  387  80. 80. 80. 80. 80. 80. 80. 80. 80. 80. 80. 80. 80. 80. 80. 80. 80. 80. 80. 80. 80. 80. 80. 80. 80. 80. 80. 80. 80. 80. 80. 80. 80. 80. 80. 80. 80. 80. 80. 80. 80. 80. 80. 80. 80. 80. 80. 80. 80. 80. 80. 80. 80. 80. 80. 80. 80. 80. 80. 80. 80. 80. 80. 80. 80. 80. 80. 80. 80. 80. 80. 80. 80. 80. 80. 80. 80. 80. 80. 80. 80. 80. 80. 80. 80. 80. 80. 80. 80. 80. 80. 80. 80. 80. 80. 80. 80. 80. 80. 80. 80. 80. 80. 80. 80. 80. 80. 80. 80. 80. 80. 80. 80. 80. 80. 80. 80. 80. 80. 80. 80. 80. 80. 80. 80. 80. 79. 79. 79. 79. 79. 79. 79. 79. 79. 79. 79. 79. 78. 78. 78. 78. 78. 78. 78. 78. 78. 77. 77. 77. 77.
  386  80. 80. 80. 80. 80. 80. 80. 80. 80. 80. 80. 80. 80. 80. 80. 80. 80. 80. 80. 80. 80. 80. 80. 80. 80. 80. 80. 80. 80. 80. 80. 80. 80. 80. 80. 80. 80. 80. 80. 80. 80. 80. 80. 80. 80. 80. 80. 80. 80. 80. 80. 80. 80. 80. 80. 80. 80. 80. 80. 80. 80. 80. 80. 80. 80. 80. 80. 80. 80. 80. 80. 80. 80. 80. 80. 80. 80. 80. 80. 80. 80. 80. 80. 80. 80. 80. 80. 80. 80. 80. 80. 80. 80. 80. 80. 80. 80. 80. 80. 80. 80. 80. 80. 80. 80. 80. 80. 80. 80. 80. 80. 80. 80. 80. 80. 80. 80. 80. 80. 80. 80. 80. 80. 80. 80. 80. 79. 79. 79. 79. 79. 79. 79. 79. 79. 79. 79. 79. 78. 78. 78. 78. 78. 78. 78. 78. 78. 77. 77. 77. 77.
  385  80. 80. 80. 80. 80. 80. 80. 80. 80. 80. 80. 80. 80. 80. 80. 80. 80. 80. 80. 80. 80. 80. 80. 80. 80. 80. 80. 80. 80. 80. 80. 80. 80. 80. 80. 80. 80. 80. 80. 80. 80. 80. 80. 80. 80. 80. 80. 80. 80. 80. 80. 80. 80. 80. 80. 80. 80. 80. 80. 80. 80. 80. 80. 80. 80. 80. 80. 80. 80. 80. 80. 80. 80. 80. 80. 80. 80. 80. 80. 80. 80. 80. 80. 80. 80. 80. 80. 80. 80. 80. 80. 80. 80. 80. 80. 80. 80. 80. 80. 80. 80. 80. 80. 80. 80. 80. 80. 80. 80. 80. 80. 80. 80. 80. 80. 80. 80. 80. 80. 80. 80. 80. 80. 80. 80. 79. 79. 79. 79. 79. 79. 79. 79. 79. 79. 79. 79. 79. 78. 78. 78. 78. 78. 78. 78. 78. 78. 77. 77. 77. 77.
  384  80. 80. 80. 80. 80. 80. 80. 80. 80. 80. 80. 80. 80. 80. 80. 80. 80. 80. 80. 80. 80. 80. 80. 80. 80. 80. 80. 80. 80. 80. 80. 80. 80. 80. 80. 80. 80. 80. 80. 80. 80. 80. 80. 80. 80. 80. 80. 80. 80. 80. 80. 80. 80. 80. 80. 80. 80. 80. 80. 80. 80. 80. 80. 80. 80. 80. 80. 80. 80. 80. 80. 80. 80. 80. 80. 80. 80. 80. 80. 80. 80. 80. 80. 80. 80. 80. 80. 80. 80. 80. 80. 80. 80. 80. 80. 80. 80. 80. 80. 80. 80. 80. 80. 80. 80. 80. 80. 80. 80. 80. 80. 80. 80. 80. 80. 80. 80. 80. 80. 80. 80. 80. 80. 80. 80. 79. 79. 79. 79. 79. 79. 79. 79. 79. 79. 79. 79. 79. 78. 78. 78. 78. 78. 78. 78. 78. 78. 77. 77. 77. 77.
  383  80. 80. 80. 80. 80. 80. 80. 80. 80. 80. 80. 80. 80. 80. 80. 80. 80. 80. 80. 80. 80. 80. 80. 80. 80. 80. 80. 80. 80. 80. 80. 80. 80. 80. 80. 80. 80. 80. 80. 80. 80. 80. 80. 80. 80. 80. 80. 80. 80. 80. 80. 80. 80. 80. 80. 80. 80. 80. 80. 80. 80. 80. 80. 80. 80. 80. 80. 80. 80. 80. 80. 80. 80. 80. 80. 80. 80. 80. 80. 80. 80. 80. 80. 80. 80. 80. 80. 80. 80. 80. 80. 80. 80. 80. 80. 80. 80. 80. 80. 80. 80. 80. 80. 80. 80. 80. 80. 80. 80. 80. 80. 80. 80. 80. 80. 80. 80. 80. 80. 80. 80. 80. 80. 80. 80. 79. 79. 79. 79. 79. 79. 79. 79. 79. 79. 79. 79. 79. 78. 78. 78. 78. 78. 78. 78. 78. 78. 77. 77. 77. 77.
  382  80. 80. 80. 80. 80. 80. 80. 80. 80. 80. 80. 80. 80. 80. 80. 80. 80. 80. 80. 80. 80. 80. 80. 80. 80. 80. 80. 80. 80. 80. 80. 80. 80. 80. 80. 80. 80. 80. 80. 80. 80. 80. 80. 80. 80. 80. 80. 80. 80. 80. 80. 80. 80. 80. 80. 80. 80. 80. 80. 80. 80. 80. 80. 80. 80. 80. 80. 80. 80. 80. 80. 80. 80. 80. 80. 80. 80. 80. 80. 80. 80. 80. 80. 80. 80. 80. 80. 80. 80. 80. 80. 80. 80. 80. 80. 80. 80. 80. 80. 80. 80. 80. 80. 80. 80. 80. 80. 80. 80. 80. 80. 80. 80. 80. 80. 80. 80. 80. 80. 80. 80. 80. 80. 80. 80. 79. 79. 79. 79. 79. 79. 79. 79. 79. 79. 79. 79. 79. 78. 78. 78. 78. 78. 78. 78. 78. 78. 77. 77. 77. 77.
  381  80. 80. 80. 80. 80. 80. 80. 80. 80. 80. 80. 80. 80. 80. 80. 80. 80. 80. 80. 80. 80. 80. 80. 80. 80. 80. 80. 80. 80. 80. 80. 80. 80. 80. 80. 80. 80. 80. 80. 80. 80. 80. 80. 80. 80. 80. 80. 80. 80. 80. 80. 80. 80. 80. 80. 80. 80. 80. 80. 80. 80. 80. 80. 80. 80. 80. 80. 80. 80. 80. 80. 80. 80. 80. 80. 80. 80. 80. 80. 80. 80. 80. 80. 80. 80. 80. 80. 80. 80. 80. 80. 80. 80. 80. 80. 80. 80. 80. 80. 80. 80. 80. 80. 80. 80. 80. 80. 80. 80. 80. 80. 80. 80. 80. 80. 80. 80. 80. 80. 80. 80. 80. 80. 80. 79. 79. 79. 79. 79. 79. 79. 79. 79. 79. 79. 79. 79. 79. 78. 78. 78. 78. 78. 78. 78. 78. 78. 77. 77. 78. 77.
  380  80. 80. 80. 80. 80. 80. 80. 80. 80. 80. 80. 80. 80. 80. 80. 80. 80. 80. 80. 80. 80. 80. 80. 80. 80. 80. 80. 80. 80. 80. 80. 80. 80. 80. 80. 80. 80. 80. 80. 80. 80. 80. 80. 80. 80. 80. 80. 80. 80. 80. 80. 80. 80. 80. 80. 80. 80. 80. 80. 80. 80. 80. 80. 80. 80. 80. 80. 80. 80. 80. 80. 80. 80. 80. 80. 80. 80. 80. 80. 80. 80. 80. 80. 80. 80. 80. 80. 80. 80. 80. 80. 80. 80. 80. 80. 80. 80. 80. 80. 80. 80. 80. 80. 80. 80. 80. 80. 80. 80. 80. 80. 80. 80. 80. 80. 80. 80. 80. 80. 80. 80. 80. 80. 80. 79. 79. 79. 79. 79. 79. 79. 79. 79. 79. 79. 79. 79. 79. 78. 78. 78. 78. 78. 78. 78. 78. 78. 78. 77. 78. 78.
  379  80. 80. 80. 80. 80. 80. 80. 80. 80. 80. 80. 80. 80. 80. 80. 80. 80. 80. 80. 80. 80. 80. 80. 80. 80. 80. 80. 80. 80. 80. 80. 80. 80. 80. 80. 80. 80. 80. 80. 80. 80. 80. 80. 80. 80. 80. 80. 80. 80. 80. 80. 80. 80. 80. 80. 80. 80. 80. 80. 80. 80. 80. 80. 80. 80. 80. 80. 80. 80. 80. 80. 80. 80. 80. 80. 80. 80. 80. 80. 80. 80. 80. 80. 80. 80. 80. 80. 80. 80. 80. 80. 80. 80. 80. 80. 80. 80. 80. 80. 80. 80. 80. 80. 80. 80. 80. 80. 80. 80. 80. 80. 80. 80. 80. 80. 80. 80. 80. 80. 80. 80. 80. 80. 80. 79. 79. 79. 79. 79. 79. 79. 79. 79. 79. 79. 79. 79. 79. 78. 78. 78. 78. 78. 78. 78. 78. 78. 78. 78. 78. 78.
  378  80. 80. 80. 80. 80. 80. 80. 80. 80. 80. 80. 80. 80. 80. 80. 80. 80. 80. 80. 80. 80. 80. 80. 80. 80. 80. 80. 80. 80. 80. 80. 80. 80. 80. 80. 80. 80. 80. 80. 80. 80. 80. 80. 80. 80. 80. 80. 80. 80. 80. 80. 80. 80. 80. 80. 80. 80. 80. 80. 80. 80. 80. 80. 80. 80. 80. 80. 80. 80. 80. 80. 80. 80. 80. 80. 80. 80. 80. 80. 80. 80. 80. 80. 80. 80. 80. 80. 80. 80. 80. 80. 80. 80. 80. 80. 80. 80. 80. 80. 80. 80. 80. 80. 80. 80. 80. 80. 80. 80. 80. 80. 80. 80. 80. 80. 80. 80. 80. 80. 80. 80. 80. 80. 80. 79. 79. 79. 79. 79. 79. 79. 79. 79. 79. 79. 79. 79. 79. 78. 78. 78. 78. 78. 78. 78. 78. 78. 78. 78. 78. 78.
  377  80. 80. 80. 80. 80. 80. 80. 80. 80. 80. 80. 80. 80. 80. 80. 80. 80. 80. 80. 80. 80. 80. 80. 80. 80. 80. 80. 80. 80. 80. 80. 80. 80. 80. 80. 80. 80. 80. 80. 80. 80. 80. 80. 80. 80. 80. 80. 80. 80. 80. 80. 80. 80. 80. 80. 80. 80. 80. 80. 80. 80. 80. 80. 80. 80. 80. 80. 80. 80. 80. 80. 80. 80. 80. 80. 80. 80. 80. 80. 80. 80. 80. 80. 80. 80. 80. 80. 80. 80. 80. 80. 80. 80. 80. 80. 80. 80. 80. 80. 80. 80. 80. 80. 80. 80. 80. 80. 80. 80. 80. 80. 80. 80. 80. 80. 80. 80. 80. 80. 80. 80. 80. 80. 79. 79. 79. 79. 79. 79. 79. 79. 79. 79. 79. 79. 79. 79. 79. 78. 78. 78. 78. 78. 78. 78. 78. 78. 78. 78. 78. 78.
  376  80. 80. 80. 80. 80. 80. 80. 80. 80. 80. 80. 80. 80. 80. 80. 80. 80. 80. 80. 80. 80. 80. 80. 80. 80. 80. 80. 80. 80. 80. 80. 80. 80. 80. 80. 80. 80. 80. 80. 80. 80. 80. 80. 80. 80. 80. 80. 80. 80. 80. 80. 80. 80. 80. 80. 80. 80. 80. 80. 80. 80. 80. 80. 80. 80. 80. 80. 80. 80. 80. 80. 80. 80. 80. 80. 80. 80. 80. 80. 80. 80. 80. 80. 80. 80. 80. 80. 80. 80. 80. 80. 80. 80. 80. 80. 80. 80. 80. 80. 80. 80. 80. 80. 80. 80. 80. 80. 80. 80. 80. 80. 80. 80. 80. 80. 80. 80. 80. 80. 80. 80. 80. 80. 79. 79. 79. 79. 79. 79. 79. 79. 79. 79. 79. 79. 79. 79. 79. 79. 78. 78. 78. 78. 78. 78. 78. 78. 78. 78. 78. 78.
  375  80. 80. 80. 80. 80. 80. 80. 80. 80. 80. 80. 80. 80. 80. 80. 80. 80. 80. 80. 80. 80. 80. 80. 80. 80. 80. 80. 80. 80. 80. 80. 80. 80. 80. 80. 80. 80. 80. 80. 80. 80. 80. 80. 80. 80. 80. 80. 80. 80. 80. 80. 80. 80. 80. 80. 80. 80. 80. 80. 80. 80. 80. 80. 80. 80. 80. 80. 80. 80. 80. 80. 80. 80. 80. 80. 80. 80. 80. 80. 80. 80. 80. 80. 80. 80. 80. 80. 80. 80. 80. 80. 80. 80. 80. 80. 80. 80. 80. 80. 80. 80. 80. 80. 80. 80. 80. 80. 80. 80. 80. 80. 80. 80. 80. 80. 80. 80. 80. 80. 80. 80. 80. 80. 79. 79. 79. 79. 79. 79. 79. 79. 79. 79. 79. 79. 79. 79. 79. 79. 78. 78. 78. 78. 78. 78. 78. 78. 78. 78. 78. 78.
  374  80. 80. 80. 80. 80. 80. 80. 80. 80. 80. 80. 80. 80. 80. 80. 80. 80. 80. 80. 80. 80. 80. 80. 80. 80. 80. 80. 80. 80. 80. 80. 80. 80. 80. 80. 80. 80. 80. 80. 80. 80. 80. 80. 80. 80. 80. 80. 80. 80. 80. 80. 80. 80. 80. 80. 80. 80. 80. 80. 80. 80. 80. 80. 80. 80. 80. 80. 80. 80. 80. 80. 80. 80. 80. 80. 80. 80. 80. 80. 80. 80. 80. 80. 80. 80. 80. 80. 80. 80. 80. 80. 80. 80. 80. 80. 80. 80. 80. 80. 80. 80. 80. 80. 80. 80. 80. 80. 80. 80. 80. 80. 80. 80. 80. 80. 80. 80. 80. 80. 80. 80. 80. 79. 79. 79. 79. 79. 79. 79. 79. 79. 79. 79. 79. 79. 79. 79. 79. 79. 78. 78. 78. 78. 78. 78. 78. 78. 78. 78. 78. 78.
  373  80. 80. 80. 80. 80. 80. 80. 80. 80. 80. 80. 80. 80. 80. 80. 80. 80. 80. 80. 80. 80. 80. 80. 80. 80. 80. 80. 80. 80. 80. 80. 80. 80. 80. 80. 80. 80. 80. 80. 80. 80. 80. 80. 80. 80. 80. 80. 80. 80. 80. 80. 80. 80. 80. 80. 80. 80. 80. 80. 80. 80. 80. 80. 80. 80. 80. 80. 80. 80. 80. 80. 80. 80. 80. 80. 80. 80. 80. 80. 80. 80. 80. 80. 80. 80. 80. 80. 80. 80. 80. 80. 80. 80. 80. 80. 80. 80. 80. 80. 80. 80. 80. 80. 80. 80. 80. 80. 80. 80. 80. 80. 80. 80. 80. 80. 80. 80. 80. 80. 80. 80. 80. 79. 79. 79. 79. 79. 79. 79. 79. 79. 79. 79. 79. 79. 79. 79. 79. 79. 78. 78. 78. 78. 78. 78. 78. 78. 78. 78. 78. 78.
  372  80. 80. 80. 80. 80. 80. 80. 80. 80. 80. 80. 80. 80. 80. 80. 80. 80. 80. 80. 80. 80. 80. 80. 80. 80. 80. 80. 80. 80. 80. 80. 80. 80. 80. 80. 80. 80. 80. 80. 80. 80. 80. 80. 80. 80. 80. 80. 80. 80. 80. 80. 80. 80. 80. 80. 80. 80. 80. 80. 80. 80. 80. 80. 80. 80. 80. 80. 80. 80. 80. 80. 80. 80. 80. 80. 80. 80. 80. 80. 80. 80. 80. 80. 80. 80. 80. 80. 80. 80. 80. 80. 80. 80. 80. 80. 80. 80. 80. 80. 80. 80. 80. 80. 80. 80. 80. 80. 80. 80. 80. 80. 80. 80. 80. 80. 80. 80. 80. 80. 80. 80. 80. 79. 79. 79. 79. 79. 79. 79. 79. 79. 79. 79. 79. 79. 79. 79. 79. 79. 78. 78. 78. 78. 78. 78. 78. 78. 78. 78. 78. 78.
  371  80. 80. 80. 80. 80. 80. 80. 80. 80. 80. 80. 80. 80. 80. 80. 80. 80. 80. 80. 80. 80. 80. 80. 80. 80. 80. 80. 80. 80. 80. 80. 80. 80. 80. 80. 80. 80. 80. 80. 80. 80. 80. 80. 80. 80. 80. 80. 80. 80. 80. 80. 80. 80. 80. 80. 80. 80. 80. 80. 80. 80. 80. 80. 80. 80. 80. 80. 80. 80. 80. 80. 80. 80. 80. 80. 80. 80. 80. 80. 80. 80. 80. 80. 80. 80. 80. 80. 80. 80. 80. 80. 80. 80. 80. 80. 80. 80. 80. 80. 80. 80. 80. 80. 80. 80. 80. 80. 80. 80. 80. 80. 80. 80. 80. 80. 80. 80. 80. 80. 80. 80. 80. 79. 79. 79. 79. 79. 79. 79. 79. 79. 79. 79. 79. 79. 79. 79. 79. 79. 78. 78. 78. 78. 78. 78. 78. 78. 78. 78. 78. 78.
  370  80. 80. 80. 80. 80. 80. 80. 80. 80. 80. 80. 80. 80. 80. 80. 80. 80. 80. 80. 80. 80. 80. 80. 80. 80. 80. 80. 80. 80. 80. 80. 80. 80. 80. 80. 80. 80. 80. 80. 80. 80. 80. 80. 80. 80. 80. 80. 80. 80. 80. 80. 80. 80. 80. 80. 80. 80. 80. 80. 80. 80. 80. 80. 80. 80. 80. 80. 80. 80. 80. 80. 80. 80. 80. 80. 80. 80. 80. 80. 80. 80. 80. 80. 80. 80. 80. 80. 80. 80. 80. 80. 80. 80. 80. 80. 80. 80. 80. 80. 80. 80. 80. 80. 80. 80. 80. 80. 80. 80. 80. 80. 80. 80. 80. 80. 80. 80. 80. 80. 80. 80. 79. 79. 79. 79. 79. 79. 79. 79. 79. 79. 79. 79. 79. 79. 79. 79. 79. 79. 78. 78. 78. 78. 78. 78. 78. 78. 78. 78. 78. 78.
  369  80. 80. 80. 80. 80. 80. 80. 80. 80. 80. 80. 80. 80. 80. 80. 80. 80. 80. 80. 80. 80. 80. 80. 80. 80. 80. 80. 80. 80. 80. 80. 80. 80. 80. 80. 80. 80. 80. 80. 80. 80. 80. 80. 80. 80. 80. 80. 80. 80. 80. 80. 80. 80. 80. 80. 80. 80. 80. 80. 80. 80. 80. 80. 80. 80. 80. 80. 80. 80. 80. 80. 80. 80. 80. 80. 80. 80. 80. 80. 80. 80. 80. 80. 80. 80. 80. 80. 80. 80. 80. 80. 80. 80. 80. 80. 80. 80. 80. 80. 80. 80. 80. 80. 80. 80. 80. 80. 80. 80. 80. 80. 80. 80. 80. 80. 80. 80. 80. 80. 80. 80. 79. 79. 79. 79. 79. 79. 79. 79. 79. 79. 79. 79. 79. 79. 79. 79. 79. 79. 78. 78. 78. 78. 78. 78. 78. 78. 78. 78. 78. 78.
  368  80. 80. 80. 80. 80. 80. 80. 80. 80. 80. 80. 80. 80. 80. 80. 80. 80. 80. 80. 80. 80. 80. 80. 80. 80. 80. 80. 80. 80. 80. 80. 80. 80. 80. 80. 80. 80. 80. 80. 80. 80. 80. 80. 80. 80. 80. 80. 80. 80. 80. 80. 80. 80. 80. 80. 80. 80. 80. 80. 80. 80. 80. 80. 80. 80. 80. 80. 80. 80. 80. 80. 80. 80. 80. 80. 80. 80. 80. 80. 80. 80. 80. 80. 80. 80. 80. 80. 80. 80. 80. 80. 80. 80. 80. 80. 80. 80. 80. 80. 80. 80. 80. 80. 80. 80. 80. 80. 80. 80. 80. 80. 80. 80. 80. 80. 80. 80. 80. 80. 80. 80. 79. 79. 79. 79. 79. 79. 79. 79. 79. 79. 79. 79. 79. 79. 79. 79. 79. 79. 78. 78. 78. 78. 78. 78. 78. 78. 78. 78. 78. 78.
  367  80. 80. 80. 80. 80. 80. 80. 80. 80. 80. 80. 80. 80. 80. 80. 80. 80. 80. 80. 80. 80. 80. 80. 80. 80. 80. 80. 80. 80. 80. 80. 80. 80. 80. 80. 80. 80. 80. 80. 80. 80. 80. 80. 80. 80. 80. 80. 80. 80. 80. 80. 80. 80. 80. 80. 80. 80. 80. 80. 80. 80. 80. 80. 80. 80. 80. 80. 80. 80. 80. 80. 80. 80. 80. 80. 80. 80. 80. 80. 80. 80. 80. 80. 80. 80. 80. 80. 80. 80. 80. 80. 80. 80. 80. 80. 80. 80. 80. 80. 80. 80. 80. 80. 80. 80. 80. 80. 80. 80. 80. 80. 80. 80. 80. 80. 80. 80. 80. 80. 80. 80. 79. 79. 79. 79. 79. 79. 79. 79. 79. 79. 79. 79. 79. 79. 79. 79. 79. 79. 78. 78. 78. 78. 78. 78. 78. 78. 78. 78. 78. 78.
  366  80. 80. 80. 80. 80. 80. 80. 80. 80. 80. 80. 80. 80. 80. 80. 80. 80. 80. 80. 80. 80. 80. 80. 80. 80. 80. 80. 80. 80. 80. 80. 80. 80. 80. 80. 80. 80. 80. 80. 80. 80. 80. 80. 80. 80. 80. 80. 80. 80. 80. 80. 80. 80. 80. 80. 80. 80. 80. 80. 80. 80. 80. 80. 80. 80. 80. 80. 80. 80. 80. 80. 80. 80. 80. 80. 80. 80. 80. 80. 80. 80. 80. 80. 80. 80. 80. 80. 80. 80. 80. 80. 80. 80. 80. 80. 80. 80. 80. 80. 80. 80. 80. 80. 80. 80. 80. 80. 80. 80. 80. 80. 80. 80. 80. 80. 80. 80. 80. 80. 80. 79. 79. 79. 79. 79. 79. 79. 79. 79. 79. 79. 79. 79. 79. 79. 79. 79. 79. 79. 78. 78. 78. 78. 78. 78. 78. 78. 78. 78. 78. 78.
  365  80. 80. 80. 80. 80. 80. 80. 80. 80. 80. 80. 80. 80. 80. 80. 80. 80. 80. 80. 80. 80. 80. 80. 80. 80. 80. 80. 80. 80. 80. 80. 80. 80. 80. 80. 80. 80. 80. 80. 80. 80. 80. 80. 80. 80. 80. 80. 80. 80. 80. 80. 80. 80. 80. 80. 80. 80. 80. 80. 80. 80. 80. 80. 80. 80. 80. 80. 80. 80. 80. 80. 80. 80. 80. 80. 80. 80. 80. 80. 80. 80. 80. 80. 80. 80. 80. 80. 80. 80. 80. 80. 80. 80. 80. 80. 80. 80. 80. 80. 80. 80. 80. 80. 80. 80. 80. 80. 80. 80. 80. 80. 80. 80. 80. 80. 80. 80. 80. 80. 80. 79. 79. 79. 79. 79. 79. 79. 79. 79. 79. 79. 79. 79. 79. 79. 79. 79. 79. 79. 78. 78. 78. 78. 78. 78. 78. 78. 78. 78. 78. 78.
  364  80. 80. 80. 80. 80. 80. 80. 80. 80. 80. 80. 80. 80. 80. 80. 80. 80. 80. 80. 80. 80. 80. 80. 80. 80. 80. 80. 80. 80. 80. 80. 80. 80. 80. 80. 80. 80. 80. 80. 80. 80. 80. 80. 80. 80. 80. 80. 80. 80. 80. 80. 80. 80. 80. 80. 80. 80. 80. 80. 80. 80. 80. 80. 80. 80. 80. 80. 80. 80. 80. 80. 80. 80. 80. 80. 80. 80. 80. 80. 80. 80. 80. 80. 80. 80. 80. 80. 80. 80. 80. 80. 80. 80. 80. 80. 80. 80. 80. 80. 80. 80. 80. 80. 80. 80. 80. 80. 80. 80. 80. 80. 80. 80. 80. 80. 80. 80. 80. 80. 80. 79. 79. 79. 79. 79. 79. 79. 79. 79. 79. 79. 79. 79. 79. 79. 79. 79. 79. 79. 78. 78. 78. 78. 78. 78. 78. 78. 78. 78. 78. 78.
  363  80. 80. 80. 80. 80. 80. 80. 80. 80. 80. 80. 80. 80. 80. 80. 80. 80. 80. 80. 80. 80. 80. 80. 80. 80. 80. 80. 80. 80. 80. 80. 80. 80. 80. 80. 80. 80. 80. 80. 80. 80. 80. 80. 80. 80. 80. 80. 80. 80. 80. 80. 80. 80. 80. 80. 80. 80. 80. 80. 80. 80. 80. 80. 80. 80. 80. 80. 80. 80. 80. 80. 80. 80. 80. 80. 80. 80. 80. 80. 80. 80. 80. 80. 80. 80. 80. 80. 80. 80. 80. 80. 80. 80. 80. 80. 80. 80. 80. 80. 80. 80. 80. 80. 80. 80. 80. 80. 80. 80. 80. 80. 80. 80. 80. 80. 80. 80. 80. 80. 80. 79. 79. 79. 79. 79. 79. 79. 79. 79. 79. 79. 79. 79. 79. 79. 79. 79. 79. 79. 78. 78. 78. 78. 78. 78. 78. 78. 78. 78. 78. 78.
  362  80. 80. 80. 80. 80. 80. 80. 80. 80. 80. 80. 80. 80. 80. 80. 80. 80. 80. 80. 80. 80. 80. 80. 80. 80. 80. 80. 80. 80. 80. 80. 80. 80. 80. 80. 80. 80. 80. 80. 80. 80. 80. 80. 80. 80. 80. 80. 80. 80. 80. 80. 80. 80. 80. 80. 80. 80. 80. 80. 80. 80. 80. 80. 80. 80. 80. 80. 80. 80. 80. 80. 80. 80. 80. 80. 80. 80. 80. 80. 80. 80. 80. 80. 80. 80. 80. 80. 80. 80. 80. 80. 80. 80. 80. 80. 80. 80. 80. 80. 80. 80. 80. 80. 80. 80. 80. 80. 80. 80. 80. 80. 80. 80. 80. 80. 80. 80. 80. 80. 79. 79. 79. 79. 79. 79. 79. 79. 79. 79. 79. 79. 79. 79. 79. 79. 79. 79. 79. 79. 79. 78. 78. 78. 78. 78. 78. 78. 78. 78. 78. 78.
  361  80. 80. 80. 80. 80. 80. 80. 80. 80. 80. 80. 80. 80. 80. 80. 80. 80. 80. 80. 80. 80. 80. 80. 80. 80. 80. 80. 80. 80. 80. 80. 80. 80. 80. 80. 80. 80. 80. 80. 80. 80. 80. 80. 80. 80. 80. 80. 80. 80. 80. 80. 80. 80. 80. 80. 80. 80. 80. 80. 80. 80. 80. 80. 80. 80. 80. 80. 80. 80. 80. 80. 80. 80. 80. 80. 80. 80. 80. 80. 80. 80. 80. 80. 80. 80. 80. 80. 80. 80. 80. 80. 80. 80. 80. 80. 80. 80. 80. 80. 80. 80. 80. 80. 80. 80. 80. 80. 80. 80. 80. 80. 80. 80. 80. 80. 80. 80. 80. 80. 79. 79. 79. 79. 79. 79. 79. 79. 79. 79. 79. 79. 79. 79. 79. 79. 79. 79. 79. 79. 79. 78. 78. 78. 78. 78. 78. 78. 78. 78. 78. 78.
  360  80. 80. 80. 80. 80. 80. 80. 80. 80. 80. 80. 80. 80. 80. 80. 80. 80. 80. 80. 80. 80. 80. 80. 80. 80. 80. 80. 80. 80. 80. 80. 80. 80. 80. 80. 80. 80. 80. 80. 80. 80. 80. 80. 80. 80. 80. 80. 80. 80. 80. 80. 80. 80. 80. 80. 80. 80. 80. 80. 80. 80. 80. 80. 80. 80. 80. 80. 80. 80. 80. 80. 80. 80. 80. 80. 80. 80. 80. 80. 80. 80. 80. 80. 80. 80. 80. 80. 80. 80. 80. 80. 80. 80. 80. 80. 80. 80. 80. 80. 80. 80. 80. 80. 80. 80. 80. 80. 80. 80. 80. 80. 80. 80. 80. 80. 80. 80. 80. 80. 79. 79. 79. 79. 79. 79. 79. 79. 79. 79. 79. 79. 79. 79. 79. 79. 79. 79. 79. 79. 79. 78. 78. 78. 78. 78. 78. 78. 78. 78. 78. 78.
  359  80. 80. 80. 80. 80. 80. 80. 80. 80. 80. 80. 80. 80. 80. 80. 80. 80. 80. 80. 80. 80. 80. 80. 80. 80. 80. 80. 80. 80. 80. 80. 80. 80. 80. 80. 80. 80. 80. 80. 80. 80. 80. 80. 80. 80. 80. 80. 80. 80. 80. 80. 80. 80. 80. 80. 80. 80. 80. 80. 80. 80. 80. 80. 80. 80. 80. 80. 80. 80. 80. 80. 80. 80. 80. 80. 80. 80. 80. 80. 80. 80. 80. 80. 80. 80. 80. 80. 80. 80. 80. 80. 80. 80. 80. 80. 80. 80. 80. 80. 80. 80. 80. 80. 80. 80. 80. 80. 80. 80. 80. 80. 80. 80. 80. 80. 80. 80. 80. 80. 79. 79. 79. 79. 79. 79. 79. 79. 79. 79. 79. 79. 79. 79. 79. 79. 79. 79. 79. 79. 79. 78. 78. 78. 78. 78. 78. 78. 78. 78. 78. 78.
  358  80. 80. 80. 80. 80. 80. 80. 80. 80. 80. 80. 80. 80. 80. 80. 80. 80. 80. 80. 80. 80. 80. 80. 80. 80. 80. 80. 80. 80. 80. 80. 80. 80. 80. 80. 80. 80. 80. 80. 80. 80. 80. 80. 80. 80. 80. 80. 80. 80. 80. 80. 80. 80. 80. 80. 80. 80. 80. 80. 80. 80. 80. 80. 80. 80. 80. 80. 80. 80. 80. 80. 80. 80. 80. 80. 80. 80. 80. 80. 80. 80. 80. 80. 80. 80. 80. 80. 80. 80. 80. 80. 80. 80. 80. 80. 80. 80. 80. 80. 80. 80. 80. 80. 80. 80. 80. 80. 80. 80. 80. 80. 80. 80. 80. 80. 80. 80. 80. 79. 79. 79. 79. 79. 79. 79. 79. 79. 79. 79. 79. 79. 79. 79. 79. 79. 79. 79. 79. 79. 79. 78. 78. 78. 78. 78. 78. 78. 78. 78. 78. 78.
  357  80. 80. 80. 80. 80. 80. 80. 80. 80. 80. 80. 80. 80. 80. 80. 80. 80. 80. 80. 80. 80. 80. 80. 80. 80. 80. 80. 80. 80. 80. 80. 80. 80. 80. 80. 80. 80. 80. 80. 80. 80. 80. 80. 80. 80. 80. 80. 80. 80. 80. 80. 80. 80. 80. 80. 80. 80. 80. 80. 80. 80. 80. 80. 80. 80. 80. 80. 80. 80. 80. 80. 80. 80. 80. 80. 80. 80. 80. 80. 80. 80. 80. 80. 80. 80. 80. 80. 80. 80. 80. 80. 80. 80. 80. 80. 80. 80. 80. 80. 80. 80. 80. 80. 80. 80. 80. 80. 80. 80. 80. 80. 80. 80. 80. 80. 80. 80. 80. 79. 79. 79. 79. 79. 79. 79. 79. 79. 79. 79. 79. 79. 79. 79. 79. 79. 79. 79. 79. 79. 79. 79. 78. 78. 78. 78. 78. 78. 78. 78. 78. 78.
  356  80. 80. 80. 80. 80. 80. 80. 80. 80. 80. 80. 80. 80. 80. 80. 80. 80. 80. 80. 80. 80. 80. 80. 80. 80. 80. 80. 80. 80. 80. 80. 80. 80. 80. 80. 80. 80. 80. 80. 80. 80. 80. 80. 80. 80. 80. 80. 80. 80. 80. 80. 80. 80. 80. 80. 80. 80. 80. 80. 80. 80. 80. 80. 80. 80. 80. 80. 80. 80. 80. 80. 80. 80. 80. 80. 80. 80. 80. 80. 80. 80. 80. 80. 80. 80. 80. 80. 80. 80. 80. 80. 80. 80. 80. 80. 80. 80. 80. 80. 80. 80. 80. 80. 80. 80. 80. 80. 80. 80. 80. 80. 80. 80. 80. 80. 80. 80. 80. 79. 79. 79. 79. 79. 79. 79. 79. 79. 79. 79. 79. 79. 79. 79. 79. 79. 79. 79. 79. 79. 79. 79. 78. 78. 78. 78. 78. 78. 78. 78. 78. 78.
  355  80. 80. 80. 80. 80. 80. 80. 80. 80. 80. 80. 80. 80. 80. 80. 80. 80. 80. 80. 80. 80. 80. 80. 80. 80. 80. 80. 80. 80. 80. 80. 80. 80. 80. 80. 80. 80. 80. 80. 80. 80. 80. 80. 80. 80. 80. 80. 80. 80. 80. 80. 80. 80. 80. 80. 80. 80. 80. 80. 80. 80. 80. 80. 80. 80. 80. 80. 80. 80. 80. 80. 80. 80. 80. 80. 80. 80. 80. 80. 80. 80. 80. 80. 80. 80. 80. 80. 80. 80. 80. 80. 80. 80. 80. 80. 80. 80. 80. 80. 80. 80. 80. 80. 80. 80. 80. 80. 80. 80. 80. 80. 80. 80. 80. 80. 80. 80. 80. 79. 79. 79. 79. 79. 79. 79. 79. 79. 79. 79. 79. 79. 79. 79. 79. 79. 79. 79. 79. 79. 79. 79. 78. 78. 78. 78. 78. 78. 78. 78. 78. 78.
  354  80. 80. 80. 80. 80. 80. 80. 80. 80. 80. 80. 80. 80. 80. 80. 80. 80. 80. 80. 80. 80. 80. 80. 80. 80. 80. 80. 80. 80. 80. 80. 80. 80. 80. 80. 80. 80. 80. 80. 80. 80. 80. 80. 80. 80. 80. 80. 80. 80. 80. 80. 80. 80. 80. 80. 80. 80. 80. 80. 80. 80. 80. 80. 80. 80. 80. 80. 80. 80. 80. 80. 80. 80. 80. 80. 80. 80. 80. 80. 80. 80. 80. 80. 80. 80. 80. 80. 80. 80. 80. 80. 80. 80. 80. 80. 80. 80. 80. 80. 80. 80. 80. 80. 80. 80. 80. 80. 80. 80. 80. 80. 80. 80. 80. 80. 80. 80. 79. 79. 79. 79. 79. 79. 79. 79. 79. 79. 79. 79. 79. 79. 79. 79. 79. 79. 79. 79. 79. 79. 79. 79. 79. 79. 78. 78. 78. 78. 78. 78. 78. 78.
  353  80. 80. 80. 80. 80. 80. 80. 80. 80. 80. 80. 80. 80. 80. 80. 80. 80. 80. 80. 80. 80. 80. 80. 80. 80. 80. 80. 80. 80. 80. 80. 80. 80. 80. 80. 80. 80. 80. 80. 80. 80. 80. 80. 80. 80. 80. 80. 80. 80. 80. 80. 80. 80. 80. 80. 80. 80. 80. 80. 80. 80. 80. 80. 80. 80. 80. 80. 80. 80. 80. 80. 80. 80. 80. 80. 80. 80. 80. 80. 80. 80. 80. 80. 80. 80. 80. 80. 80. 80. 80. 80. 80. 80. 80. 80. 80. 80. 80. 80. 80. 80. 80. 80. 80. 80. 80. 80. 80. 80. 80. 80. 80. 80. 80. 80. 80. 80. 79. 79. 79. 79. 79. 79. 79. 79. 79. 79. 79. 79. 79. 79. 79. 79. 79. 79. 79. 79. 79. 79. 79. 79. 79. 79. 78. 78. 78. 78. 78. 78. 78. 78.
  352  80. 80. 80. 80. 80. 80. 80. 80. 80. 80. 80. 80. 80. 80. 80. 80. 80. 80. 80. 80. 80. 80. 80. 80. 80. 80. 80. 80. 80. 80. 80. 80. 80. 80. 80. 80. 80. 80. 80. 80. 80. 80. 80. 80. 80. 80. 80. 80. 80. 80. 80. 80. 80. 80. 80. 80. 80. 80. 80. 80. 80. 80. 80. 80. 80. 80. 80. 80. 80. 80. 80. 80. 80. 80. 80. 80. 80. 80. 80. 80. 80. 80. 80. 80. 80. 80. 80. 80. 80. 80. 80. 80. 80. 80. 80. 80. 80. 80. 80. 80. 80. 80. 80. 80. 80. 80. 80. 80. 80. 80. 80. 80. 80. 80. 80. 80. 80. 79. 79. 79. 79. 79. 79. 79. 79. 79. 79. 79. 79. 79. 79. 79. 79. 79. 79. 79. 79. 79. 79. 79. 79. 79. 79. 78. 78. 78. 78. 78. 78. 78. 78.
  351  80. 80. 80. 80. 80. 80. 80. 80. 80. 80. 80. 80. 80. 80. 80. 80. 80. 80. 80. 80. 80. 80. 80. 80. 80. 80. 80. 80. 80. 80. 80. 80. 80. 80. 80. 80. 80. 80. 80. 80. 80. 80. 80. 80. 80. 80. 80. 80. 80. 80. 80. 80. 80. 80. 80. 80. 80. 80. 80. 80. 80. 80. 80. 80. 80. 80. 80. 80. 80. 80. 80. 80. 80. 80. 80. 80. 80. 80. 80. 80. 80. 80. 80. 80. 80. 80. 80. 80. 80. 80. 80. 80. 80. 80. 80. 80. 80. 80. 80. 80. 80. 80. 80. 80. 80. 80. 80. 80. 80. 80. 80. 80. 80. 80. 80. 80. 80. 79. 79. 79. 79. 79. 79. 79. 79. 79. 79. 79. 79. 79. 79. 79. 79. 79. 79. 79. 79. 79. 79. 79. 79. 79. 79. 79. 78. 78. 78. 78. 78. 79. 78.
  350  80. 80. 80. 80. 80. 80. 80. 80. 80. 80. 80. 80. 80. 80. 80. 80. 80. 80. 80. 80. 80. 80. 80. 80. 80. 80. 80. 80. 80. 80. 80. 80. 80. 80. 80. 80. 80. 80. 80. 80. 80. 80. 80. 80. 80. 80. 80. 80. 80. 80. 80. 80. 80. 80. 80. 80. 80. 80. 80. 80. 80. 80. 80. 80. 80. 80. 80. 80. 80. 80. 80. 80. 80. 80. 80. 80. 80. 80. 80. 80. 80. 80. 80. 80. 80. 80. 80. 80. 80. 80. 80. 80. 80. 80. 80. 80. 80. 80. 80. 80. 80. 80. 80. 80. 80. 80. 80. 80. 80. 80. 80. 80. 80. 80. 80. 80. 79. 79. 79. 79. 79. 79. 79. 79. 79. 79. 79. 79. 79. 79. 79. 79. 79. 79. 79. 79. 79. 79. 79. 79. 79. 79. 79. 79. 78. 78. 78. 78. 78. 79. 78.
  349  80. 80. 80. 80. 80. 80. 80. 80. 80. 80. 80. 80. 80. 80. 80. 80. 80. 80. 80. 80. 80. 80. 80. 80. 80. 80. 80. 80. 80. 80. 80. 80. 80. 80. 80. 80. 80. 80. 80. 80. 80. 80. 80. 80. 80. 80. 80. 80. 80. 80. 80. 80. 80. 80. 80. 80. 80. 80. 80. 80. 80. 80. 80. 80. 80. 80. 80. 80. 80. 80. 80. 80. 80. 80. 80. 80. 80. 80. 80. 80. 80. 80. 80. 80. 80. 80. 80. 80. 80. 80. 80. 80. 80. 80. 80. 80. 80. 80. 80. 80. 80. 80. 80. 80. 80. 80. 80. 80. 80. 80. 80. 80. 80. 80. 80. 80. 79. 79. 79. 79. 79. 79. 79. 79. 79. 79. 79. 79. 79. 79. 79. 79. 79. 79. 79. 79. 79. 79. 79. 79. 79. 79. 79. 79. 78. 78. 78. 78. 78. 79. 78.
  348  80. 80. 80. 80. 80. 80. 80. 80. 80. 80. 80. 80. 80. 80. 80. 80. 80. 80. 80. 80. 80. 80. 80. 80. 80. 80. 80. 80. 80. 80. 80. 80. 80. 80. 80. 80. 80. 80. 80. 80. 80. 80. 80. 80. 80. 80. 80. 80. 80. 80. 80. 80. 80. 80. 80. 80. 80. 80. 80. 80. 80. 80. 80. 80. 80. 80. 80. 80. 80. 80. 80. 80. 80. 80. 80. 80. 80. 80. 80. 80. 80. 80. 80. 80. 80. 80. 80. 80. 80. 80. 80. 80. 80. 80. 80. 80. 80. 80. 80. 80. 80. 80. 80. 80. 80. 80. 80. 80. 80. 80. 80. 80. 80. 80. 80. 80. 79. 79. 79. 79. 79. 79. 79. 79. 79. 79. 79. 79. 79. 79. 79. 79. 79. 79. 79. 79. 79. 79. 79. 79. 79. 79. 79. 79. 78. 78. 78. 78. 78. 79. 78.
  347  80. 80. 80. 80. 80. 80. 80. 80. 80. 80. 80. 80. 80. 80. 80. 80. 80. 80. 80. 80. 80. 80. 80. 80. 80. 80. 80. 80. 80. 80. 80. 80. 80. 80. 80. 80. 80. 80. 80. 80. 80. 80. 80. 80. 80. 80. 80. 80. 80. 80. 80. 80. 80. 80. 80. 80. 80. 80. 80. 80. 80. 80. 80. 80. 80. 80. 80. 80. 80. 80. 80. 80. 80. 80. 80. 80. 80. 80. 80. 80. 80. 80. 80. 80. 80. 80. 80. 80. 80. 80. 80. 80. 80. 80. 80. 80. 80. 80. 80. 80. 80. 80. 80. 80. 80. 80. 80. 80. 80. 80. 80. 80. 80. 80. 80. 80. 79. 79. 79. 79. 79. 79. 79. 79. 79. 79. 79. 79. 79. 79. 79. 79. 79. 79. 79. 79. 79. 79. 79. 79. 79. 79. 79. 79. 78. 78. 78. 78. 78. 79. 78.
  346  80. 80. 80. 80. 80. 80. 80. 80. 80. 80. 80. 80. 80. 80. 80. 80. 80. 80. 80. 80. 80. 80. 80. 80. 80. 80. 80. 80. 80. 80. 80. 80. 80. 80. 80. 80. 80. 80. 80. 80. 80. 80. 80. 80. 80. 80. 80. 80. 80. 80. 80. 80. 80. 80. 80. 80. 80. 80. 80. 80. 80. 80. 80. 80. 80. 80. 80. 80. 80. 80. 80. 80. 80. 80. 80. 80. 80. 80. 80. 80. 80. 80. 80. 80. 80. 80. 80. 80. 80. 80. 80. 80. 80. 80. 80. 80. 80. 80. 80. 80. 80. 80. 80. 80. 80. 80. 80. 80. 80. 80. 80. 80. 80. 80. 80. 79. 79. 79. 79. 79. 79. 79. 79. 79. 79. 79. 79. 79. 79. 79. 79. 79. 79. 79. 79. 79. 79. 79. 79. 79. 79. 79. 79. 79. 78. 78. 78. 78. 78. 79. 79.
  345  80. 80. 80. 80. 80. 80. 80. 80. 80. 80. 80. 80. 80. 80. 80. 80. 80. 80. 80. 80. 80. 80. 80. 80. 80. 80. 80. 80. 80. 80. 80. 80. 80. 80. 80. 80. 80. 80. 80. 80. 80. 80. 80. 80. 80. 80. 80. 80. 80. 80. 80. 80. 80. 80. 80. 80. 80. 80. 80. 80. 80. 80. 80. 80. 80. 80. 80. 80. 80. 80. 80. 80. 80. 80. 80. 80. 80. 80. 80. 80. 80. 80. 80. 80. 80. 80. 80. 80. 80. 80. 80. 80. 80. 80. 80. 80. 80. 80. 80. 80. 80. 80. 80. 80. 80. 80. 80. 80. 80. 80. 80. 80. 80. 80. 80. 79. 79. 79. 79. 79. 79. 79. 79. 79. 79. 79. 79. 79. 79. 79. 79. 79. 79. 79. 79. 79. 79. 79. 79. 79. 79. 79. 79. 79. 78. 78. 78. 78. 78. 79. 79.
  344  80. 80. 80. 80. 80. 80. 80. 80. 80. 80. 80. 80. 80. 80. 80. 80. 80. 80. 80. 80. 80. 80. 80. 80. 80. 80. 80. 80. 80. 80. 80. 80. 80. 80. 80. 80. 80. 80. 80. 80. 80. 80. 80. 80. 80. 80. 80. 80. 80. 80. 80. 80. 80. 80. 80. 80. 80. 80. 80. 80. 80. 80. 80. 80. 80. 80. 80. 80. 80. 80. 80. 80. 80. 80. 80. 80. 80. 80. 80. 80. 80. 80. 80. 80. 80. 80. 80. 80. 80. 80. 80. 80. 80. 80. 80. 80. 80. 80. 80. 80. 80. 80. 80. 80. 80. 80. 80. 80. 80. 80. 80. 80. 80. 80. 80. 79. 79. 79. 79. 79. 79. 79. 79. 79. 79. 79. 79. 79. 79. 79. 79. 79. 79. 79. 79. 79. 79. 79. 79. 79. 79. 79. 79. 79. 78. 78. 78. 78. 78. 79. 79.
  343  80. 80. 80. 80. 80. 80. 80. 80. 80. 80. 80. 80. 80. 80. 80. 80. 80. 80. 80. 80. 80. 80. 80. 80. 80. 80. 80. 80. 80. 80. 80. 80. 80. 80. 80. 80. 80. 80. 80. 80. 80. 80. 80. 80. 80. 80. 80. 80. 80. 80. 80. 80. 80. 80. 80. 80. 80. 80. 80. 80. 80. 80. 80. 80. 80. 80. 80. 80. 80. 80. 80. 80. 80. 80. 80. 80. 80. 80. 80. 80. 80. 80. 80. 80. 80. 80. 80. 80. 80. 80. 80. 80. 80. 80. 80. 80. 80. 80. 80. 80. 80. 80. 80. 80. 80. 80. 80. 80. 80. 80. 80. 80. 80. 80. 80. 79. 79. 79. 79. 79. 79. 79. 79. 79. 79. 79. 79. 79. 79. 79. 79. 79. 79. 79. 79. 79. 79. 79. 79. 79. 79. 79. 79. 79. 78. 78. 78. 78. 78. 79. 79.
  342  80. 80. 80. 80. 80. 80. 80. 80. 80. 80. 80. 80. 80. 80. 80. 80. 80. 80. 80. 80. 80. 80. 80. 80. 80. 80. 80. 80. 80. 80. 80. 80. 80. 80. 80. 80. 80. 80. 80. 80. 80. 80. 80. 80. 80. 80. 80. 80. 80. 80. 80. 80. 80. 80. 80. 80. 80. 80. 80. 80. 80. 80. 80. 80. 80. 80. 80. 80. 80. 80. 80. 80. 80. 80. 80. 80. 80. 80. 80. 80. 80. 80. 80. 80. 80. 80. 80. 80. 80. 80. 80. 80. 80. 80. 80. 80. 80. 80. 80. 80. 80. 80. 80. 80. 80. 80. 80. 80. 80. 80. 80. 80. 80. 80. 79. 79. 79. 79. 79. 79. 79. 79. 79. 79. 79. 79. 79. 79. 79. 79. 79. 79. 79. 79. 79. 79. 79. 79. 79. 79. 79. 79. 79. 79. 78. 78. 78. 78. 78. 79. 79.
  341  80. 80. 80. 80. 80. 80. 80. 80. 80. 80. 80. 80. 80. 80. 80. 80. 80. 80. 80. 80. 80. 80. 80. 80. 80. 80. 80. 80. 80. 80. 80. 80. 80. 80. 80. 80. 80. 80. 80. 80. 80. 80. 80. 80. 80. 80. 80. 80. 80. 80. 80. 80. 80. 80. 80. 80. 80. 80. 80. 80. 80. 80. 80. 80. 80. 80. 80. 80. 80. 80. 80. 80. 80. 80. 80. 80. 80. 80. 80. 80. 80. 80. 80. 80. 80. 80. 80. 80. 80. 80. 80. 80. 80. 80. 80. 80. 80. 80. 80. 80. 80. 80. 80. 80. 80. 80. 80. 80. 80. 80. 80. 80. 80. 80. 79. 79. 79. 79. 79. 79. 79. 79. 79. 79. 79. 79. 79. 79. 79. 79. 79. 79. 79. 79. 79. 79. 79. 79. 79. 79. 79. 79. 79. 79. 78. 78. 78. 78. 78. 79. 79.
  340  80. 80. 80. 80. 80. 80. 80. 80. 80. 80. 80. 80. 80. 80. 80. 80. 80. 80. 80. 80. 80. 80. 80. 80. 80. 80. 80. 80. 80. 80. 80. 80. 80. 80. 80. 80. 80. 80. 80. 80. 80. 80. 80. 80. 80. 80. 80. 80. 80. 80. 80. 80. 80. 80. 80. 80. 80. 80. 80. 80. 80. 80. 80. 80. 80. 80. 80. 80. 80. 80. 80. 80. 80. 80. 80. 80. 80. 80. 80. 80. 80. 80. 80. 80. 80. 80. 80. 80. 80. 80. 80. 80. 80. 80. 80. 80. 80. 80. 80. 80. 80. 80. 80. 80. 80. 80. 80. 80. 80. 80. 80. 80. 80. 80. 79. 79. 79. 79. 79. 79. 79. 79. 79. 79. 79. 79. 79. 79. 79. 79. 79. 79. 79. 79. 79. 79. 79. 79. 79. 79. 79. 79. 79. 79. 78. 78. 78. 78. 78. 79. 79.
  339  80. 80. 80. 80. 80. 80. 80. 80. 80. 80. 80. 80. 80. 80. 80. 80. 80. 80. 80. 80. 80. 80. 80. 80. 80. 80. 80. 80. 80. 80. 80. 80. 80. 80. 80. 80. 80. 80. 80. 80. 80. 80. 80. 80. 80. 80. 80. 80. 80. 80. 80. 80. 80. 80. 80. 80. 80. 80. 80. 80. 80. 80. 80. 80. 80. 80. 80. 80. 80. 80. 80. 80. 80. 80. 80. 80. 80. 80. 80. 80. 80. 80. 80. 80. 80. 80. 80. 80. 80. 80. 80. 80. 80. 80. 80. 80. 80. 80. 80. 80. 80. 80. 80. 80. 80. 80. 80. 80. 80. 80. 80. 80. 80. 80. 79. 79. 79. 79. 79. 79. 79. 79. 79. 79. 79. 79. 79. 79. 79. 79. 79. 79. 79. 79. 79. 79. 79. 79. 79. 79. 79. 79. 79. 79. 78. 78. 78. 78. 78. 79. 79.
  338  80. 80. 80. 80. 80. 80. 80. 80. 80. 80. 80. 80. 80. 80. 80. 80. 80. 80. 80. 80. 80. 80. 80. 80. 80. 80. 80. 80. 80. 80. 80. 80. 80. 80. 80. 80. 80. 80. 80. 80. 80. 80. 80. 80. 80. 80. 80. 80. 80. 80. 80. 80. 80. 80. 80. 80. 80. 80. 80. 80. 80. 80. 80. 80. 80. 80. 80. 80. 80. 80. 80. 80. 80. 80. 80. 80. 80. 80. 80. 80. 80. 80. 80. 80. 80. 80. 80. 80. 80. 80. 80. 80. 80. 80. 80. 80. 80. 80. 80. 80. 80. 80. 80. 80. 80. 80. 80. 80. 80. 80. 80. 80. 80. 79. 79. 79. 79. 79. 79. 79. 79. 79. 79. 79. 79. 79. 79. 79. 79. 79. 79. 79. 79. 79. 79. 79. 79. 79. 79. 79. 79. 79. 79. 79. 79. 78. 78. 78. 79. 79. 79.
  337  80. 80. 80. 80. 80. 80. 80. 80. 80. 80. 80. 80. 80. 80. 80. 80. 80. 80. 80. 80. 80. 80. 80. 80. 80. 80. 80. 80. 80. 80. 80. 80. 80. 80. 80. 80. 80. 80. 80. 80. 80. 80. 80. 80. 80. 80. 80. 80. 80. 80. 80. 80. 80. 80. 80. 80. 80. 80. 80. 80. 80. 80. 80. 80. 80. 80. 80. 80. 80. 80. 80. 80. 80. 80. 80. 80. 80. 80. 80. 80. 80. 80. 80. 80. 80. 80. 80. 80. 80. 80. 80. 80. 80. 80. 80. 80. 80. 80. 80. 80. 80. 80. 80. 80. 80. 80. 80. 80. 80. 80. 80. 80. 80. 79. 79. 79. 79. 79. 79. 79. 79. 79. 79. 79. 79. 79. 79. 79. 79. 79. 79. 79. 79. 79. 79. 79. 79. 79. 79. 79. 79. 79. 79. 79. 79. 78. 78. 78. 79. 79. 79.
  336  80. 80. 80. 80. 80. 80. 80. 80. 80. 80. 80. 80. 80. 80. 80. 80. 80. 80. 80. 80. 80. 80. 80. 80. 80. 80. 80. 80. 80. 80. 80. 80. 80. 80. 80. 80. 80. 80. 80. 80. 80. 80. 80. 80. 80. 80. 80. 80. 80. 80. 80. 80. 80. 80. 80. 80. 80. 80. 80. 80. 80. 80. 80. 80. 80. 80. 80. 80. 80. 80. 80. 80. 80. 80. 80. 80. 80. 80. 80. 80. 80. 80. 80. 80. 80. 80. 80. 80. 80. 80. 80. 80. 80. 80. 80. 80. 80. 80. 80. 80. 80. 80. 80. 80. 80. 80. 80. 80. 80. 80. 80. 80. 80. 79. 79. 79. 79. 79. 79. 79. 79. 79. 79. 79. 79. 79. 79. 79. 79. 79. 79. 79. 79. 79. 79. 79. 79. 79. 79. 79. 79. 79. 79. 79. 79. 78. 78. 78. 79. 79. 79.
  335  80. 80. 80. 80. 80. 80. 80. 80. 80. 80. 80. 80. 80. 80. 80. 80. 80. 80. 80. 80. 80. 80. 80. 80. 80. 80. 80. 80. 80. 80. 80. 80. 80. 80. 80. 80. 80. 80. 80. 80. 80. 80. 80. 80. 80. 80. 80. 80. 80. 80. 80. 80. 80. 80. 80. 80. 80. 80. 80. 80. 80. 80. 80. 80. 80. 80. 80. 80. 80. 80. 80. 80. 80. 80. 80. 80. 80. 80. 80. 80. 80. 80. 80. 80. 80. 80. 80. 80. 80. 80. 80. 80. 80. 80. 80. 80. 80. 80. 80. 80. 80. 80. 80. 80. 80. 80. 80. 80. 80. 80. 80. 80. 80. 79. 79. 79. 79. 79. 79. 79. 79. 79. 79. 79. 79. 79. 79. 79. 79. 79. 79. 79. 79. 79. 79. 79. 79. 79. 79. 79. 79. 79. 79. 79. 79. 78. 78. 78. 79. 79. 79.
  334  80. 80. 80. 80. 80. 80. 80. 80. 80. 80. 80. 80. 80. 80. 80. 80. 80. 80. 80. 80. 80. 80. 80. 80. 80. 80. 80. 80. 80. 80. 80. 80. 80. 80. 80. 80. 80. 80. 80. 80. 80. 80. 80. 80. 80. 80. 80. 80. 80. 80. 80. 80. 80. 80. 80. 80. 80. 80. 80. 80. 80. 80. 80. 80. 80. 80. 80. 80. 80. 80. 80. 80. 80. 80. 80. 80. 80. 80. 80. 80. 80. 80. 80. 80. 80. 80. 80. 80. 80. 80. 80. 80. 80. 80. 80. 80. 80. 80. 80. 80. 80. 80. 80. 80. 80. 80. 80. 80. 80. 80. 80. 80. 79. 79. 79. 79. 79. 79. 79. 79. 79. 79. 79. 79. 79. 79. 79. 79. 79. 79. 79. 79. 79. 79. 79. 79. 79. 79. 79. 79. 79. 79. 79. 79. 79. 78. 78. 78. 79. 79. 79.
  333  80. 80. 80. 80. 80. 80. 80. 80. 80. 80. 80. 80. 80. 80. 80. 80. 80. 80. 80. 80. 80. 80. 80. 80. 80. 80. 80. 80. 80. 80. 80. 80. 80. 80. 80. 80. 80. 80. 80. 80. 80. 80. 80. 80. 80. 80. 80. 80. 80. 80. 80. 80. 80. 80. 80. 80. 80. 80. 80. 80. 80. 80. 80. 80. 80. 80. 80. 80. 80. 80. 80. 80. 80. 80. 80. 80. 80. 80. 80. 80. 80. 80. 80. 80. 80. 80. 80. 80. 80. 80. 80. 80. 80. 80. 80. 80. 80. 80. 80. 80. 80. 80. 80. 80. 80. 80. 80. 80. 80. 80. 80. 80. 79. 79. 79. 79. 79. 79. 79. 79. 79. 79. 79. 79. 79. 79. 79. 79. 79. 79. 79. 79. 79. 79. 79. 79. 79. 79. 79. 79. 79. 79. 79. 79. 79. 78. 78. 78. 79. 79. 79.
  332  80. 80. 80. 80. 80. 80. 80. 80. 80. 80. 80. 80. 80. 80. 80. 80. 80. 80. 80. 80. 80. 80. 80. 80. 80. 80. 80. 80. 80. 80. 80. 80. 80. 80. 80. 80. 80. 80. 80. 80. 80. 80. 80. 80. 80. 80. 80. 80. 80. 80. 80. 80. 80. 80. 80. 80. 80. 80. 80. 80. 80. 80. 80. 80. 80. 80. 80. 80. 80. 80. 80. 80. 80. 80. 80. 80. 80. 80. 80. 80. 80. 80. 80. 80. 80. 80. 80. 80. 80. 80. 80. 80. 80. 80. 80. 80. 80. 80. 80. 80. 80. 80. 80. 80. 80. 80. 80. 80. 80. 80. 80. 80. 79. 79. 79. 79. 79. 79. 79. 79. 79. 79. 79. 79. 79. 79. 79. 79. 79. 79. 79. 79. 79. 79. 79. 79. 79. 79. 79. 79. 79. 79. 79. 79. 79. 78. 78. 78. 79. 79. 79.
  331  80. 80. 80. 80. 80. 80. 80. 80. 80. 80. 80. 80. 80. 80. 80. 80. 80. 80. 80. 80. 80. 80. 80. 80. 80. 80. 80. 80. 80. 80. 80. 80. 80. 80. 80. 80. 80. 80. 80. 80. 80. 80. 80. 80. 80. 80. 80. 80. 80. 80. 80. 80. 80. 80. 80. 80. 80. 80. 80. 80. 80. 80. 80. 80. 80. 80. 80. 80. 80. 80. 80. 80. 80. 80. 80. 80. 80. 80. 80. 80. 80. 80. 80. 80. 80. 80. 80. 80. 80. 80. 80. 80. 80. 80. 80. 80. 80. 80. 80. 80. 80. 80. 80. 80. 80. 80. 80. 80. 80. 80. 80. 79. 79. 79. 79. 79. 79. 79. 79. 79. 79. 79. 79. 79. 79. 79. 79. 79. 79. 79. 79. 79. 79. 79. 79. 79. 79. 79. 79. 79. 79. 79. 79. 79. 79. 78. 78. 78. 79. 79. 79.
  330  80. 80. 80. 80. 80. 80. 80. 80. 80. 80. 80. 80. 80. 80. 80. 80. 80. 80. 80. 80. 80. 80. 80. 80. 80. 80. 80. 80. 80. 80. 80. 80. 80. 80. 80. 80. 80. 80. 80. 80. 80. 80. 80. 80. 80. 80. 80. 80. 80. 80. 80. 80. 80. 80. 80. 80. 80. 80. 80. 80. 80. 80. 80. 80. 80. 80. 80. 80. 80. 80. 80. 80. 80. 80. 80. 80. 80. 80. 80. 80. 80. 80. 80. 80. 80. 80. 80. 80. 80. 80. 80. 80. 80. 80. 80. 80. 80. 80. 80. 80. 80. 80. 80. 80. 80. 80. 80. 80. 80. 80. 80. 79. 79. 79. 79. 79. 79. 79. 79. 79. 79. 79. 79. 79. 79. 79. 79. 79. 79. 79. 79. 79. 79. 79. 79. 79. 79. 79. 79. 79. 79. 79. 79. 79. 79. 78. 78. 78. 79. 79. 79.
  329  80. 80. 80. 80. 80. 80. 80. 80. 80. 80. 80. 80. 80. 80. 80. 80. 80. 80. 80. 80. 80. 80. 80. 80. 80. 80. 80. 80. 80. 80. 80. 80. 80. 80. 80. 80. 80. 80. 80. 80. 80. 80. 80. 80. 80. 80. 80. 80. 80. 80. 80. 80. 80. 80. 80. 80. 80. 80. 80. 80. 80. 80. 80. 80. 80. 80. 80. 80. 80. 80. 80. 80. 80. 80. 80. 80. 80. 80. 80. 80. 80. 80. 80. 80. 80. 80. 80. 80. 80. 80. 80. 80. 80. 80. 80. 80. 80. 80. 80. 80. 80. 80. 80. 80. 80. 80. 80. 80. 80. 80. 80. 79. 79. 79. 79. 79. 79. 79. 79. 79. 79. 79. 79. 79. 79. 79. 79. 79. 79. 79. 79. 79. 79. 79. 79. 79. 79. 79. 79. 79. 79. 79. 79. 79. 79. 78. 78. 78. 79. 79. 79.
  328  80. 80. 80. 80. 80. 80. 80. 80. 80. 80. 80. 80. 80. 80. 80. 80. 80. 80. 80. 80. 80. 80. 80. 80. 80. 80. 80. 80. 80. 80. 80. 80. 80. 80. 80. 80. 80. 80. 80. 80. 80. 80. 80. 80. 80. 80. 80. 80. 80. 80. 80. 80. 80. 80. 80. 80. 80. 80. 80. 80. 80. 80. 80. 80. 80. 80. 80. 80. 80. 80. 80. 80. 80. 80. 80. 80. 80. 80. 80. 80. 80. 80. 80. 80. 80. 80. 80. 80. 80. 80. 80. 80. 80. 80. 80. 80. 80. 80. 80. 80. 80. 80. 80. 80. 80. 80. 80. 80. 80. 80. 80. 79. 79. 79. 79. 79. 79. 79. 79. 79. 79. 79. 79. 79. 79. 79. 79. 79. 79. 79. 79. 79. 79. 79. 79. 79. 79. 79. 79. 79. 79. 79. 79. 79. 79. 78. 78. 78. 79. 79. 79.
  327  80. 80. 80. 80. 80. 80. 80. 80. 80. 80. 80. 80. 80. 80. 80. 80. 80. 80. 80. 80. 80. 80. 80. 80. 80. 80. 80. 80. 80. 80. 80. 80. 80. 80. 80. 80. 80. 80. 80. 80. 80. 80. 80. 80. 80. 80. 80. 80. 80. 80. 80. 80. 80. 80. 80. 80. 80. 80. 80. 80. 80. 80. 80. 80. 80. 80. 80. 80. 80. 80. 80. 80. 80. 80. 80. 80. 80. 80. 80. 80. 80. 80. 80. 80. 80. 80. 80. 80. 80. 80. 80. 80. 80. 80. 80. 80. 80. 80. 80. 80. 80. 80. 80. 80. 80. 80. 80. 80. 80. 80. 79. 79. 79. 79. 79. 79. 79. 79. 79. 79. 79. 79. 79. 79. 79. 79. 79. 79. 79. 79. 79. 79. 79. 79. 79. 79. 79. 79. 79. 79. 79. 79. 79. 79. 79. 78. 78. 78. 79. 79. 79.
  326  80. 80. 80. 80. 80. 80. 80. 80. 80. 80. 80. 80. 80. 80. 80. 80. 80. 80. 80. 80. 80. 80. 80. 80. 80. 80. 80. 80. 80. 80. 80. 80. 80. 80. 80. 80. 80. 80. 80. 80. 80. 80. 80. 80. 80. 80. 80. 80. 80. 80. 80. 80. 80. 80. 80. 80. 80. 80. 80. 80. 80. 80. 80. 80. 80. 80. 80. 80. 80. 80. 80. 80. 80. 80. 80. 80. 80. 80. 80. 80. 80. 80. 80. 80. 80. 80. 80. 80. 80. 80. 80. 80. 80. 80. 80. 80. 80. 80. 80. 80. 80. 80. 80. 80. 80. 80. 80. 80. 80. 80. 79. 79. 79. 79. 79. 79. 79. 79. 79. 79. 79. 79. 79. 79. 79. 79. 79. 79. 79. 79. 79. 79. 79. 79. 79. 79. 79. 79. 79. 79. 79. 79. 79. 79. 79. 78. 78. 78. 79. 79. 79.
  325  80. 80. 80. 80. 80. 80. 80. 80. 80. 80. 80. 80. 80. 80. 80. 80. 80. 80. 80. 80. 80. 80. 80. 80. 80. 80. 80. 80. 80. 80. 80. 80. 80. 80. 80. 80. 80. 80. 80. 80. 80. 80. 80. 80. 80. 80. 80. 80. 80. 80. 80. 80. 80. 80. 80. 80. 80. 80. 80. 80. 80. 80. 80. 80. 80. 80. 80. 80. 80. 80. 80. 80. 80. 80. 80. 80. 80. 80. 80. 80. 80. 80. 80. 80. 80. 80. 80. 80. 80. 80. 80. 80. 80. 80. 80. 80. 80. 80. 80. 80. 80. 80. 80. 80. 80. 80. 80. 80. 80. 80. 79. 79. 79. 79. 79. 79. 79. 79. 79. 79. 79. 79. 79. 79. 79. 79. 79. 79. 79. 79. 79. 79. 79. 79. 79. 79. 79. 79. 79. 79. 79. 79. 79. 79. 79. 78. 78. 78. 79. 79. 79.
  324  80. 80. 80. 80. 80. 80. 80. 80. 80. 80. 80. 80. 80. 80. 80. 80. 80. 80. 80. 80. 80. 80. 80. 80. 80. 80. 80. 80. 80. 80. 80. 80. 80. 80. 80. 80. 80. 80. 80. 80. 80. 80. 80. 80. 80. 80. 80. 80. 80. 80. 80. 80. 80. 80. 80. 80. 80. 80. 80. 80. 80. 80. 80. 80. 80. 80. 80. 80. 80. 80. 80. 80. 80. 80. 80. 80. 80. 80. 80. 80. 80. 80. 80. 80. 80. 80. 80. 80. 80. 80. 80. 80. 80. 80. 80. 80. 80. 80. 80. 80. 80. 80. 80. 80. 80. 80. 80. 80. 80. 80. 79. 79. 79. 79. 79. 79. 79. 79. 79. 79. 79. 79. 79. 79. 79. 79. 79. 79. 79. 79. 79. 79. 79. 79. 79. 79. 79. 79. 79. 79. 79. 79. 79. 79. 79. 78. 78. 78. 79. 79. 79.
  323  80. 80. 80. 80. 80. 80. 80. 80. 80. 80. 80. 80. 80. 80. 80. 80. 80. 80. 80. 80. 80. 80. 80. 80. 80. 80. 80. 80. 80. 80. 80. 80. 80. 80. 80. 80. 80. 80. 80. 80. 80. 80. 80. 80. 80. 80. 80. 80. 80. 80. 80. 80. 80. 80. 80. 80. 80. 80. 80. 80. 80. 80. 80. 80. 80. 80. 80. 80. 80. 80. 80. 80. 80. 80. 80. 80. 80. 80. 80. 80. 80. 80. 80. 80. 80. 80. 80. 80. 80. 80. 80. 80. 80. 80. 80. 80. 80. 80. 80. 80. 80. 80. 80. 80. 80. 80. 80. 80. 80. 79. 79. 79. 79. 79. 79. 79. 79. 79. 79. 79. 79. 79. 79. 79. 79. 79. 79. 79. 79. 79. 79. 79. 79. 79. 79. 79. 79. 79. 79. 79. 79. 79. 79. 79. 79. 78. 78. 79. 79. 79. 79.
  322  80. 80. 80. 80. 80. 80. 80. 80. 80. 80. 80. 80. 80. 80. 80. 80. 80. 80. 80. 80. 80. 80. 80. 80. 80. 80. 80. 80. 80. 80. 80. 80. 80. 80. 80. 80. 80. 80. 80. 80. 80. 80. 80. 80. 80. 80. 80. 80. 80. 80. 80. 80. 80. 80. 80. 80. 80. 80. 80. 80. 80. 80. 80. 80. 80. 80. 80. 80. 80. 80. 80. 80. 80. 80. 80. 80. 80. 80. 80. 80. 80. 80. 80. 80. 80. 80. 80. 80. 80. 80. 80. 80. 80. 80. 80. 80. 80. 80. 80. 80. 80. 80. 80. 80. 80. 80. 80. 80. 80. 79. 79. 79. 79. 79. 79. 79. 79. 79. 79. 79. 79. 79. 79. 79. 79. 79. 79. 79. 79. 79. 79. 79. 79. 79. 79. 79. 79. 79. 79. 79. 79. 79. 79. 79. 79. 78. 78. 79. 79. 79. 79.
  321  80. 80. 80. 80. 80. 80. 80. 80. 80. 80. 80. 80. 80. 80. 80. 80. 80. 80. 80. 80. 80. 80. 80. 80. 80. 80. 80. 80. 80. 80. 80. 80. 80. 80. 80. 80. 80. 80. 80. 80. 80. 80. 80. 80. 80. 80. 80. 80. 80. 80. 80. 80. 80. 80. 80. 80. 80. 80. 80. 80. 80. 80. 80. 80. 80. 80. 80. 80. 80. 80. 80. 80. 80. 80. 80. 80. 80. 80. 80. 80. 80. 80. 80. 80. 80. 80. 80. 80. 80. 80. 80. 80. 80. 80. 80. 80. 80. 80. 80. 80. 80. 80. 80. 80. 80. 80. 80. 80. 80. 79. 79. 79. 79. 79. 79. 79. 79. 79. 79. 79. 79. 79. 79. 79. 79. 79. 79. 79. 79. 79. 79. 79. 79. 79. 79. 79. 79. 79. 79. 79. 79. 79. 79. 79. 79. 78. 78. 79. 79. 79. 79.
  320  80. 80. 80. 80. 80. 80. 80. 80. 80. 80. 80. 80. 80. 80. 80. 80. 80. 80. 80. 80. 80. 80. 80. 80. 80. 80. 80. 80. 80. 80. 80. 80. 80. 80. 80. 80. 80. 80. 80. 80. 80. 80. 80. 80. 80. 80. 80. 80. 80. 80. 80. 80. 80. 80. 80. 80. 80. 80. 80. 80. 80. 80. 80. 80. 80. 80. 80. 80. 80. 80. 80. 80. 80. 80. 80. 80. 80. 80. 80. 80. 80. 80. 80. 80. 80. 80. 80. 80. 80. 80. 80. 80. 80. 80. 80. 80. 80. 80. 80. 80. 80. 80. 80. 80. 80. 80. 80. 80. 79. 79. 79. 79. 79. 79. 79. 79. 79. 79. 79. 79. 79. 79. 79. 79. 79. 79. 79. 79. 79. 79. 79. 79. 79. 79. 79. 79. 79. 79. 79. 79. 79. 79. 79. 79. 79. 78. 78. 79. 79. 79. 79.
  319  80. 80. 80. 80. 80. 80. 80. 80. 80. 80. 80. 80. 80. 80. 80. 80. 80. 80. 80. 80. 80. 80. 80. 80. 80. 80. 80. 80. 80. 80. 80. 80. 80. 80. 80. 80. 80. 80. 80. 80. 80. 80. 80. 80. 80. 80. 80. 80. 80. 80. 80. 80. 80. 80. 80. 80. 80. 80. 80. 80. 80. 80. 80. 80. 80. 80. 80. 80. 80. 80. 80. 80. 80. 80. 80. 80. 80. 80. 80. 80. 80. 80. 80. 80. 80. 80. 80. 80. 80. 80. 80. 80. 80. 80. 80. 80. 80. 80. 80. 80. 80. 80. 80. 80. 80. 80. 80. 80. 79. 79. 79. 79. 79. 79. 79. 79. 79. 79. 79. 79. 79. 79. 79. 79. 79. 79. 79. 79. 79. 79. 79. 79. 79. 79. 79. 79. 79. 79. 79. 79. 79. 79. 79. 79. 79. 78. 78. 79. 79. 79. 79.
  318  80. 80. 80. 80. 80. 80. 80. 80. 80. 80. 80. 80. 80. 80. 80. 80. 80. 80. 80. 80. 80. 80. 80. 80. 80. 80. 80. 80. 80. 80. 80. 80. 80. 80. 80. 80. 80. 80. 80. 80. 80. 80. 80. 80. 80. 80. 80. 80. 80. 80. 80. 80. 80. 80. 80. 80. 80. 80. 80. 80. 80. 80. 80. 80. 80. 80. 80. 80. 80. 80. 80. 80. 80. 80. 80. 80. 80. 80. 80. 80. 80. 80. 80. 80. 80. 80. 80. 80. 80. 80. 80. 80. 80. 80. 80. 80. 80. 80. 80. 80. 80. 80. 80. 80. 80. 80. 80. 80. 79. 79. 79. 79. 79. 79. 79. 79. 79. 79. 79. 79. 79. 79. 79. 79. 79. 79. 79. 79. 79. 79. 79. 79. 79. 79. 79. 79. 79. 79. 79. 79. 79. 79. 79. 79. 79. 78. 78. 79. 79. 79. 79.
  317  80. 80. 80. 80. 80. 80. 80. 80. 80. 80. 80. 80. 80. 80. 80. 80. 80. 80. 80. 80. 80. 80. 80. 80. 80. 80. 80. 80. 80. 80. 80. 80. 80. 80. 80. 80. 80. 80. 80. 80. 80. 80. 80. 80. 80. 80. 80. 80. 80. 80. 80. 80. 80. 80. 80. 80. 80. 80. 80. 80. 80. 80. 80. 80. 80. 80. 80. 80. 80. 80. 80. 80. 80. 80. 80. 80. 80. 80. 80. 80. 80. 80. 80. 80. 80. 80. 80. 80. 80. 80. 80. 80. 80. 80. 80. 80. 80. 80. 80. 80. 80. 80. 80. 80. 80. 80. 80. 80. 79. 79. 79. 79. 79. 79. 79. 79. 79. 79. 79. 79. 79. 79. 79. 79. 79. 79. 79. 79. 79. 79. 79. 79. 79. 79. 79. 79. 79. 79. 79. 79. 79. 79. 79. 79. 79. 78. 78. 79. 79. 79. 79.
  316  80. 80. 80. 80. 80. 80. 80. 80. 80. 80. 80. 80. 80. 80. 80. 80. 80. 80. 80. 80. 80. 80. 80. 80. 80. 80. 80. 80. 80. 80. 80. 80. 80. 80. 80. 80. 80. 80. 80. 80. 80. 80. 80. 80. 80. 80. 80. 80. 80. 80. 80. 80. 80. 80. 80. 80. 80. 80. 80. 80. 80. 80. 80. 80. 80. 80. 80. 80. 80. 80. 80. 80. 80. 80. 80. 80. 80. 80. 80. 80. 80. 80. 80. 80. 80. 80. 80. 80. 80. 80. 80. 80. 80. 80. 80. 80. 80. 80. 80. 80. 80. 80. 80. 80. 80. 80. 80. 79. 79. 79. 79. 79. 79. 79. 79. 79. 79. 79. 79. 79. 79. 79. 79. 79. 79. 79. 79. 79. 79. 79. 79. 79. 79. 79. 79. 79. 79. 79. 79. 79. 79. 79. 79. 79. 79. 78. 78. 79. 79. 79. 79.
  315  80. 80. 80. 80. 80. 80. 80. 80. 80. 80. 80. 80. 80. 80. 80. 80. 80. 80. 80. 80. 80. 80. 80. 80. 80. 80. 80. 80. 80. 80. 80. 80. 80. 80. 80. 80. 80. 80. 80. 80. 80. 80. 80. 80. 80. 80. 80. 80. 80. 80. 80. 80. 80. 80. 80. 80. 80. 80. 80. 80. 80. 80. 80. 80. 80. 80. 80. 80. 80. 80. 80. 80. 80. 80. 80. 80. 80. 80. 80. 80. 80. 80. 80. 80. 80. 80. 80. 80. 80. 80. 80. 80. 80. 80. 80. 80. 80. 80. 80. 80. 80. 80. 80. 80. 80. 80. 80. 79. 79. 79. 79. 79. 79. 79. 79. 79. 79. 79. 79. 79. 79. 79. 79. 79. 79. 79. 79. 79. 79. 79. 79. 79. 79. 79. 79. 79. 79. 79. 79. 79. 79. 79. 79. 79. 79. 78. 78. 79. 79. 79. 79.
  314  80. 80. 80. 80. 80. 80. 80. 80. 80. 80. 80. 80. 80. 80. 80. 80. 80. 80. 80. 80. 80. 80. 80. 80. 80. 80. 80. 80. 80. 80. 80. 80. 80. 80. 80. 80. 80. 80. 80. 80. 80. 80. 80. 80. 80. 80. 80. 80. 80. 80. 80. 80. 80. 80. 80. 80. 80. 80. 80. 80. 80. 80. 80. 80. 80. 80. 80. 80. 80. 80. 80. 80. 80. 80. 80. 80. 80. 80. 80. 80. 80. 80. 80. 80. 80. 80. 80. 80. 80. 80. 80. 80. 80. 80. 80. 80. 80. 80. 80. 80. 80. 80. 80. 80. 80. 80. 80. 79. 79. 79. 79. 79. 79. 79. 79. 79. 79. 79. 79. 79. 79. 79. 79. 79. 79. 79. 79. 79. 79. 79. 79. 79. 79. 79. 79. 79. 79. 79. 79. 79. 79. 79. 79. 79. 79. 78. 78. 79. 79. 79. 79.
  313  80. 80. 80. 80. 80. 80. 80. 80. 80. 80. 80. 80. 80. 80. 80. 80. 80. 80. 80. 80. 80. 80. 80. 80. 80. 80. 80. 80. 80. 80. 80. 80. 80. 80. 80. 80. 80. 80. 80. 80. 80. 80. 80. 80. 80. 80. 80. 80. 80. 80. 80. 80. 80. 80. 80. 80. 80. 80. 80. 80. 80. 80. 80. 80. 80. 80. 80. 80. 80. 80. 80. 80. 80. 80. 80. 80. 80. 80. 80. 80. 80. 80. 80. 80. 80. 80. 80. 80. 80. 80. 80. 80. 80. 80. 80. 80. 80. 80. 80. 80. 80. 80. 80. 80. 80. 80. 79. 79. 79. 79. 79. 79. 79. 79. 79. 79. 79. 79. 79. 79. 79. 79. 79. 79. 79. 79. 79. 79. 79. 79. 79. 79. 79. 79. 79. 79. 79. 79. 79. 79. 79. 79. 79. 79. 79. 78. 78. 79. 79. 79. 79.
  312  80. 80. 80. 80. 80. 80. 80. 80. 80. 80. 80. 80. 80. 80. 80. 80. 80. 80. 80. 80. 80. 80. 80. 80. 80. 80. 80. 80. 80. 80. 80. 80. 80. 80. 80. 80. 80. 80. 80. 80. 80. 80. 80. 80. 80. 80. 80. 80. 80. 80. 80. 80. 80. 80. 80. 80. 80. 80. 80. 80. 80. 80. 80. 80. 80. 80. 80. 80. 80. 80. 80. 80. 80. 80. 80. 80. 80. 80. 80. 80. 80. 80. 80. 80. 80. 80. 80. 80. 80. 80. 80. 80. 80. 80. 80. 80. 80. 80. 80. 80. 80. 80. 80. 80. 80. 80. 79. 79. 79. 79. 79. 79. 79. 79. 79. 79. 79. 79. 79. 79. 79. 79. 79. 79. 79. 79. 79. 79. 79. 79. 79. 79. 79. 79. 79. 79. 79. 79. 79. 79. 79. 79. 79. 79. 79. 78. 79. 79. 79. 79. 79.
  311  80. 80. 80. 80. 80. 80. 80. 80. 80. 80. 80. 80. 80. 80. 80. 80. 80. 80. 80. 80. 80. 80. 80. 80. 80. 80. 80. 80. 80. 80. 80. 80. 80. 80. 80. 80. 80. 80. 80. 80. 80. 80. 80. 80. 80. 80. 80. 80. 80. 80. 80. 80. 80. 80. 80. 80. 80. 80. 80. 80. 80. 80. 80. 80. 80. 80. 80. 80. 80. 80. 80. 80. 80. 80. 80. 80. 80. 80. 80. 80. 80. 80. 80. 80. 80. 80. 80. 80. 80. 80. 80. 80. 80. 80. 80. 80. 80. 80. 80. 80. 80. 80. 80. 80. 80. 80. 79. 79. 79. 79. 79. 79. 79. 79. 79. 79. 79. 79. 79. 79. 79. 79. 79. 79. 79. 79. 79. 79. 79. 79. 79. 79. 79. 79. 79. 79. 79. 79. 79. 79. 79. 79. 79. 79. 79. 79. 79. 79. 79. 79. 79.
  310  80. 80. 80. 80. 80. 80. 80. 80. 80. 80. 80. 80. 80. 80. 80. 80. 80. 80. 80. 80. 80. 80. 80. 80. 80. 80. 80. 80. 80. 80. 80. 80. 80. 80. 80. 80. 80. 80. 80. 80. 80. 80. 80. 80. 80. 80. 80. 80. 80. 80. 80. 80. 80. 80. 80. 80. 80. 80. 80. 80. 80. 80. 80. 80. 80. 80. 80. 80. 80. 80. 80. 80. 80. 80. 80. 80. 80. 80. 80. 80. 80. 80. 80. 80. 80. 80. 80. 80. 80. 80. 80. 80. 80. 80. 80. 80. 80. 80. 80. 80. 80. 80. 80. 80. 80. 79. 79. 79. 79. 79. 79. 79. 79. 79. 79. 79. 79. 79. 79. 79. 79. 79. 79. 79. 79. 79. 79. 79. 79. 79. 79. 79. 79. 79. 79. 79. 79. 79. 79. 79. 79. 79. 79. 79. 79. 79. 79. 79. 79. 79. 79.
  309  80. 80. 80. 80. 80. 80. 80. 80. 80. 80. 80. 80. 80. 80. 80. 80. 80. 80. 80. 80. 80. 80. 80. 80. 80. 80. 80. 80. 80. 80. 80. 80. 80. 80. 80. 80. 80. 80. 80. 80. 80. 80. 80. 80. 80. 80. 80. 80. 80. 80. 80. 80. 80. 80. 80. 80. 80. 80. 80. 80. 80. 80. 80. 80. 80. 80. 80. 80. 80. 80. 80. 80. 80. 80. 80. 80. 80. 80. 80. 80. 80. 80. 80. 80. 80. 80. 80. 80. 80. 80. 80. 80. 80. 80. 80. 80. 80. 80. 80. 80. 80. 80. 80. 80. 80. 79. 79. 79. 79. 79. 79. 79. 79. 79. 79. 79. 79. 79. 79. 79. 79. 79. 79. 79. 79. 79. 79. 79. 79. 79. 79. 79. 79. 79. 79. 79. 79. 79. 79. 79. 79. 79. 79. 79. 79. 79. 79. 79. 79. 79. 79.
  308  80. 80. 80. 80. 80. 80. 80. 80. 80. 80. 80. 80. 80. 80. 80. 80. 80. 80. 80. 80. 80. 80. 80. 80. 80. 80. 80. 80. 80. 80. 80. 80. 80. 80. 80. 80. 80. 80. 80. 80. 80. 80. 80. 80. 80. 80. 80. 80. 80. 80. 80. 80. 80. 80. 80. 80. 80. 80. 80. 80. 80. 80. 80. 80. 80. 80. 80. 80. 80. 80. 80. 80. 80. 80. 80. 80. 80. 80. 80. 80. 80. 80. 80. 80. 80. 80. 80. 80. 80. 80. 80. 80. 80. 80. 80. 80. 80. 80. 80. 80. 80. 80. 80. 80. 80. 79. 79. 79. 79. 79. 79. 79. 79. 79. 79. 79. 79. 79. 79. 79. 79. 79. 79. 79. 79. 79. 79. 79. 79. 79. 79. 79. 79. 79. 79. 79. 79. 79. 79. 79. 79. 79. 79. 79. 79. 79. 79. 79. 79. 79. 79.
  307  80. 80. 80. 80. 80. 80. 80. 80. 80. 80. 80. 80. 80. 80. 80. 80. 80. 80. 80. 80. 80. 80. 80. 80. 80. 80. 80. 80. 80. 80. 80. 80. 80. 80. 80. 80. 80. 80. 80. 80. 80. 80. 80. 80. 80. 80. 80. 80. 80. 80. 80. 80. 80. 80. 80. 80. 80. 80. 80. 80. 80. 80. 80. 80. 80. 80. 80. 80. 80. 80. 80. 80. 80. 80. 80. 80. 80. 80. 80. 80. 80. 80. 80. 80. 80. 80. 80. 80. 80. 80. 80. 80. 80. 80. 80. 80. 80. 80. 80. 80. 80. 80. 80. 80. 79. 79. 79. 79. 79. 79. 79. 79. 79. 79. 79. 79. 79. 79. 79. 79. 79. 79. 79. 79. 79. 79. 79. 79. 79. 79. 79. 79. 79. 79. 79. 79. 79. 79. 79. 79. 79. 79. 79. 79. 79. 79. 79. 79. 79. 79. 79.
  306  80. 80. 80. 80. 80. 80. 80. 80. 80. 80. 80. 80. 80. 80. 80. 80. 80. 80. 80. 80. 80. 80. 80. 80. 80. 80. 80. 80. 80. 80. 80. 80. 80. 80. 80. 80. 80. 80. 80. 80. 80. 80. 80. 80. 80. 80. 80. 80. 80. 80. 80. 80. 80. 80. 80. 80. 80. 80. 80. 80. 80. 80. 80. 80. 80. 80. 80. 80. 80. 80. 80. 80. 80. 80. 80. 80. 80. 80. 80. 80. 80. 80. 80. 80. 80. 80. 80. 80. 80. 80. 80. 80. 80. 80. 80. 80. 80. 80. 80. 80. 80. 80. 80. 80. 79. 79. 79. 79. 79. 79. 79. 79. 79. 79. 79. 79. 79. 79. 79. 79. 79. 79. 79. 79. 79. 79. 79. 79. 79. 79. 79. 79. 79. 79. 79. 79. 79. 79. 79. 79. 79. 79. 79. 79. 79. 79. 79. 79. 79. 79. 79.
  305  80. 80. 80. 80. 80. 80. 80. 80. 80. 80. 80. 80. 80. 80. 80. 80. 80. 80. 80. 80. 80. 80. 80. 80. 80. 80. 80. 80. 80. 80. 80. 80. 80. 80. 80. 80. 80. 80. 80. 80. 80. 80. 80. 80. 80. 80. 80. 80. 80. 80. 80. 80. 80. 80. 80. 80. 80. 80. 80. 80. 80. 80. 80. 80. 80. 80. 80. 80. 80. 80. 80. 80. 80. 80. 80. 80. 80. 80. 80. 80. 80. 80. 80. 80. 80. 80. 80. 80. 80. 80. 80. 80. 80. 80. 80. 80. 80. 80. 80. 80. 80. 80. 80. 80. 79. 79. 79. 79. 79. 79. 79. 79. 79. 79. 79. 79. 79. 79. 79. 79. 79. 79. 79. 79. 79. 79. 79. 79. 79. 79. 79. 79. 79. 79. 79. 79. 79. 79. 79. 79. 79. 79. 79. 79. 79. 79. 79. 79. 79. 79. 79.
  304  80. 80. 80. 80. 80. 80. 80. 80. 80. 80. 80. 80. 80. 80. 80. 80. 80. 80. 80. 80. 80. 80. 80. 80. 80. 80. 80. 80. 80. 80. 80. 80. 80. 80. 80. 80. 80. 80. 80. 80. 80. 80. 80. 80. 80. 80. 80. 80. 80. 80. 80. 80. 80. 80. 80. 80. 80. 80. 80. 80. 80. 80. 80. 80. 80. 80. 80. 80. 80. 80. 80. 80. 80. 80. 80. 80. 80. 80. 80. 80. 80. 80. 80. 80. 80. 80. 80. 80. 80. 80. 80. 80. 80. 80. 80. 80. 80. 80. 80. 80. 80. 80. 80. 79. 79. 79. 79. 79. 79. 79. 79. 79. 79. 79. 79. 79. 79. 79. 79. 79. 79. 79. 79. 79. 79. 79. 79. 79. 79. 79. 79. 79. 79. 79. 79. 79. 79. 79. 79. 79. 79. 79. 79. 79. 79. 79. 79. 79. 79. 79. 79.
  303  80. 80. 80. 80. 80. 80. 80. 80. 80. 80. 80. 80. 80. 80. 80. 80. 80. 80. 80. 80. 80. 80. 80. 80. 80. 80. 80. 80. 80. 80. 80. 80. 80. 80. 80. 80. 80. 80. 80. 80. 80. 80. 80. 80. 80. 80. 80. 80. 80. 80. 80. 80. 80. 80. 80. 80. 80. 80. 80. 80. 80. 80. 80. 80. 80. 80. 80. 80. 80. 80. 80. 80. 80. 80. 80. 80. 80. 80. 80. 80. 80. 80. 80. 80. 80. 80. 80. 80. 80. 80. 80. 80. 80. 80. 80. 80. 80. 80. 80. 80. 80. 80. 80. 79. 79. 79. 79. 79. 79. 79. 79. 79. 79. 79. 79. 79. 79. 79. 79. 79. 79. 79. 79. 79. 79. 79. 79. 79. 79. 79. 79. 79. 79. 79. 79. 79. 79. 79. 79. 79. 79. 79. 79. 79. 79. 79. 79. 79. 79. 79. 79.
  302  80. 80. 80. 80. 80. 80. 80. 80. 80. 80. 80. 80. 80. 80. 80. 80. 80. 80. 80. 80. 80. 80. 80. 80. 80. 80. 80. 80. 80. 80. 80. 80. 80. 80. 80. 80. 80. 80. 80. 80. 80. 80. 80. 80. 80. 80. 80. 80. 80. 80. 80. 80. 80. 80. 80. 80. 80. 80. 80. 80. 80. 80. 80. 80. 80. 80. 80. 80. 80. 80. 80. 80. 80. 80. 80. 80. 80. 80. 80. 80. 80. 80. 80. 80. 80. 80. 80. 80. 80. 80. 80. 80. 80. 80. 80. 80. 80. 80. 80. 80. 80. 80. 80. 79. 79. 79. 79. 79. 79. 79. 79. 79. 79. 79. 79. 79. 79. 79. 79. 79. 79. 79. 79. 79. 79. 79. 79. 79. 79. 79. 79. 79. 79. 79. 79. 79. 79. 79. 79. 79. 79. 79. 79. 79. 79. 79. 79. 79. 79. 79. 79.
  301  80. 80. 80. 80. 80. 80. 80. 80. 80. 80. 80. 80. 80. 80. 80. 80. 80. 80. 80. 80. 80. 80. 80. 80. 80. 80. 80. 80. 80. 80. 80. 80. 80. 80. 80. 80. 80. 80. 80. 80. 80. 80. 80. 80. 80. 80. 80. 80. 80. 80. 80. 80. 80. 80. 80. 80. 80. 80. 80. 80. 80. 80. 80. 80. 80. 80. 80. 80. 80. 80. 80. 80. 80. 80. 80. 80. 80. 80. 80. 80. 80. 80. 80. 80. 80. 80. 80. 80. 80. 80. 80. 80. 80. 80. 80. 80. 80. 80. 80. 80. 80. 80. 79. 79. 79. 79. 79. 79. 79. 79. 79. 79. 79. 79. 79. 79. 79. 79. 79. 79. 79. 79. 79. 79. 79. 79. 79. 79. 79. 79. 79. 79. 79. 79. 79. 79. 79. 79. 79. 79. 79. 79. 79. 79. 79. 79. 79. 79. 79. 79. 79.
  300  80. 80. 80. 80. 80. 80. 80. 80. 80. 80. 80. 80. 80. 80. 80. 80. 80. 80. 80. 80. 80. 80. 80. 80. 80. 80. 80. 80. 80. 80. 80. 80. 80. 80. 80. 80. 80. 80. 80. 80. 80. 80. 80. 80. 80. 80. 80. 80. 80. 80. 80. 80. 80. 80. 80. 80. 80. 80. 80. 80. 80. 80. 80. 80. 80. 80. 80. 80. 80. 80. 80. 80. 80. 80. 80. 80. 80. 80. 80. 80. 80. 80. 80. 80. 80. 80. 80. 80. 80. 80. 80. 80. 80. 80. 80. 80. 80. 80. 80. 80. 80. 80. 79. 79. 79. 79. 79. 79. 79. 79. 79. 79. 79. 79. 79. 79. 79. 79. 79. 79. 79. 79. 79. 79. 79. 79. 79. 79. 79. 79. 79. 79. 79. 79. 79. 79. 79. 79. 79. 79. 79. 79. 79. 79. 79. 79. 79. 79. 79. 79. 79.
  299  80. 80. 80. 80. 80. 80. 80. 80. 80. 80. 80. 80. 80. 80. 80. 80. 80. 80. 80. 80. 80. 80. 80. 80. 80. 80. 80. 80. 80. 80. 80. 80. 80. 80. 80. 80. 80. 80. 80. 80. 80. 80. 80. 80. 80. 80. 80. 80. 80. 80. 80. 80. 80. 80. 80. 80. 80. 80. 80. 80. 80. 80. 80. 80. 80. 80. 80. 80. 80. 80. 80. 80. 80. 80. 80. 80. 80. 80. 80. 80. 80. 80. 80. 80. 80. 80. 80. 80. 80. 80. 80. 80. 80. 80. 80. 80. 80. 80. 80. 80. 80. 80. 79. 79. 79. 79. 79. 79. 79. 79. 79. 79. 79. 79. 79. 79. 79. 79. 79. 79. 79. 79. 79. 79. 79. 79. 79. 79. 79. 79. 79. 79. 79. 79. 79. 79. 79. 79. 79. 79. 79. 79. 79. 79. 79. 79. 79. 79. 79. 79. 79.
  298  80. 80. 80. 80. 80. 80. 80. 80. 80. 80. 80. 80. 80. 80. 80. 80. 80. 80. 80. 80. 80. 80. 80. 80. 80. 80. 80. 80. 80. 80. 80. 80. 80. 80. 80. 80. 80. 80. 80. 80. 80. 80. 80. 80. 80. 80. 80. 80. 80. 80. 80. 80. 80. 80. 80. 80. 80. 80. 80. 80. 80. 80. 80. 80. 80. 80. 80. 80. 80. 80. 80. 80. 80. 80. 80. 80. 80. 80. 80. 80. 80. 80. 80. 80. 80. 80. 80. 80. 80. 80. 80. 80. 80. 80. 80. 80. 80. 80. 80. 80. 80. 79. 79. 79. 79. 79. 79. 79. 79. 79. 79. 79. 79. 79. 79. 79. 79. 79. 79. 79. 79. 79. 79. 79. 79. 79. 79. 79. 79. 79. 79. 79. 79. 79. 79. 79. 79. 79. 79. 79. 79. 79. 79. 79. 79. 79. 79. 79. 79. 79. 79.
  297  80. 80. 80. 80. 80. 80. 80. 80. 80. 80. 80. 80. 80. 80. 80. 80. 80. 80. 80. 80. 80. 80. 80. 80. 80. 80. 80. 80. 80. 80. 80. 80. 80. 80. 80. 80. 80. 80. 80. 80. 80. 80. 80. 80. 80. 80. 80. 80. 80. 80. 80. 80. 80. 80. 80. 80. 80. 80. 80. 80. 80. 80. 80. 80. 80. 80. 80. 80. 80. 80. 80. 80. 80. 80. 80. 80. 80. 80. 80. 80. 80. 80. 80. 80. 80. 80. 80. 80. 80. 80. 80. 80. 80. 80. 80. 80. 80. 80. 80. 80. 80. 79. 79. 79. 79. 79. 79. 79. 79. 79. 79. 79. 79. 79. 79. 79. 79. 79. 79. 79. 79. 79. 79. 79. 79. 79. 79. 79. 79. 79. 79. 79. 79. 79. 79. 79. 79. 79. 79. 79. 79. 79. 79. 79. 79. 79. 79. 79. 79. 79. 79.
  296  80. 80. 80. 80. 80. 80. 80. 80. 80. 80. 80. 80. 80. 80. 80. 80. 80. 80. 80. 80. 80. 80. 80. 80. 80. 80. 80. 80. 80. 80. 80. 80. 80. 80. 80. 80. 80. 80. 80. 80. 80. 80. 80. 80. 80. 80. 80. 80. 80. 80. 80. 80. 80. 80. 80. 80. 80. 80. 80. 80. 80. 80. 80. 80. 80. 80. 80. 80. 80. 80. 80. 80. 80. 80. 80. 80. 80. 80. 80. 80. 80. 80. 80. 80. 80. 80. 80. 80. 80. 80. 80. 80. 80. 80. 80. 80. 80. 80. 80. 80. 79. 79. 79. 79. 79. 79. 79. 79. 79. 79. 79. 79. 79. 79. 79. 79. 79. 79. 79. 79. 79. 79. 79. 79. 79. 79. 79. 79. 79. 79. 79. 79. 79. 79. 79. 79. 79. 79. 79. 79. 79. 79. 79. 79. 79. 79. 79. 79. 79. 79. 79.
  295  80. 80. 80. 80. 80. 80. 80. 80. 80. 80. 80. 80. 80. 80. 80. 80. 80. 80. 80. 80. 80. 80. 80. 80. 80. 80. 80. 80. 80. 80. 80. 80. 80. 80. 80. 80. 80. 80. 80. 80. 80. 80. 80. 80. 80. 80. 80. 80. 80. 80. 80. 80. 80. 80. 80. 80. 80. 80. 80. 80. 80. 80. 80. 80. 80. 80. 80. 80. 80. 80. 80. 80. 80. 80. 80. 80. 80. 80. 80. 80. 80. 80. 80. 80. 80. 80. 80. 80. 80. 80. 80. 80. 80. 80. 80. 80. 80. 80. 80. 80. 79. 79. 79. 79. 79. 79. 79. 79. 79. 79. 79. 79. 79. 79. 79. 79. 79. 79. 79. 79. 79. 79. 79. 79. 79. 79. 79. 79. 79. 79. 79. 79. 79. 79. 79. 79. 79. 79. 79. 79. 79. 79. 79. 79. 79. 79. 79. 79. 79. 79. 79.
  294  80. 80. 80. 80. 80. 80. 80. 80. 80. 80. 80. 80. 80. 80. 80. 80. 80. 80. 80. 80. 80. 80. 80. 80. 80. 80. 80. 80. 80. 80. 80. 80. 80. 80. 80. 80. 80. 80. 80. 80. 80. 80. 80. 80. 80. 80. 80. 80. 80. 80. 80. 80. 80. 80. 80. 80. 80. 80. 80. 80. 80. 80. 80. 80. 80. 80. 80. 80. 80. 80. 80. 80. 80. 80. 80. 80. 80. 80. 80. 80. 80. 80. 80. 80. 80. 80. 80. 80. 80. 80. 80. 80. 80. 80. 80. 80. 80. 80. 80. 80. 79. 79. 79. 79. 79. 79. 79. 79. 79. 79. 79. 79. 79. 79. 79. 79. 79. 79. 79. 79. 79. 79. 79. 79. 79. 79. 79. 79. 79. 79. 79. 79. 79. 79. 79. 79. 79. 79. 79. 79. 79. 79. 79. 79. 79. 79. 79. 79. 79. 79. 79.
  293  80. 80. 80. 80. 80. 80. 80. 80. 80. 80. 80. 80. 80. 80. 80. 80. 80. 80. 80. 80. 80. 80. 80. 80. 80. 80. 80. 80. 80. 80. 80. 80. 80. 80. 80. 80. 80. 80. 80. 80. 80. 80. 80. 80. 80. 80. 80. 80. 80. 80. 80. 80. 80. 80. 80. 80. 80. 80. 80. 80. 80. 80. 80. 80. 80. 80. 80. 80. 80. 80. 80. 80. 80. 80. 80. 80. 80. 80. 80. 80. 80. 80. 80. 80. 80. 80. 80. 80. 80. 80. 80. 80. 80. 80. 80. 80. 80. 80. 80. 79. 79. 79. 79. 79. 79. 79. 79. 79. 79. 79. 79. 79. 79. 79. 79. 79. 79. 79. 79. 79. 79. 79. 79. 79. 79. 79. 79. 79. 79. 79. 79. 79. 79. 79. 79. 79. 79. 79. 79. 79. 79. 79. 79. 79. 79. 79. 79. 79. 79. 79. 79.
  292  80. 80. 80. 80. 80. 80. 80. 80. 80. 80. 80. 80. 80. 80. 80. 80. 80. 80. 80. 80. 80. 80. 80. 80. 80. 80. 80. 80. 80. 80. 80. 80. 80. 80. 80. 80. 80. 80. 80. 80. 80. 80. 80. 80. 80. 80. 80. 80. 80. 80. 80. 80. 80. 80. 80. 80. 80. 80. 80. 80. 80. 80. 80. 80. 80. 80. 80. 80. 80. 80. 80. 80. 80. 80. 80. 80. 80. 80. 80. 80. 80. 80. 80. 80. 80. 80. 80. 80. 80. 80. 80. 80. 80. 80. 80. 80. 80. 80. 80. 79. 79. 79. 79. 79. 79. 79. 79. 79. 79. 79. 79. 79. 79. 79. 79. 79. 79. 79. 79. 79. 79. 79. 79. 79. 79. 79. 79. 79. 79. 79. 79. 79. 79. 79. 79. 79. 79. 79. 79. 79. 79. 79. 79. 79. 79. 79. 79. 79. 79. 79. 79.
  291  80. 80. 80. 80. 80. 80. 80. 80. 80. 80. 80. 80. 80. 80. 80. 80. 80. 80. 80. 80. 80. 80. 80. 80. 80. 80. 80. 80. 80. 80. 80. 80. 80. 80. 80. 80. 80. 80. 80. 80. 80. 80. 80. 80. 80. 80. 80. 80. 80. 80. 80. 80. 80. 80. 80. 80. 80. 80. 80. 80. 80. 80. 80. 80. 80. 80. 80. 80. 80. 80. 80. 80. 80. 80. 80. 80. 80. 80. 80. 80. 80. 80. 80. 80. 80. 80. 80. 80. 80. 80. 80. 80. 80. 80. 80. 80. 80. 80. 79. 79. 79. 79. 79. 79. 79. 79. 79. 79. 79. 79. 79. 79. 79. 79. 79. 79. 79. 79. 79. 79. 79. 79. 79. 79. 79. 79. 79. 79. 79. 79. 79. 79. 79. 79. 79. 79. 79. 79. 79. 79. 79. 79. 79. 79. 79. 79. 79. 79. 79. 79. 79.
  290  80. 80. 80. 80. 80. 80. 80. 80. 80. 80. 80. 80. 80. 80. 80. 80. 80. 80. 80. 80. 80. 80. 80. 80. 80. 80. 80. 80. 80. 80. 80. 80. 80. 80. 80. 80. 80. 80. 80. 80. 80. 80. 80. 80. 80. 80. 80. 80. 80. 80. 80. 80. 80. 80. 80. 80. 80. 80. 80. 80. 80. 80. 80. 80. 80. 80. 80. 80. 80. 80. 80. 80. 80. 80. 80. 80. 80. 80. 80. 80. 80. 80. 80. 80. 80. 80. 80. 80. 80. 80. 80. 80. 80. 80. 80. 80. 80. 80. 79. 79. 79. 79. 79. 79. 79. 79. 79. 79. 79. 79. 79. 79. 79. 79. 79. 79. 79. 79. 79. 79. 79. 79. 79. 79. 79. 79. 79. 79. 79. 79. 79. 79. 79. 79. 79. 79. 79. 79. 79. 79. 79. 79. 79. 79. 79. 79. 79. 79. 79. 79. 79.
  289  80. 80. 80. 80. 80. 80. 80. 80. 80. 80. 80. 80. 80. 80. 80. 80. 80. 80. 80. 80. 80. 80. 80. 80. 80. 80. 80. 80. 80. 80. 80. 80. 80. 80. 80. 80. 80. 80. 80. 80. 80. 80. 80. 80. 80. 80. 80. 80. 80. 80. 80. 80. 80. 80. 80. 80. 80. 80. 80. 80. 80. 80. 80. 80. 80. 80. 80. 80. 80. 80. 80. 80. 80. 80. 80. 80. 80. 80. 80. 80. 80. 80. 80. 80. 80. 80. 80. 80. 80. 80. 80. 80. 80. 80. 80. 80. 80. 79. 79. 79. 79. 79. 79. 79. 79. 79. 79. 79. 79. 79. 79. 79. 79. 79. 79. 79. 79. 79. 79. 79. 79. 79. 79. 79. 79. 79. 79. 79. 79. 79. 79. 79. 79. 79. 79. 79. 79. 79. 79. 79. 79. 79. 79. 79. 79. 79. 79. 79. 79. 79. 79.
  288  80. 80. 80. 80. 80. 80. 80. 80. 80. 80. 80. 80. 80. 80. 80. 80. 80. 80. 80. 80. 80. 80. 80. 80. 80. 80. 80. 80. 80. 80. 80. 80. 80. 80. 80. 80. 80. 80. 80. 80. 80. 80. 80. 80. 80. 80. 80. 80. 80. 80. 80. 80. 80. 80. 80. 80. 80. 80. 80. 80. 80. 80. 80. 80. 80. 80. 80. 80. 80. 80. 80. 80. 80. 80. 80. 80. 80. 80. 80. 80. 80. 80. 80. 80. 80. 80. 80. 80. 80. 80. 80. 80. 80. 80. 80. 80. 80. 79. 79. 79. 79. 79. 79. 79. 79. 79. 79. 79. 79. 79. 79. 79. 79. 79. 79. 79. 79. 79. 79. 79. 79. 79. 79. 79. 79. 79. 79. 79. 79. 79. 79. 79. 79. 79. 79. 79. 79. 79. 79. 79. 79. 79. 79. 79. 79. 79. 79. 79. 79. 79. 79.
  287  80. 80. 80. 80. 80. 80. 80. 80. 80. 80. 80. 80. 80. 80. 80. 80. 80. 80. 80. 80. 80. 80. 80. 80. 80. 80. 80. 80. 80. 80. 80. 80. 80. 80. 80. 80. 80. 80. 80. 80. 80. 80. 80. 80. 80. 80. 80. 80. 80. 80. 80. 80. 80. 80. 80. 80. 80. 80. 80. 80. 80. 80. 80. 80. 80. 80. 80. 80. 80. 80. 80. 80. 80. 80. 80. 80. 80. 80. 80. 80. 80. 80. 80. 80. 80. 80. 80. 80. 80. 80. 80. 80. 80. 80. 80. 80. 79. 79. 79. 79. 79. 79. 79. 79. 79. 79. 79. 79. 79. 79. 79. 79. 79. 79. 79. 79. 79. 79. 79. 79. 79. 79. 79. 79. 79. 79. 79. 79. 79. 79. 79. 79. 79. 79. 79. 79. 79. 79. 79. 79. 79. 79. 79. 79. 79. 79. 79. 79. 79. 79. 79.
  286  80. 80. 80. 80. 80. 80. 80. 80. 80. 80. 80. 80. 80. 80. 80. 80. 80. 80. 80. 80. 80. 80. 80. 80. 80. 80. 80. 80. 80. 80. 80. 80. 80. 80. 80. 80. 80. 80. 80. 80. 80. 80. 80. 80. 80. 80. 80. 80. 80. 80. 80. 80. 80. 80. 80. 80. 80. 80. 80. 80. 80. 80. 80. 80. 80. 80. 80. 80. 80. 80. 80. 80. 80. 80. 80. 80. 80. 80. 80. 80. 80. 80. 80. 80. 80. 80. 80. 80. 80. 80. 80. 80. 80. 80. 80. 80. 79. 79. 79. 79. 79. 79. 79. 79. 79. 79. 79. 79. 79. 79. 79. 79. 79. 79. 79. 79. 79. 79. 79. 79. 79. 79. 79. 79. 79. 79. 79. 79. 79. 79. 79. 79. 79. 79. 79. 79. 79. 79. 79. 79. 79. 79. 79. 79. 79. 79. 79. 79. 79. 79. 79.
  285  80. 80. 80. 80. 80. 80. 80. 80. 80. 80. 80. 80. 80. 80. 80. 80. 80. 80. 80. 80. 80. 80. 80. 80. 80. 80. 80. 80. 80. 80. 80. 80. 80. 80. 80. 80. 80. 80. 80. 80. 80. 80. 80. 80. 80. 80. 80. 80. 80. 80. 80. 80. 80. 80. 80. 80. 80. 80. 80. 80. 80. 80. 80. 80. 80. 80. 80. 80. 80. 80. 80. 80. 80. 80. 80. 80. 80. 80. 80. 80. 80. 80. 80. 80. 80. 80. 80. 80. 80. 80. 80. 80. 80. 80. 80. 79. 79. 79. 79. 79. 79. 79. 79. 79. 79. 79. 79. 79. 79. 79. 79. 79. 79. 79. 79. 79. 79. 79. 79. 79. 79. 79. 79. 79. 79. 79. 79. 79. 79. 79. 79. 79. 79. 79. 79. 79. 79. 79. 79. 79. 79. 79. 79. 79. 79. 79. 79. 79. 79. 79. 79.
  284  80. 80. 80. 80. 80. 80. 80. 80. 80. 80. 80. 80. 80. 80. 80. 80. 80. 80. 80. 80. 80. 80. 80. 80. 80. 80. 80. 80. 80. 80. 80. 80. 80. 80. 80. 80. 80. 80. 80. 80. 80. 80. 80. 80. 80. 80. 80. 80. 80. 80. 80. 80. 80. 80. 80. 80. 80. 80. 80. 80. 80. 80. 80. 80. 80. 80. 80. 80. 80. 80. 80. 80. 80. 80. 80. 80. 80. 80. 80. 80. 80. 80. 80. 80. 80. 80. 80. 80. 80. 80. 80. 80. 80. 80. 80. 79. 79. 79. 79. 79. 79. 79. 79. 79. 79. 79. 79. 79. 79. 79. 79. 79. 79. 79. 79. 79. 79. 79. 79. 79. 79. 79. 79. 79. 79. 79. 79. 79. 79. 79. 79. 79. 79. 79. 79. 79. 79. 79. 79. 79. 79. 79. 79. 79. 79. 79. 79. 79. 79. 79. 79.
  283  80. 80. 80. 80. 80. 80. 80. 80. 80. 80. 80. 80. 80. 80. 80. 80. 80. 80. 80. 80. 80. 80. 80. 80. 80. 80. 80. 80. 80. 80. 80. 80. 80. 80. 80. 80. 80. 80. 80. 80. 80. 80. 80. 80. 80. 80. 80. 80. 80. 80. 80. 80. 80. 80. 80. 80. 80. 80. 80. 80. 80. 80. 80. 80. 80. 80. 80. 80. 80. 80. 80. 80. 80. 80. 80. 80. 80. 80. 80. 80. 80. 80. 80. 80. 80. 80. 80. 80. 80. 80. 80. 80. 80. 80. 79. 79. 79. 79. 79. 79. 79. 79. 79. 79. 79. 79. 79. 79. 79. 79. 79. 79. 79. 79. 79. 79. 79. 79. 79. 79. 79. 79. 79. 79. 79. 79. 79. 79. 79. 79. 79. 79. 79. 79. 79. 79. 79. 79. 79. 79. 79. 79. 79. 79. 79. 79. 79. 79. 79. 79. 79.
  282  80. 80. 80. 80. 80. 80. 80. 80. 80. 80. 80. 80. 80. 80. 80. 80. 80. 80. 80. 80. 80. 80. 80. 80. 80. 80. 80. 80. 80. 80. 80. 80. 80. 80. 80. 80. 80. 80. 80. 80. 80. 80. 80. 80. 80. 80. 80. 80. 80. 80. 80. 80. 80. 80. 80. 80. 80. 80. 80. 80. 80. 80. 80. 80. 80. 80. 80. 80. 80. 80. 80. 80. 80. 80. 80. 80. 80. 80. 80. 80. 80. 80. 80. 80. 80. 80. 80. 80. 80. 80. 80. 80. 80. 80. 79. 79. 79. 79. 79. 79. 79. 79. 79. 79. 79. 79. 79. 79. 79. 79. 79. 79. 79. 79. 79. 79. 79. 79. 79. 79. 79. 79. 79. 79. 79. 79. 79. 79. 79. 79. 79. 79. 79. 79. 79. 79. 79. 79. 79. 79. 79. 79. 79. 79. 79. 79. 79. 79. 79. 79. 79.
  281  80. 80. 80. 80. 80. 80. 80. 80. 80. 80. 80. 80. 80. 80. 80. 80. 80. 80. 80. 80. 80. 80. 80. 80. 80. 80. 80. 80. 80. 80. 80. 80. 80. 80. 80. 80. 80. 80. 80. 80. 80. 80. 80. 80. 80. 80. 80. 80. 80. 80. 80. 80. 80. 80. 80. 80. 80. 80. 80. 80. 80. 80. 80. 80. 80. 80. 80. 80. 80. 80. 80. 80. 80. 80. 80. 80. 80. 80. 80. 80. 80. 80. 80. 80. 80. 80. 80. 80. 80. 80. 80. 80. 80. 79. 79. 79. 79. 79. 79. 79. 79. 79. 79. 79. 79. 79. 79. 79. 79. 79. 79. 79. 79. 79. 79. 79. 79. 79. 79. 79. 79. 79. 79. 79. 79. 79. 79. 79. 79. 79. 79. 79. 79. 79. 79. 79. 79. 79. 79. 79. 79. 79. 79. 79. 79. 79. 79. 79. 79. 79. 79.
  280  80. 80. 80. 80. 80. 80. 80. 80. 80. 80. 80. 80. 80. 80. 80. 80. 80. 80. 80. 80. 80. 80. 80. 80. 80. 80. 80. 80. 80. 80. 80. 80. 80. 80. 80. 80. 80. 80. 80. 80. 80. 80. 80. 80. 80. 80. 80. 80. 80. 80. 80. 80. 80. 80. 80. 80. 80. 80. 80. 80. 80. 80. 80. 80. 80. 80. 80. 80. 80. 80. 80. 80. 80. 80. 80. 80. 80. 80. 80. 80. 80. 80. 80. 80. 80. 80. 80. 80. 80. 80. 80. 80. 80. 79. 79. 79. 79. 79. 79. 79. 79. 79. 79. 79. 79. 79. 79. 79. 79. 79. 79. 79. 79. 79. 79. 79. 79. 79. 79. 79. 79. 79. 79. 79. 79. 79. 79. 79. 79. 79. 79. 79. 79. 79. 79. 79. 79. 79. 79. 79. 79. 79. 79. 79. 79. 79. 79. 79. 79. 79. 79.
  279  80. 80. 80. 80. 80. 80. 80. 80. 80. 80. 80. 80. 80. 80. 80. 80. 80. 80. 80. 80. 80. 80. 80. 80. 80. 80. 80. 80. 80. 80. 80. 80. 80. 80. 80. 80. 80. 80. 80. 80. 80. 80. 80. 80. 80. 80. 80. 80. 80. 80. 80. 80. 80. 80. 80. 80. 80. 80. 80. 80. 80. 80. 80. 80. 80. 80. 80. 80. 80. 80. 80. 80. 80. 80. 80. 80. 80. 80. 80. 80. 80. 80. 80. 80. 80. 80. 80. 80. 80. 80. 80. 80. 79. 79. 79. 79. 79. 79. 79. 79. 79. 79. 79. 79. 79. 79. 79. 79. 79. 79. 79. 79. 79. 79. 79. 79. 79. 79. 79. 79. 79. 79. 79. 79. 79. 79. 79. 79. 79. 79. 79. 79. 79. 79. 79. 79. 79. 79. 79. 79. 79. 79. 79. 79. 79. 79. 79. 79. 79. 79. 79.
  278  80. 80. 80. 80. 80. 80. 80. 80. 80. 80. 80. 80. 80. 80. 80. 80. 80. 80. 80. 80. 80. 80. 80. 80. 80. 80. 80. 80. 80. 80. 80. 80. 80. 80. 80. 80. 80. 80. 80. 80. 80. 80. 80. 80. 80. 80. 80. 80. 80. 80. 80. 80. 80. 80. 80. 80. 80. 80. 80. 80. 80. 80. 80. 80. 80. 80. 80. 80. 80. 80. 80. 80. 80. 80. 80. 80. 80. 80. 80. 80. 80. 80. 80. 80. 80. 80. 80. 80. 80. 80. 80. 80. 79. 79. 79. 79. 79. 79. 79. 79. 79. 79. 79. 79. 79. 79. 79. 79. 79. 79. 79. 79. 79. 79. 79. 79. 79. 79. 79. 79. 79. 79. 79. 79. 79. 79. 79. 79. 79. 79. 79. 79. 79. 79. 79. 79. 79. 79. 79. 79. 79. 79. 79. 79. 79. 79. 79. 79. 79. 79. 79.
  277  80. 80. 80. 80. 80. 80. 80. 80. 80. 80. 80. 80. 80. 80. 80. 80. 80. 80. 80. 80. 80. 80. 80. 80. 80. 80. 80. 80. 80. 80. 80. 80. 80. 80. 80. 80. 80. 80. 80. 80. 80. 80. 80. 80. 80. 80. 80. 80. 80. 80. 80. 80. 80. 80. 80. 80. 80. 80. 80. 80. 80. 80. 80. 80. 80. 80. 80. 80. 80. 80. 80. 80. 80. 80. 80. 80. 80. 80. 80. 80. 80. 80. 80. 80. 80. 80. 80. 80. 80. 80. 80. 79. 79. 79. 79. 79. 79. 79. 79. 79. 79. 79. 79. 79. 79. 79. 79. 79. 79. 79. 79. 79. 79. 79. 79. 79. 79. 79. 79. 79. 79. 79. 79. 79. 79. 79. 79. 79. 79. 79. 79. 79. 79. 79. 79. 79. 79. 79. 79. 79. 79. 79. 79. 79. 79. 79. 79. 79. 79. 79. 79.
  276  80. 80. 80. 80. 80. 80. 80. 80. 80. 80. 80. 80. 80. 80. 80. 80. 80. 80. 80. 80. 80. 80. 80. 80. 80. 80. 80. 80. 80. 80. 80. 80. 80. 80. 80. 80. 80. 80. 80. 80. 80. 80. 80. 80. 80. 80. 80. 80. 80. 80. 80. 80. 80. 80. 80. 80. 80. 80. 80. 80. 80. 80. 80. 80. 80. 80. 80. 80. 80. 80. 80. 80. 80. 80. 80. 80. 80. 80. 80. 80. 80. 80. 80. 80. 80. 80. 80. 80. 80. 80. 79. 79. 79. 79. 79. 79. 79. 79. 79. 79. 79. 79. 79. 79. 79. 79. 79. 79. 79. 79. 79. 79. 79. 79. 79. 79. 79. 79. 79. 79. 79. 79. 79. 79. 79. 79. 79. 79. 79. 79. 79. 79. 79. 79. 79. 79. 79. 79. 79. 79. 79. 79. 79. 79. 79. 79. 79. 79. 79. 79. 79.
  275  80. 80. 80. 80. 80. 80. 80. 80. 80. 80. 80. 80. 80. 80. 80. 80. 80. 80. 80. 80. 80. 80. 80. 80. 80. 80. 80. 80. 80. 80. 80. 80. 80. 80. 80. 80. 80. 80. 80. 80. 80. 80. 80. 80. 80. 80. 80. 80. 80. 80. 80. 80. 80. 80. 80. 80. 80. 80. 80. 80. 80. 80. 80. 80. 80. 80. 80. 80. 80. 80. 80. 80. 80. 80. 80. 80. 80. 80. 80. 80. 80. 80. 80. 80. 80. 80. 80. 80. 80. 80. 79. 79. 79. 79. 79. 79. 79. 79. 79. 79. 79. 79. 79. 79. 79. 79. 79. 79. 79. 79. 79. 79. 79. 79. 79. 79. 79. 79. 79. 79. 79. 79. 79. 79. 79. 79. 79. 79. 79. 79. 79. 79. 79. 79. 79. 79. 79. 79. 79. 79. 79. 79. 79. 79. 79. 79. 79. 79. 79. 79. 79.
  274  80. 80. 80. 80. 80. 80. 80. 80. 80. 80. 80. 80. 80. 80. 80. 80. 80. 80. 80. 80. 80. 80. 80. 80. 80. 80. 80. 80. 80. 80. 80. 80. 80. 80. 80. 80. 80. 80. 80. 80. 80. 80. 80. 80. 80. 80. 80. 80. 80. 80. 80. 80. 80. 80. 80. 80. 80. 80. 80. 80. 80. 80. 80. 80. 80. 80. 80. 80. 80. 80. 80. 80. 80. 80. 80. 80. 80. 80. 80. 80. 80. 80. 80. 80. 80. 80. 80. 80. 80. 79. 79. 79. 79. 79. 79. 79. 79. 79. 79. 79. 79. 79. 79. 79. 79. 79. 79. 79. 79. 79. 79. 79. 79. 79. 79. 79. 79. 79. 79. 79. 79. 79. 79. 79. 79. 79. 79. 79. 79. 79. 79. 79. 79. 79. 79. 79. 79. 79. 79. 79. 79. 79. 79. 79. 79. 79. 79. 79. 79. 79. 79.
  273  80. 80. 80. 80. 80. 80. 80. 80. 80. 80. 80. 80. 80. 80. 80. 80. 80. 80. 80. 80. 80. 80. 80. 80. 80. 80. 80. 80. 80. 80. 80. 80. 80. 80. 80. 80. 80. 80. 80. 80. 80. 80. 80. 80. 80. 80. 80. 80. 80. 80. 80. 80. 80. 80. 80. 80. 80. 80. 80. 80. 80. 80. 80. 80. 80. 80. 80. 80. 80. 80. 80. 80. 80. 80. 80. 80. 80. 80. 80. 80. 80. 80. 80. 80. 80. 80. 80. 80. 80. 79. 79. 79. 79. 79. 79. 79. 79. 79. 79. 79. 79. 79. 79. 79. 79. 79. 79. 79. 79. 79. 79. 79. 79. 79. 79. 79. 79. 79. 79. 79. 79. 79. 79. 79. 79. 79. 79. 79. 79. 79. 79. 79. 79. 79. 79. 79. 79. 79. 79. 79. 79. 79. 79. 79. 79. 79. 79. 79. 79. 79. 79.
  272  80. 80. 80. 80. 80. 80. 80. 80. 80. 80. 80. 80. 80. 80. 80. 80. 80. 80. 80. 80. 80. 80. 80. 80. 80. 80. 80. 80. 80. 80. 80. 80. 80. 80. 80. 80. 80. 80. 80. 80. 80. 80. 80. 80. 80. 80. 80. 80. 80. 80. 80. 80. 80. 80. 80. 80. 80. 80. 80. 80. 80. 80. 80. 80. 80. 80. 80. 80. 80. 80. 80. 80. 80. 80. 80. 80. 80. 80. 80. 80. 80. 80. 80. 80. 80. 80. 80. 80. 79. 79. 79. 79. 79. 79. 79. 79. 79. 79. 79. 79. 79. 79. 79. 79. 79. 79. 79. 79. 79. 79. 79. 79. 79. 79. 79. 79. 79. 79. 79. 79. 79. 79. 79. 79. 79. 79. 79. 79. 79. 79. 79. 79. 79. 79. 79. 79. 79. 79. 79. 79. 79. 79. 79. 79. 79. 79. 79. 79. 79. 79. 79.
  271  80. 80. 80. 80. 80. 80. 80. 80. 80. 80. 80. 80. 80. 80. 80. 80. 80. 80. 80. 80. 80. 80. 80. 80. 80. 80. 80. 80. 80. 80. 80. 80. 80. 80. 80. 80. 80. 80. 80. 80. 80. 80. 80. 80. 80. 80. 80. 80. 80. 80. 80. 80. 80. 80. 80. 80. 80. 80. 80. 80. 80. 80. 80. 80. 80. 80. 80. 80. 80. 80. 80. 80. 80. 80. 80. 80. 80. 80. 80. 80. 80. 80. 80. 80. 80. 80. 80. 79. 79. 79. 79. 79. 79. 79. 79. 79. 79. 79. 79. 79. 79. 79. 79. 79. 79. 79. 79. 79. 79. 79. 79. 79. 79. 79. 79. 79. 79. 79. 79. 79. 79. 79. 79. 79. 79. 79. 79. 79. 79. 79. 79. 79. 79. 79. 79. 79. 79. 79. 79. 79. 79. 79. 79. 79. 79. 79. 79. 79. 79. 79. 79.
  270  80. 80. 80. 80. 80. 80. 80. 80. 80. 80. 80. 80. 80. 80. 80. 80. 80. 80. 80. 80. 80. 80. 80. 80. 80. 80. 80. 80. 80. 80. 80. 80. 80. 80. 80. 80. 80. 80. 80. 80. 80. 80. 80. 80. 80. 80. 80. 80. 80. 80. 80. 80. 80. 80. 80. 80. 80. 80. 80. 80. 80. 80. 80. 80. 80. 80. 80. 80. 80. 80. 80. 80. 80. 80. 80. 80. 80. 80. 80. 80. 80. 80. 80. 80. 80. 80. 80. 79. 79. 79. 79. 79. 79. 79. 79. 79. 79. 79. 79. 79. 79. 79. 79. 79. 79. 79. 79. 79. 79. 79. 79. 79. 79. 79. 79. 79. 79. 79. 79. 79. 79. 79. 79. 79. 79. 79. 79. 79. 79. 79. 79. 79. 79. 79. 79. 79. 79. 79. 79. 79. 79. 79. 79. 79. 79. 79. 79. 79. 79. 79. 79.
  269  80. 80. 80. 80. 80. 80. 80. 80. 80. 80. 80. 80. 80. 80. 80. 80. 80. 80. 80. 80. 80. 80. 80. 80. 80. 80. 80. 80. 80. 80. 80. 80. 80. 80. 80. 80. 80. 80. 80. 80. 80. 80. 80. 80. 80. 80. 80. 80. 80. 80. 80. 80. 80. 80. 80. 80. 80. 80. 80. 80. 80. 80. 80. 80. 80. 80. 80. 80. 80. 80. 80. 80. 80. 80. 80. 80. 80. 80. 80. 80. 80. 80. 80. 80. 80. 80. 79. 79. 79. 79. 79. 79. 79. 79. 79. 79. 79. 79. 79. 79. 79. 79. 79. 79. 79. 79. 79. 79. 79. 79. 79. 79. 79. 79. 79. 79. 79. 79. 79. 79. 79. 79. 79. 79. 79. 79. 79. 79. 79. 79. 79. 79. 79. 79. 79. 79. 79. 79. 79. 79. 79. 79. 79. 79. 79. 79. 79. 79. 79. 79. 79.
  268  80. 80. 80. 80. 80. 80. 80. 80. 80. 80. 80. 80. 80. 80. 80. 80. 80. 80. 80. 80. 80. 80. 80. 80. 80. 80. 80. 80. 80. 80. 80. 80. 80. 80. 80. 80. 80. 80. 80. 80. 80. 80. 80. 80. 80. 80. 80. 80. 80. 80. 80. 80. 80. 80. 80. 80. 80. 80. 80. 80. 80. 80. 80. 80. 80. 80. 80. 80. 80. 80. 80. 80. 80. 80. 80. 80. 80. 80. 80. 80. 80. 80. 80. 80. 80. 79. 79. 79. 79. 79. 79. 79. 79. 79. 79. 79. 79. 79. 79. 79. 79. 79. 79. 79. 79. 79. 79. 79. 79. 79. 79. 79. 79. 79. 79. 79. 79. 79. 79. 79. 79. 79. 79. 79. 79. 79. 79. 79. 79. 79. 79. 79. 79. 79. 79. 79. 79. 79. 79. 79. 79. 79. 79. 79. 79. 79. 79. 79. 79. 79. 79.
  267  80. 80. 80. 80. 80. 80. 80. 80. 80. 80. 80. 80. 80. 80. 80. 80. 80. 80. 80. 80. 80. 80. 80. 80. 80. 80. 80. 80. 80. 80. 80. 80. 80. 80. 80. 80. 80. 80. 80. 80. 80. 80. 80. 80. 80. 80. 80. 80. 80. 80. 80. 80. 80. 80. 80. 80. 80. 80. 80. 80. 80. 80. 80. 80. 80. 80. 80. 80. 80. 80. 80. 80. 80. 80. 80. 80. 80. 80. 80. 80. 80. 80. 80. 80. 80. 79. 79. 79. 79. 79. 79. 79. 79. 79. 79. 79. 79. 79. 79. 79. 79. 79. 79. 79. 79. 79. 79. 79. 79. 79. 79. 79. 79. 79. 79. 79. 79. 79. 79. 79. 79. 79. 79. 79. 79. 79. 79. 79. 79. 79. 79. 79. 79. 79. 79. 79. 79. 79. 79. 79. 79. 79. 79. 79. 79. 79. 79. 79. 79. 79. 79.
  266  80. 80. 80. 80. 80. 80. 80. 80. 80. 80. 80. 80. 80. 80. 80. 80. 80. 80. 80. 80. 80. 80. 80. 80. 80. 80. 80. 80. 80. 80. 80. 80. 80. 80. 80. 80. 80. 80. 80. 80. 80. 80. 80. 80. 80. 80. 80. 80. 80. 80. 80. 80. 80. 80. 80. 80. 80. 80. 80. 80. 80. 80. 80. 80. 80. 80. 80. 80. 80. 80. 80. 80. 80. 80. 80. 80. 80. 80. 80. 80. 80. 80. 80. 80. 79. 79. 79. 79. 79. 79. 79. 79. 79. 79. 79. 79. 79. 79. 79. 79. 79. 79. 79. 79. 79. 79. 79. 79. 79. 79. 79. 79. 79. 79. 79. 79. 79. 79. 79. 79. 79. 79. 79. 79. 79. 79. 79. 79. 79. 79. 79. 79. 79. 79. 79. 79. 79. 79. 79. 79. 79. 79. 79. 79. 79. 79. 79. 79. 79. 79. 79.
  265  80. 80. 80. 80. 80. 80. 80. 80. 80. 80. 80. 80. 80. 80. 80. 80. 80. 80. 80. 80. 80. 80. 80. 80. 80. 80. 80. 80. 80. 80. 80. 80. 80. 80. 80. 80. 80. 80. 80. 80. 80. 80. 80. 80. 80. 80. 80. 80. 80. 80. 80. 80. 80. 80. 80. 80. 80. 80. 80. 80. 80. 80. 80. 80. 80. 80. 80. 80. 80. 80. 80. 80. 80. 80. 80. 80. 80. 80. 80. 80. 80. 80. 80. 79. 79. 79. 79. 79. 79. 79. 79. 79. 79. 79. 79. 79. 79. 79. 79. 79. 79. 79. 79. 79. 79. 79. 79. 79. 79. 79. 79. 79. 79. 79. 79. 79. 79. 79. 79. 79. 79. 79. 79. 79. 79. 79. 79. 79. 79. 79. 79. 79. 79. 79. 79. 79. 79. 79. 79. 79. 79. 79. 79. 79. 79. 79. 79. 79. 79. 79. 79.
  264  80. 80. 80. 80. 80. 80. 80. 80. 80. 80. 80. 80. 80. 80. 80. 80. 80. 80. 80. 80. 80. 80. 80. 80. 80. 80. 80. 80. 80. 80. 80. 80. 80. 80. 80. 80. 80. 80. 80. 80. 80. 80. 80. 80. 80. 80. 80. 80. 80. 80. 80. 80. 80. 80. 80. 80. 80. 80. 80. 80. 80. 80. 80. 80. 80. 80. 80. 80. 80. 80. 80. 80. 80. 80. 80. 80. 80. 80. 80. 80. 80. 80. 80. 79. 79. 79. 79. 79. 79. 79. 79. 79. 79. 79. 79. 79. 79. 79. 79. 79. 79. 79. 79. 79. 79. 79. 79. 79. 79. 79. 79. 79. 79. 79. 79. 79. 79. 79. 79. 79. 79. 79. 79. 79. 79. 79. 79. 79. 79. 79. 79. 79. 79. 79. 79. 79. 79. 79. 79. 79. 79. 79. 79. 79. 79. 79. 79. 79. 79. 79. 79.
  263  80. 80. 80. 80. 80. 80. 80. 80. 80. 80. 80. 80. 80. 80. 80. 80. 80. 80. 80. 80. 80. 80. 80. 80. 80. 80. 80. 80. 80. 80. 80. 80. 80. 80. 80. 80. 80. 80. 80. 80. 80. 80. 80. 80. 80. 80. 80. 80. 80. 80. 80. 80. 80. 80. 80. 80. 80. 80. 80. 80. 80. 80. 80. 80. 80. 80. 80. 80. 80. 80. 80. 80. 80. 80. 80. 80. 80. 80. 80. 80. 80. 80. 79. 79. 79. 79. 79. 79. 79. 79. 79. 79. 79. 79. 79. 79. 79. 79. 79. 79. 79. 79. 79. 79. 79. 79. 79. 79. 79. 79. 79. 79. 79. 79. 79. 79. 79. 79. 79. 79. 79. 79. 79. 79. 79. 79. 79. 79. 79. 79. 79. 79. 79. 79. 79. 79. 79. 79. 79. 79. 79. 79. 79. 79. 79. 79. 79. 79. 79. 79. 79.
  262  80. 80. 80. 80. 80. 80. 80. 80. 80. 80. 80. 80. 80. 80. 80. 80. 80. 80. 80. 80. 80. 80. 80. 80. 80. 80. 80. 80. 80. 80. 80. 80. 80. 80. 80. 80. 80. 80. 80. 80. 80. 80. 80. 80. 80. 80. 80. 80. 80. 80. 80. 80. 80. 80. 80. 80. 80. 80. 80. 80. 80. 80. 80. 80. 80. 80. 80. 80. 80. 80. 80. 80. 80. 80. 80. 80. 80. 80. 80. 80. 80. 79. 79. 79. 79. 79. 79. 79. 79. 79. 79. 79. 79. 79. 79. 79. 79. 79. 79. 79. 79. 79. 79. 79. 79. 79. 79. 79. 79. 79. 79. 79. 79. 79. 79. 79. 79. 79. 79. 79. 79. 79. 79. 79. 79. 79. 79. 79. 79. 79. 79. 79. 79. 79. 79. 79. 79. 79. 79. 79. 79. 79. 79. 79. 79. 79. 79. 79. 79. 79. 79.
  261  80. 80. 80. 80. 80. 80. 80. 80. 80. 80. 80. 80. 80. 80. 80. 80. 80. 80. 80. 80. 80. 80. 80. 80. 80. 80. 80. 80. 80. 80. 80. 80. 80. 80. 80. 80. 80. 80. 80. 80. 80. 80. 80. 80. 80. 80. 80. 80. 80. 80. 80. 80. 80. 80. 80. 80. 80. 80. 80. 80. 80. 80. 80. 80. 80. 80. 80. 80. 80. 80. 80. 80. 80. 80. 80. 80. 80. 80. 80. 80. 79. 79. 79. 79. 79. 79. 79. 79. 79. 79. 79. 79. 79. 79. 79. 79. 79. 79. 79. 79. 79. 79. 79. 79. 79. 79. 79. 79. 79. 79. 79. 79. 79. 79. 79. 79. 79. 79. 79. 79. 79. 79. 79. 79. 79. 79. 79. 79. 79. 79. 79. 79. 79. 79. 79. 79. 79. 79. 79. 79. 79. 79. 79. 79. 79. 79. 79. 79. 79. 79. 79.
  260  80. 80. 80. 80. 80. 80. 80. 80. 80. 80. 80. 80. 80. 80. 80. 80. 80. 80. 80. 80. 80. 80. 80. 80. 80. 80. 80. 80. 80. 80. 80. 80. 80. 80. 80. 80. 80. 80. 80. 80. 80. 80. 80. 80. 80. 80. 80. 80. 80. 80. 80. 80. 80. 80. 80. 80. 80. 80. 80. 80. 80. 80. 80. 80. 80. 80. 80. 80. 80. 80. 80. 80. 80. 80. 80. 80. 80. 80. 80. 79. 79. 79. 79. 79. 79. 79. 79. 79. 79. 79. 79. 79. 79. 79. 79. 79. 79. 79. 79. 79. 79. 79. 79. 79. 79. 79. 79. 79. 79. 79. 79. 79. 79. 79. 79. 79. 79. 79. 79. 79. 79. 79. 79. 79. 79. 79. 79. 79. 79. 79. 79. 79. 79. 79. 79. 79. 79. 79. 79. 79. 79. 79. 79. 79. 79. 79. 79. 79. 79. 79. 79.
  259  80. 80. 80. 80. 80. 80. 80. 80. 80. 80. 80. 80. 80. 80. 80. 80. 80. 80. 80. 80. 80. 80. 80. 80. 80. 80. 80. 80. 80. 80. 80. 80. 80. 80. 80. 80. 80. 80. 80. 80. 80. 80. 80. 80. 80. 80. 80. 80. 80. 80. 80. 80. 80. 80. 80. 80. 80. 80. 80. 80. 80. 80. 80. 80. 80. 80. 80. 80. 80. 80. 80. 80. 80. 80. 80. 80. 80. 80. 80. 79. 79. 79. 79. 79. 79. 79. 79. 79. 79. 79. 79. 79. 79. 79. 79. 79. 79. 79. 79. 79. 79. 79. 79. 79. 79. 79. 79. 79. 79. 79. 79. 79. 79. 79. 79. 79. 79. 79. 79. 79. 79. 79. 79. 79. 79. 79. 79. 79. 79. 79. 79. 79. 79. 79. 79. 79. 79. 79. 79. 79. 79. 79. 79. 79. 79. 79. 79. 79. 79. 79. 79.
  258  80. 80. 80. 80. 80. 80. 80. 80. 80. 80. 80. 80. 80. 80. 80. 80. 80. 80. 80. 80. 80. 80. 80. 80. 80. 80. 80. 80. 80. 80. 80. 80. 80. 80. 80. 80. 80. 80. 80. 80. 80. 80. 80. 80. 80. 80. 80. 80. 80. 80. 80. 80. 80. 80. 80. 80. 80. 80. 80. 80. 80. 80. 80. 80. 80. 80. 80. 80. 80. 80. 80. 80. 80. 80. 80. 80. 80. 80. 79. 79. 79. 79. 79. 79. 79. 79. 79. 79. 79. 79. 79. 79. 79. 79. 79. 79. 79. 79. 79. 79. 79. 79. 79. 79. 79. 79. 79. 79. 79. 79. 79. 79. 79. 79. 79. 79. 79. 79. 79. 79. 79. 79. 79. 79. 79. 79. 79. 79. 79. 79. 79. 79. 79. 79. 79. 79. 79. 79. 79. 79. 79. 79. 79. 79. 79. 79. 79. 79. 79. 79. 79.
  257  80. 80. 80. 80. 80. 80. 80. 80. 80. 80. 80. 80. 80. 80. 80. 80. 80. 80. 80. 80. 80. 80. 80. 80. 80. 80. 80. 80. 80. 80. 80. 80. 80. 80. 80. 80. 80. 80. 80. 80. 80. 80. 80. 80. 80. 80. 80. 80. 80. 80. 80. 80. 80. 80. 80. 80. 80. 80. 80. 80. 80. 80. 80. 80. 80. 80. 80. 80. 80. 80. 80. 80. 80. 80. 80. 80. 80. 79. 79. 79. 79. 79. 79. 79. 79. 79. 79. 79. 79. 79. 79. 79. 79. 79. 79. 79. 79. 79. 79. 79. 79. 79. 79. 79. 79. 79. 79. 79. 79. 79. 79. 79. 79. 79. 79. 79. 79. 79. 79. 79. 79. 79. 79. 79. 79. 79. 79. 79. 79. 79. 79. 79. 79. 79. 79. 79. 79. 79. 79. 79. 79. 79. 79. 79. 79. 79. 79. 79. 79. 79. 79.
  256  80. 80. 80. 80. 80. 80. 80. 80. 80. 80. 80. 80. 80. 80. 80. 80. 80. 80. 80. 80. 80. 80. 80. 80. 80. 80. 80. 80. 80. 80. 80. 80. 80. 80. 80. 80. 80. 80. 80. 80. 80. 80. 80. 80. 80. 80. 80. 80. 80. 80. 80. 80. 80. 80. 80. 80. 80. 80. 80. 80. 80. 80. 80. 80. 80. 80. 80. 80. 80. 80. 80. 80. 80. 80. 80. 80. 79. 79. 79. 79. 79. 79. 79. 79. 79. 79. 79. 79. 79. 79. 79. 79. 79. 79. 79. 79. 79. 79. 79. 79. 79. 79. 79. 79. 79. 79. 79. 79. 79. 79. 79. 79. 79. 79. 79. 79. 79. 79. 79. 79. 79. 79. 79. 79. 79. 79. 79. 79. 79. 79. 79. 79. 79. 79. 79. 79. 79. 79. 79. 79. 79. 79. 79. 79. 79. 79. 79. 79. 79. 79. 79.
  255  80. 80. 80. 80. 80. 80. 80. 80. 80. 80. 80. 80. 80. 80. 80. 80. 80. 80. 80. 80. 80. 80. 80. 80. 80. 80. 80. 80. 80. 80. 80. 80. 80. 80. 80. 80. 80. 80. 80. 80. 80. 80. 80. 80. 80. 80. 80. 80. 80. 80. 80. 80. 80. 80. 80. 80. 80. 80. 80. 80. 80. 80. 80. 80. 80. 80. 80. 80. 80. 80. 80. 80. 80. 80. 80. 79. 79. 79. 79. 79. 79. 79. 79. 79. 79. 79. 79. 79. 79. 79. 79. 79. 79. 79. 79. 79. 79. 79. 79. 79. 79. 79. 79. 79. 79. 79. 79. 79. 79. 79. 79. 79. 79. 79. 79. 79. 79. 79. 79. 79. 79. 79. 79. 79. 79. 79. 79. 79. 79. 79. 79. 79. 79. 79. 79. 79. 79. 79. 79. 79. 79. 79. 79. 79. 79. 79. 79. 79. 79. 79. 79.
  254  80. 80. 80. 80. 80. 80. 80. 80. 80. 80. 80. 80. 80. 80. 80. 80. 80. 80. 80. 80. 80. 80. 80. 80. 80. 80. 80. 80. 80. 80. 80. 80. 80. 80. 80. 80. 80. 80. 80. 80. 80. 80. 80. 80. 80. 80. 80. 80. 80. 80. 80. 80. 80. 80. 80. 80. 80. 80. 80. 80. 80. 80. 80. 80. 80. 80. 80. 80. 80. 80. 80. 80. 80. 80. 80. 79. 79. 79. 79. 79. 79. 79. 79. 79. 79. 79. 79. 79. 79. 79. 79. 79. 79. 79. 79. 79. 79. 79. 79. 79. 79. 79. 79. 79. 79. 79. 79. 79. 79. 79. 79. 79. 79. 79. 79. 79. 79. 79. 79. 79. 79. 79. 79. 79. 79. 79. 79. 79. 79. 79. 79. 79. 79. 79. 79. 79. 79. 79. 79. 79. 79. 79. 79. 79. 79. 79. 79. 79. 79. 79. 79.
  253  80. 80. 80. 80. 80. 80. 80. 80. 80. 80. 80. 80. 80. 80. 80. 80. 80. 80. 80. 80. 80. 80. 80. 80. 80. 80. 80. 80. 80. 80. 80. 80. 80. 80. 80. 80. 80. 80. 80. 80. 80. 80. 80. 80. 80. 80. 80. 80. 80. 80. 80. 80. 80. 80. 80. 80. 80. 80. 80. 80. 80. 80. 80. 80. 80. 80. 80. 80. 80. 80. 80. 80. 80. 80. 79. 79. 79. 79. 79. 79. 79. 79. 79. 79. 79. 79. 79. 79. 79. 79. 79. 79. 79. 79. 79. 79. 79. 79. 79. 79. 79. 79. 79. 79. 79. 79. 79. 79. 79. 79. 79. 79. 79. 79. 79. 79. 79. 79. 79. 79. 79. 79. 79. 79. 79. 79. 79. 79. 79. 79. 79. 79. 79. 79. 79. 79. 79. 79. 79. 79. 79. 79. 79. 79. 79. 79. 79. 79. 79. 79. 79.
  252  80. 80. 80. 80. 80. 80. 80. 80. 80. 80. 80. 80. 80. 80. 80. 80. 80. 80. 80. 80. 80. 80. 80. 80. 80. 80. 80. 80. 80. 80. 80. 80. 80. 80. 80. 80. 80. 80. 80. 80. 80. 80. 80. 80. 80. 80. 80. 80. 80. 80. 80. 80. 80. 80. 80. 80. 80. 80. 80. 80. 80. 80. 80. 80. 80. 80. 80. 80. 80. 80. 80. 80. 80. 79. 79. 79. 79. 79. 79. 79. 79. 79. 79. 79. 79. 79. 79. 79. 79. 79. 79. 79. 79. 79. 79. 79. 79. 79. 79. 79. 79. 79. 79. 79. 79. 79. 79. 79. 79. 79. 79. 79. 79. 79. 79. 79. 79. 79. 79. 79. 79. 79. 79. 79. 79. 79. 79. 79. 79. 79. 79. 79. 79. 79. 79. 79. 79. 79. 79. 79. 79. 79. 79. 79. 79. 79. 79. 79. 79. 79. 79.
  251  80. 80. 80. 80. 80. 80. 80. 80. 80. 80. 80. 80. 80. 80. 80. 80. 80. 80. 80. 80. 80. 80. 80. 80. 80. 80. 80. 80. 80. 80. 80. 80. 80. 80. 80. 80. 80. 80. 80. 80. 80. 80. 80. 80. 80. 80. 80. 80. 80. 80. 80. 80. 80. 80. 80. 80. 80. 80. 80. 80. 80. 80. 80. 80. 80. 80. 80. 80. 80. 80. 80. 80. 79. 79. 79. 79. 79. 79. 79. 79. 79. 79. 79. 79. 79. 79. 79. 79. 79. 79. 79. 79. 79. 79. 79. 79. 79. 79. 79. 79. 79. 79. 79. 79. 79. 79. 79. 79. 79. 79. 79. 79. 79. 79. 79. 79. 79. 79. 79. 79. 79. 79. 79. 79. 79. 79. 79. 79. 79. 79. 79. 79. 79. 79. 79. 79. 79. 79. 79. 79. 79. 79. 79. 79. 79. 79. 79. 79. 79. 79. 79.
  250  80. 80. 80. 80. 80. 80. 80. 80. 80. 80. 80. 80. 80. 80. 80. 80. 80. 80. 80. 80. 80. 80. 80. 80. 80. 80. 80. 80. 80. 80. 80. 80. 80. 80. 80. 80. 80. 80. 80. 80. 80. 80. 80. 80. 80. 80. 80. 80. 80. 80. 80. 80. 80. 80. 80. 80. 80. 80. 80. 80. 80. 80. 80. 80. 80. 80. 80. 80. 80. 80. 80. 79. 79. 79. 79. 79. 79. 79. 79. 79. 79. 79. 79. 79. 79. 79. 79. 79. 79. 79. 79. 79. 79. 79. 79. 79. 79. 79. 79. 79. 79. 79. 79. 79. 79. 79. 79. 79. 79. 79. 79. 79. 79. 79. 79. 79. 79. 79. 79. 79. 79. 79. 79. 79. 79. 79. 79. 79. 79. 79. 79. 79. 79. 79. 79. 79. 79. 79. 79. 79. 79. 79. 79. 79. 79. 79. 79. 79. 79. 79. 79.
  249  80. 80. 80. 80. 80. 80. 80. 80. 80. 80. 80. 80. 80. 80. 80. 80. 80. 80. 80. 80. 80. 80. 80. 80. 80. 80. 80. 80. 80. 80. 80. 80. 80. 80. 80. 80. 80. 80. 80. 80. 80. 80. 80. 80. 80. 80. 80. 80. 80. 80. 80. 80. 80. 80. 80. 80. 80. 80. 80. 80. 80. 80. 80. 80. 80. 80. 80. 80. 80. 80. 79. 79. 79. 79. 79. 79. 79. 79. 79. 79. 79. 79. 79. 79. 79. 79. 79. 79. 79. 79. 79. 79. 79. 79. 79. 79. 79. 79. 79. 79. 79. 79. 79. 79. 79. 79. 79. 79. 79. 79. 79. 79. 79. 79. 79. 79. 79. 79. 79. 79. 79. 79. 79. 79. 79. 79. 79. 79. 79. 79. 79. 79. 79. 79. 79. 79. 79. 79. 79. 79. 79. 79. 79. 79. 79. 79. 79. 79. 79. 79. 79.
  248  80. 80. 80. 80. 80. 80. 80. 80. 80. 80. 80. 80. 80. 80. 80. 80. 80. 80. 80. 80. 80. 80. 80. 80. 80. 80. 80. 80. 80. 80. 80. 80. 80. 80. 80. 80. 80. 80. 80. 80. 80. 80. 80. 80. 80. 80. 80. 80. 80. 80. 80. 80. 80. 80. 80. 80. 80. 80. 80. 80. 80. 80. 80. 80. 80. 80. 80. 80. 80. 79. 79. 79. 79. 79. 79. 79. 79. 79. 79. 79. 79. 79. 79. 79. 79. 79. 79. 79. 79. 79. 79. 79. 79. 79. 79. 79. 79. 79. 79. 79. 79. 79. 79. 79. 79. 79. 79. 79. 79. 79. 79. 79. 79. 79. 79. 79. 79. 79. 79. 79. 79. 79. 79. 79. 79. 79. 79. 79. 79. 79. 79. 79. 79. 79. 79. 79. 79. 79. 79. 79. 79. 79. 79. 79. 79. 79. 79. 79. 79. 79. 79.
  247  80. 80. 80. 80. 80. 80. 80. 80. 80. 80. 80. 80. 80. 80. 80. 80. 80. 80. 80. 80. 80. 80. 80. 80. 80. 80. 80. 80. 80. 80. 80. 80. 80. 80. 80. 80. 80. 80. 80. 80. 80. 80. 80. 80. 80. 80. 80. 80. 80. 80. 80. 80. 80. 80. 80. 80. 80. 80. 80. 80. 80. 80. 80. 80. 80. 80. 80. 80. 79. 79. 79. 79. 79. 79. 79. 79. 79. 79. 79. 79. 79. 79. 79. 79. 79. 79. 79. 79. 79. 79. 79. 79. 79. 79. 79. 79. 79. 79. 79. 79. 79. 79. 79. 79. 79. 79. 79. 79. 79. 79. 79. 79. 79. 79. 79. 79. 79. 79. 79. 79. 79. 79. 79. 79. 79. 79. 79. 79. 79. 79. 79. 79. 79. 79. 79. 79. 79. 79. 79. 79. 79. 79. 79. 79. 79. 79. 79. 79. 79. 79. 79.
  246  80. 80. 80. 80. 80. 80. 80. 80. 80. 80. 80. 80. 80. 80. 80. 80. 80. 80. 80. 80. 80. 80. 80. 80. 80. 80. 80. 80. 80. 80. 80. 80. 80. 80. 80. 80. 80. 80. 80. 80. 80. 80. 80. 80. 80. 80. 80. 80. 80. 80. 80. 80. 80. 80. 80. 80. 80. 80. 80. 80. 80. 80. 80. 80. 80. 80. 80. 79. 79. 79. 79. 79. 79. 79. 79. 79. 79. 79. 79. 79. 79. 79. 79. 79. 79. 79. 79. 79. 79. 79. 79. 79. 79. 79. 79. 79. 79. 79. 79. 79. 79. 79. 79. 79. 79. 79. 79. 79. 79. 79. 79. 79. 79. 79. 79. 79. 79. 79. 79. 79. 79. 79. 79. 79. 79. 79. 79. 79. 79. 79. 79. 79. 79. 79. 79. 79. 79. 79. 79. 79. 79. 79. 79. 79. 79. 79. 79. 79. 79. 79. 79.
  245  80. 80. 80. 80. 80. 80. 80. 80. 80. 80. 80. 80. 80. 80. 80. 80. 80. 80. 80. 80. 80. 80. 80. 80. 80. 80. 80. 80. 80. 80. 80. 80. 80. 80. 80. 80. 80. 80. 80. 80. 80. 80. 80. 80. 80. 80. 80. 80. 80. 80. 80. 80. 80. 80. 80. 80. 80. 80. 80. 80. 80. 80. 80. 80. 80. 80. 79. 79. 79. 79. 79. 79. 79. 79. 79. 79. 79. 79. 79. 79. 79. 79. 79. 79. 79. 79. 79. 79. 79. 79. 79. 79. 79. 79. 79. 79. 79. 79. 79. 79. 79. 79. 79. 79. 79. 79. 79. 79. 79. 79. 79. 79. 79. 79. 79. 79. 79. 79. 79. 79. 79. 79. 79. 79. 79. 79. 79. 79. 79. 79. 79. 79. 79. 79. 79. 79. 79. 79. 79. 79. 79. 79. 79. 79. 79. 79. 79. 79. 79. 79. 79.
  244  80. 80. 80. 80. 80. 80. 80. 80. 80. 80. 80. 80. 80. 80. 80. 80. 80. 80. 80. 80. 80. 80. 80. 80. 80. 80. 80. 80. 80. 80. 80. 80. 80. 80. 80. 80. 80. 80. 80. 80. 80. 80. 80. 80. 80. 80. 80. 80. 80. 80. 80. 80. 80. 80. 80. 80. 80. 80. 80. 80. 80. 80. 80. 80. 80. 79. 79. 79. 79. 79. 79. 79. 79. 79. 79. 79. 79. 79. 79. 79. 79. 79. 79. 79. 79. 79. 79. 79. 79. 79. 79. 79. 79. 79. 79. 79. 79. 79. 79. 79. 79. 79. 79. 79. 79. 79. 79. 79. 79. 79. 79. 79. 79. 79. 79. 79. 79. 79. 79. 79. 79. 79. 79. 79. 79. 79. 79. 79. 79. 79. 79. 79. 79. 79. 79. 79. 79. 79. 79. 79. 79. 79. 79. 79. 79. 79. 79. 79. 79. 79. 79.
  243  80. 80. 80. 80. 80. 80. 80. 80. 80. 80. 80. 80. 80. 80. 80. 80. 80. 80. 80. 80. 80. 80. 80. 80. 80. 80. 80. 80. 80. 80. 80. 80. 80. 80. 80. 80. 80. 80. 80. 80. 80. 80. 80. 80. 80. 80. 80. 80. 80. 80. 80. 80. 80. 80. 80. 80. 80. 80. 80. 80. 80. 80. 80. 80. 79. 79. 79. 79. 79. 79. 79. 79. 79. 79. 79. 79. 79. 79. 79. 79. 79. 79. 79. 79. 79. 79. 79. 79. 79. 79. 79. 79. 79. 79. 79. 79. 79. 79. 79. 79. 79. 79. 79. 79. 79. 79. 79. 79. 79. 79. 79. 79. 79. 79. 79. 79. 79. 79. 79. 79. 79. 79. 79. 79. 79. 79. 79. 79. 79. 79. 79. 79. 79. 79. 79. 79. 79. 79. 79. 79. 79. 79. 79. 79. 79. 79. 79. 79. 79. 79. 79.
  242  80. 80. 80. 80. 80. 80. 80. 80. 80. 80. 80. 80. 80. 80. 80. 80. 80. 80. 80. 80. 80. 80. 80. 80. 80. 80. 80. 80. 80. 80. 80. 80. 80. 80. 80. 80. 80. 80. 80. 80. 80. 80. 80. 80. 80. 80. 80. 80. 80. 80. 80. 80. 80. 80. 80. 80. 80. 80. 80. 80. 80. 80. 80. 80. 79. 79. 79. 79. 79. 79. 79. 79. 79. 79. 79. 79. 79. 79. 79. 79. 79. 79. 79. 79. 79. 79. 79. 79. 79. 79. 79. 79. 79. 79. 79. 79. 79. 79. 79. 79. 79. 79. 79. 79. 79. 79. 79. 79. 79. 79. 79. 79. 79. 79. 79. 79. 79. 79. 79. 79. 79. 79. 79. 79. 79. 79. 79. 79. 79. 79. 79. 79. 79. 79. 79. 79. 79. 79. 79. 79. 79. 79. 79. 79. 79. 79. 79. 79. 79. 79. 79.
  241  80. 80. 80. 80. 80. 80. 80. 80. 80. 80. 80. 80. 80. 80. 80. 80. 80. 80. 80. 80. 80. 80. 80. 80. 80. 80. 80. 80. 80. 80. 80. 80. 80. 80. 80. 80. 80. 80. 80. 80. 80. 80. 80. 80. 80. 80. 80. 80. 80. 80. 80. 80. 80. 80. 80. 80. 80. 80. 80. 80. 80. 80. 80. 79. 79. 79. 79. 79. 79. 79. 79. 79. 79. 79. 79. 79. 79. 79. 79. 79. 79. 79. 79. 79. 79. 79. 79. 79. 79. 79. 79. 79. 79. 79. 79. 79. 79. 79. 79. 79. 79. 79. 79. 79. 79. 79. 79. 79. 79. 79. 79. 79. 79. 79. 79. 79. 79. 79. 79. 79. 79. 79. 79. 79. 79. 79. 79. 79. 79. 79. 79. 79. 79. 79. 79. 79. 79. 79. 79. 79. 79. 79. 79. 79. 79. 79. 79. 79. 79. 79. 79.
  240  80. 80. 80. 80. 80. 80. 80. 80. 80. 80. 80. 80. 80. 80. 80. 80. 80. 80. 80. 80. 80. 80. 80. 80. 80. 80. 80. 80. 80. 80. 80. 80. 80. 80. 80. 80. 80. 80. 80. 80. 80. 80. 80. 80. 80. 80. 80. 80. 80. 80. 80. 80. 80. 80. 80. 80. 80. 80. 80. 80. 80. 80. 79. 79. 79. 79. 79. 79. 79. 79. 79. 79. 79. 79. 79. 79. 79. 79. 79. 79. 79. 79. 79. 79. 79. 79. 79. 79. 79. 79. 79. 79. 79. 79. 79. 79. 79. 79. 79. 79. 79. 79. 79. 79. 79. 79. 79. 79. 79. 79. 79. 79. 79. 79. 79. 79. 79. 79. 79. 79. 79. 79. 79. 79. 79. 79. 79. 79. 79. 79. 79. 79. 79. 79. 79. 79. 79. 79. 79. 79. 79. 79. 79. 79. 79. 79. 79. 79. 79. 79. 79.
  239  80. 80. 80. 80. 80. 80. 80. 80. 80. 80. 80. 80. 80. 80. 80. 80. 80. 80. 80. 80. 80. 80. 80. 80. 80. 80. 80. 80. 80. 80. 80. 80. 80. 80. 80. 80. 80. 80. 80. 80. 80. 80. 80. 80. 80. 80. 80. 80. 80. 80. 80. 80. 80. 80. 80. 80. 80. 80. 80. 80. 80. 79. 79. 79. 79. 79. 79. 79. 79. 79. 79. 79. 79. 79. 79. 79. 79. 79. 79. 79. 79. 79. 79. 79. 79. 79. 79. 79. 79. 79. 79. 79. 79. 79. 79. 79. 79. 79. 79. 79. 79. 79. 79. 79. 79. 79. 79. 79. 79. 79. 79. 79. 79. 79. 79. 79. 79. 79. 79. 79. 79. 79. 79. 79. 79. 79. 79. 79. 79. 79. 79. 79. 79. 79. 79. 79. 79. 79. 79. 79. 79. 79. 79. 79. 79. 79. 79. 79. 79. 79. 79.
  238  80. 80. 80. 80. 80. 80. 80. 80. 80. 80. 80. 80. 80. 80. 80. 80. 80. 80. 80. 80. 80. 80. 80. 80. 80. 80. 80. 80. 80. 80. 80. 80. 80. 80. 80. 80. 80. 80. 80. 80. 80. 80. 80. 80. 80. 80. 80. 80. 80. 80. 80. 80. 80. 80. 80. 80. 80. 80. 80. 80. 79. 79. 79. 79. 79. 79. 79. 79. 79. 79. 79. 79. 79. 79. 79. 79. 79. 79. 79. 79. 79. 79. 79. 79. 79. 79. 79. 79. 79. 79. 79. 79. 79. 79. 79. 79. 79. 79. 79. 79. 79. 79. 79. 79. 79. 79. 79. 79. 79. 79. 79. 79. 79. 79. 79. 79. 79. 79. 79. 79. 79. 79. 79. 79. 79. 79. 79. 79. 79. 79. 79. 79. 79. 79. 79. 79. 79. 79. 79. 79. 79. 79. 79. 79. 79. 79. 79. 79. 79. 79. 79.
  237  80. 80. 80. 80. 80. 80. 80. 80. 80. 80. 80. 80. 80. 80. 80. 80. 80. 80. 80. 80. 80. 80. 80. 80. 80. 80. 80. 80. 80. 80. 80. 80. 80. 80. 80. 80. 80. 80. 80. 80. 80. 80. 80. 80. 80. 80. 80. 80. 80. 80. 80. 80. 80. 80. 80. 80. 80. 80. 80. 79. 79. 79. 79. 79. 79. 79. 79. 79. 79. 79. 79. 79. 79. 79. 79. 79. 79. 79. 79. 79. 79. 79. 79. 79. 79. 79. 79. 79. 79. 79. 79. 79. 79. 79. 79. 79. 79. 79. 79. 79. 79. 79. 79. 79. 79. 79. 79. 79. 79. 79. 79. 79. 79. 79. 79. 79. 79. 79. 79. 79. 79. 79. 79. 79. 79. 79. 79. 79. 79. 79. 79. 79. 79. 79. 79. 79. 79. 79. 79. 79. 79. 79. 79. 79. 79. 79. 79. 79. 79. 79. 79.
  236  80. 80. 80. 80. 80. 80. 80. 80. 80. 80. 80. 80. 80. 80. 80. 80. 80. 80. 80. 80. 80. 80. 80. 80. 80. 80. 80. 80. 80. 80. 80. 80. 80. 80. 80. 80. 80. 80. 80. 80. 80. 80. 80. 80. 80. 80. 80. 80. 80. 80. 80. 80. 80. 80. 80. 80. 80. 80. 79. 79. 79. 79. 79. 79. 79. 79. 79. 79. 79. 79. 79. 79. 79. 79. 79. 79. 79. 79. 79. 79. 79. 79. 79. 79. 79. 79. 79. 79. 79. 79. 79. 79. 79. 79. 79. 79. 79. 79. 79. 79. 79. 79. 79. 79. 79. 79. 79. 79. 79. 79. 79. 79. 79. 79. 79. 79. 79. 79. 79. 79. 79. 79. 79. 79. 79. 79. 79. 79. 79. 79. 79. 79. 79. 79. 79. 79. 79. 79. 79. 79. 79. 79. 79. 79. 79. 79. 79. 79. 79. 79. 79.
  235  80. 80. 80. 80. 80. 80. 80. 80. 80. 80. 80. 80. 80. 80. 80. 80. 80. 80. 80. 80. 80. 80. 80. 80. 80. 80. 80. 80. 80. 80. 80. 80. 80. 80. 80. 80. 80. 80. 80. 80. 80. 80. 80. 80. 80. 80. 80. 80. 80. 80. 80. 80. 80. 80. 80. 80. 80. 79. 79. 79. 79. 79. 79. 79. 79. 79. 79. 79. 79. 79. 79. 79. 79. 79. 79. 79. 79. 79. 79. 79. 79. 79. 79. 79. 79. 79. 79. 79. 79. 79. 79. 79. 79. 79. 79. 79. 79. 79. 79. 79. 79. 79. 79. 79. 79. 79. 79. 79. 79. 79. 79. 79. 79. 79. 79. 79. 79. 79. 79. 79. 79. 79. 79. 79. 79. 79. 79. 79. 79. 79. 79. 79. 79. 79. 79. 79. 79. 79. 79. 79. 79. 79. 79. 79. 79. 79. 79. 79. 79. 79. 79.
  234  80. 80. 80. 80. 80. 80. 80. 80. 80. 80. 80. 80. 80. 80. 80. 80. 80. 80. 80. 80. 80. 80. 80. 80. 80. 80. 80. 80. 80. 80. 80. 80. 80. 80. 80. 80. 80. 80. 80. 80. 80. 80. 80. 80. 80. 80. 80. 80. 80. 80. 80. 80. 80. 80. 80. 80. 79. 79. 79. 79. 79. 79. 79. 79. 79. 79. 79. 79. 79. 79. 79. 79. 79. 79. 79. 79. 79. 79. 79. 79. 79. 79. 79. 79. 79. 79. 79. 79. 79. 79. 79. 79. 79. 79. 79. 79. 79. 79. 79. 79. 79. 79. 79. 79. 79. 79. 79. 79. 79. 79. 79. 79. 79. 79. 79. 79. 79. 79. 79. 79. 79. 79. 79. 79. 79. 79. 79. 79. 79. 79. 79. 79. 79. 79. 79. 79. 79. 79. 79. 79. 79. 79. 79. 79. 79. 79. 79. 79. 79. 79. 79.
  233  80. 80. 80. 80. 80. 80. 80. 80. 80. 80. 80. 80. 80. 80. 80. 80. 80. 80. 80. 80. 80. 80. 80. 80. 80. 80. 80. 80. 80. 80. 80. 80. 80. 80. 80. 80. 80. 80. 80. 80. 80. 80. 80. 80. 80. 80. 80. 80. 80. 80. 80. 80. 80. 80. 80. 79. 79. 79. 79. 79. 79. 79. 79. 79. 79. 79. 79. 79. 79. 79. 79. 79. 79. 79. 79. 79. 79. 79. 79. 79. 79. 79. 79. 79. 79. 79. 79. 79. 79. 79. 79. 79. 79. 79. 79. 79. 79. 79. 79. 79. 79. 79. 79. 79. 79. 79. 79. 79. 79. 79. 79. 79. 79. 79. 79. 79. 79. 79. 79. 79. 79. 79. 79. 79. 79. 79. 79. 79. 79. 79. 79. 79. 79. 79. 79. 79. 79. 79. 79. 79. 79. 79. 79. 79. 79. 79. 79. 79. 79. 79. 79.
  232  80. 80. 80. 80. 80. 80. 80. 80. 80. 80. 80. 80. 80. 80. 80. 80. 80. 80. 80. 80. 80. 80. 80. 80. 80. 80. 80. 80. 80. 80. 80. 80. 80. 80. 80. 80. 80. 80. 80. 80. 80. 80. 80. 80. 80. 80. 80. 80. 80. 80. 80. 80. 80. 80. 79. 79. 79. 79. 79. 79. 79. 79. 79. 79. 79. 79. 79. 79. 79. 79. 79. 79. 79. 79. 79. 79. 79. 79. 79. 79. 79. 79. 79. 79. 79. 79. 79. 79. 79. 79. 79. 79. 79. 79. 79. 79. 79. 79. 79. 79. 79. 79. 79. 79. 79. 79. 79. 79. 79. 79. 79. 79. 79. 79. 79. 79. 79. 79. 79. 79. 79. 79. 79. 79. 79. 79. 79. 79. 79. 79. 79. 79. 79. 79. 79. 79. 79. 79. 79. 79. 79. 79. 79. 79. 79. 79. 79. 79. 79. 79. 79.
  231  80. 80. 80. 80. 80. 80. 80. 80. 80. 80. 80. 80. 80. 80. 80. 80. 80. 80. 80. 80. 80. 80. 80. 80. 80. 80. 80. 80. 80. 80. 80. 80. 80. 80. 80. 80. 80. 80. 80. 80. 80. 80. 80. 80. 80. 80. 80. 80. 80. 80. 80. 80. 80. 80. 79. 79. 79. 79. 79. 79. 79. 79. 79. 79. 79. 79. 79. 79. 79. 79. 79. 79. 79. 79. 79. 79. 79. 79. 79. 79. 79. 79. 79. 79. 79. 79. 79. 79. 79. 79. 79. 79. 79. 79. 79. 79. 79. 79. 79. 79. 79. 79. 79. 79. 79. 79. 79. 79. 79. 79. 79. 79. 79. 79. 79. 79. 79. 79. 79. 79. 79. 79. 79. 79. 79. 79. 79. 79. 79. 79. 79. 79. 79. 79. 79. 79. 79. 79. 79. 79. 79. 79. 79. 79. 79. 79. 79. 79. 79. 79. 79.
  230  80. 80. 80. 80. 80. 80. 80. 80. 80. 80. 80. 80. 80. 80. 80. 80. 80. 80. 80. 80. 80. 80. 80. 80. 80. 80. 80. 80. 80. 80. 80. 80. 80. 80. 80. 80. 80. 80. 80. 80. 80. 80. 80. 80. 80. 80. 80. 80. 80. 80. 80. 80. 80. 79. 79. 79. 79. 79. 79. 79. 79. 79. 79. 79. 79. 79. 79. 79. 79. 79. 79. 79. 79. 79. 79. 79. 79. 79. 79. 79. 79. 79. 79. 79. 79. 79. 79. 79. 79. 79. 79. 79. 79. 79. 79. 79. 79. 79. 79. 79. 79. 79. 79. 79. 79. 79. 79. 79. 79. 79. 79. 79. 79. 79. 79. 79. 79. 79. 79. 79. 79. 79. 79. 79. 79. 79. 79. 79. 79. 79. 79. 79. 79. 79. 79. 79. 79. 79. 79. 79. 79. 79. 79. 79. 79. 79. 79. 79. 79. 79. 79.
  229  80. 80. 80. 80. 80. 80. 80. 80. 80. 80. 80. 80. 80. 80. 80. 80. 80. 80. 80. 80. 80. 80. 80. 80. 80. 80. 80. 80. 80. 80. 80. 80. 80. 80. 80. 80. 80. 80. 80. 80. 80. 80. 80. 80. 80. 80. 80. 80. 80. 80. 80. 80. 79. 79. 79. 79. 79. 79. 79. 79. 79. 79. 79. 79. 79. 79. 79. 79. 79. 79. 79. 79. 79. 79. 79. 79. 79. 79. 79. 79. 79. 79. 79. 79. 79. 79. 79. 79. 79. 79. 79. 79. 79. 79. 79. 79. 79. 79. 79. 79. 79. 79. 79. 79. 79. 79. 79. 79. 79. 79. 79. 79. 79. 79. 79. 79. 79. 79. 79. 79. 79. 79. 79. 79. 79. 79. 79. 79. 79. 79. 79. 79. 79. 79. 79. 79. 79. 79. 79. 79. 79. 79. 79. 79. 79. 79. 79. 79. 79. 79. 79.
  228  80. 80. 80. 80. 80. 80. 80. 80. 80. 80. 80. 80. 80. 80. 80. 80. 80. 80. 80. 80. 80. 80. 80. 80. 80. 80. 80. 80. 80. 80. 80. 80. 80. 80. 80. 80. 80. 80. 80. 80. 80. 80. 80. 80. 80. 80. 80. 80. 80. 80. 80. 79. 79. 79. 79. 79. 79. 79. 79. 79. 79. 79. 79. 79. 79. 79. 79. 79. 79. 79. 79. 79. 79. 79. 79. 79. 79. 79. 79. 79. 79. 79. 79. 79. 79. 79. 79. 79. 79. 79. 79. 79. 79. 79. 79. 79. 79. 79. 79. 79. 79. 79. 79. 79. 79. 79. 79. 79. 79. 79. 79. 79. 79. 79. 79. 79. 79. 79. 79. 79. 79. 79. 79. 79. 79. 79. 79. 79. 79. 79. 79. 79. 79. 79. 79. 79. 79. 79. 79. 79. 79. 79. 79. 79. 79. 79. 79. 79. 79. 79. 79.
  227  80. 80. 80. 80. 80. 80. 80. 80. 80. 80. 80. 80. 80. 80. 80. 80. 80. 80. 80. 80. 80. 80. 80. 80. 80. 80. 80. 80. 80. 80. 80. 80. 80. 80. 80. 80. 80. 80. 80. 80. 80. 80. 80. 80. 80. 80. 80. 80. 80. 80. 79. 79. 79. 79. 79. 79. 79. 79. 79. 79. 79. 79. 79. 79. 79. 79. 79. 79. 79. 79. 79. 79. 79. 79. 79. 79. 79. 79. 79. 79. 79. 79. 79. 79. 79. 79. 79. 79. 79. 79. 79. 79. 79. 79. 79. 79. 79. 79. 79. 79. 79. 79. 79. 79. 79. 79. 79. 79. 79. 79. 79. 79. 79. 79. 79. 79. 79. 79. 79. 79. 79. 79. 79. 79. 79. 79. 79. 79. 79. 79. 79. 79. 79. 79. 79. 79. 79. 79. 79. 79. 79. 79. 79. 79. 79. 79. 79. 79. 79. 79. 79.
  226  80. 80. 80. 80. 80. 80. 80. 80. 80. 80. 80. 80. 80. 80. 80. 80. 80. 80. 80. 80. 80. 80. 80. 80. 80. 80. 80. 80. 80. 80. 80. 80. 80. 80. 80. 80. 80. 80. 80. 80. 80. 80. 80. 80. 80. 80. 80. 80. 80. 80. 79. 79. 79. 79. 79. 79. 79. 79. 79. 79. 79. 79. 79. 79. 79. 79. 79. 79. 79. 79. 79. 79. 79. 79. 79. 79. 79. 79. 79. 79. 79. 79. 79. 79. 79. 79. 79. 79. 79. 79. 79. 79. 79. 79. 79. 79. 79. 79. 79. 79. 79. 79. 79. 79. 79. 79. 79. 79. 79. 79. 79. 79. 79. 79. 79. 79. 79. 79. 79. 79. 79. 79. 79. 79. 79. 79. 79. 79. 79. 79. 79. 79. 79. 79. 79. 79. 79. 79. 79. 79. 79. 79. 79. 79. 79. 79. 79. 79. 79. 79. 79.
  225  80. 80. 80. 80. 80. 80. 80. 80. 80. 80. 80. 80. 80. 80. 80. 80. 80. 80. 80. 80. 80. 80. 80. 80. 80. 80. 80. 80. 80. 80. 80. 80. 80. 80. 80. 80. 80. 80. 80. 80. 80. 80. 80. 80. 80. 80. 80. 80. 80. 79. 79. 79. 79. 79. 79. 79. 79. 79. 79. 79. 79. 79. 79. 79. 79. 79. 79. 79. 79. 79. 79. 79. 79. 79. 79. 79. 79. 79. 79. 79. 79. 79. 79. 79. 79. 79. 79. 79. 79. 79. 79. 79. 79. 79. 79. 79. 79. 79. 79. 79. 79. 79. 79. 79. 79. 79. 79. 79. 79. 79. 79. 79. 79. 79. 79. 79. 79. 79. 79. 79. 79. 79. 79. 79. 79. 79. 79. 79. 79. 79. 79. 79. 79. 79. 79. 79. 79. 79. 79. 79. 79. 79. 79. 79. 79. 79. 79. 79. 79. 79. 79.
  224  80. 80. 80. 80. 80. 80. 80. 80. 80. 80. 80. 80. 80. 80. 80. 80. 80. 80. 80. 80. 80. 80. 80. 80. 80. 80. 80. 80. 80. 80. 80. 80. 80. 80. 80. 80. 80. 80. 80. 80. 80. 80. 80. 80. 80. 80. 80. 80. 79. 79. 79. 79. 79. 79. 79. 79. 79. 79. 79. 79. 79. 79. 79. 79. 79. 79. 79. 79. 79. 79. 79. 79. 79. 79. 79. 79. 79. 79. 79. 79. 79. 79. 79. 79. 79. 79. 79. 79. 79. 79. 79. 79. 79. 79. 79. 79. 79. 79. 79. 79. 79. 79. 79. 79. 79. 79. 79. 79. 79. 79. 79. 79. 79. 79. 79. 79. 79. 79. 79. 79. 79. 79. 79. 79. 79. 79. 79. 79. 79. 79. 79. 79. 79. 79. 79. 79. 79. 79. 79. 79. 79. 79. 79. 79. 79. 79. 79. 79. 79. 79. 79.
  223  80. 80. 80. 80. 80. 80. 80. 80. 80. 80. 80. 80. 80. 80. 80. 80. 80. 80. 80. 80. 80. 80. 80. 80. 80. 80. 80. 80. 80. 80. 80. 80. 80. 80. 80. 80. 80. 80. 80. 80. 80. 80. 80. 80. 80. 80. 80. 80. 79. 79. 79. 79. 79. 79. 79. 79. 79. 79. 79. 79. 79. 79. 79. 79. 79. 79. 79. 79. 79. 79. 79. 79. 79. 79. 79. 79. 79. 79. 79. 79. 79. 79. 79. 79. 79. 79. 79. 79. 79. 79. 79. 79. 79. 79. 79. 79. 79. 79. 79. 79. 79. 79. 79. 79. 79. 79. 79. 79. 79. 79. 79. 79. 79. 79. 79. 79. 79. 79. 79. 79. 79. 79. 79. 79. 79. 79. 79. 79. 79. 79. 79. 79. 79. 79. 79. 79. 79. 79. 79. 79. 79. 79. 79. 79. 79. 79. 79. 79. 79. 79. 79.
  222  80. 80. 80. 80. 80. 80. 80. 80. 80. 80. 80. 80. 80. 80. 80. 80. 80. 80. 80. 80. 80. 80. 80. 80. 80. 80. 80. 80. 80. 80. 80. 80. 80. 80. 80. 80. 80. 80. 80. 80. 80. 80. 80. 80. 80. 80. 80. 79. 79. 79. 79. 79. 79. 79. 79. 79. 79. 79. 79. 79. 79. 79. 79. 79. 79. 79. 79. 79. 79. 79. 79. 79. 79. 79. 79. 79. 79. 79. 79. 79. 79. 79. 79. 79. 79. 79. 79. 79. 79. 79. 79. 79. 79. 79. 79. 79. 79. 79. 79. 79. 79. 79. 79. 79. 79. 79. 79. 79. 79. 79. 79. 79. 79. 79. 79. 79. 79. 79. 79. 79. 79. 79. 79. 79. 79. 79. 79. 79. 79. 79. 79. 79. 79. 79. 79. 79. 79. 79. 79. 79. 79. 79. 79. 79. 79. 79. 79. 79. 79. 79. 79.
  221  80. 80. 80. 80. 80. 80. 80. 80. 80. 80. 80. 80. 80. 80. 80. 80. 80. 80. 80. 80. 80. 80. 80. 80. 80. 80. 80. 80. 80. 80. 80. 80. 80. 80. 80. 80. 80. 80. 80. 80. 80. 80. 80. 80. 80. 80. 79. 79. 79. 79. 79. 79. 79. 79. 79. 79. 79. 79. 79. 79. 79. 79. 79. 79. 79. 79. 79. 79. 79. 79. 79. 79. 79. 79. 79. 79. 79. 79. 79. 79. 79. 79. 79. 79. 79. 79. 79. 79. 79. 79. 79. 79. 79. 79. 79. 79. 79. 79. 79. 79. 79. 79. 79. 79. 79. 79. 79. 79. 79. 79. 79. 79. 79. 79. 79. 79. 79. 79. 79. 79. 79. 79. 79. 79. 79. 79. 79. 79. 79. 79. 79. 79. 79. 79. 79. 79. 79. 79. 79. 79. 79. 79. 79. 79. 79. 79. 79. 79. 79. 79. 79.
  220  80. 80. 80. 80. 80. 80. 80. 80. 80. 80. 80. 80. 80. 80. 80. 80. 80. 80. 80. 80. 80. 80. 80. 80. 80. 80. 80. 80. 80. 80. 80. 80. 80. 80. 80. 80. 80. 80. 80. 80. 80. 80. 80. 80. 80. 80. 79. 79. 79. 79. 79. 79. 79. 79. 79. 79. 79. 79. 79. 79. 79. 79. 79. 79. 79. 79. 79. 79. 79. 79. 79. 79. 79. 79. 79. 79. 79. 79. 79. 79. 79. 79. 79. 79. 79. 79. 79. 79. 79. 79. 79. 79. 79. 79. 79. 79. 79. 79. 79. 79. 79. 79. 79. 79. 79. 79. 79. 79. 79. 79. 79. 79. 79. 79. 79. 79. 79. 79. 79. 79. 79. 79. 79. 79. 79. 79. 79. 79. 79. 79. 79. 79. 79. 79. 79. 79. 79. 79. 79. 79. 79. 79. 79. 79. 79. 79. 79. 79. 79. 79. 79.
  219  80. 80. 80. 80. 80. 80. 80. 80. 80. 80. 80. 80. 80. 80. 80. 80. 80. 80. 80. 80. 80. 80. 80. 80. 80. 80. 80. 80. 80. 80. 80. 80. 80. 80. 80. 80. 80. 80. 80. 80. 80. 80. 80. 80. 80. 79. 79. 79. 79. 79. 79. 79. 79. 79. 79. 79. 79. 79. 79. 79. 79. 79. 79. 79. 79. 79. 79. 79. 79. 79. 79. 79. 79. 79. 79. 79. 79. 79. 79. 79. 79. 79. 79. 79. 79. 79. 79. 79. 79. 79. 79. 79. 79. 79. 79. 79. 79. 79. 79. 79. 79. 79. 79. 79. 79. 79. 79. 79. 79. 79. 79. 79. 79. 79. 79. 79. 79. 79. 79. 79. 79. 79. 79. 79. 79. 79. 79. 79. 79. 79. 79. 79. 79. 79. 79. 79. 79. 79. 79. 79. 79. 79. 79. 79. 79. 79. 79. 79. 79. 79. 79.
  218  80. 80. 80. 80. 80. 80. 80. 80. 80. 80. 80. 80. 80. 80. 80. 80. 80. 80. 80. 80. 80. 80. 80. 80. 80. 80. 80. 80. 80. 80. 80. 80. 80. 80. 80. 80. 80. 80. 80. 80. 80. 80. 80. 80. 79. 79. 79. 79. 79. 79. 79. 79. 79. 79. 79. 79. 79. 79. 79. 79. 79. 79. 79. 79. 79. 79. 79. 79. 79. 79. 79. 79. 79. 79. 79. 79. 79. 79. 79. 79. 79. 79. 79. 79. 79. 79. 79. 79. 79. 79. 79. 79. 79. 79. 79. 79. 79. 79. 79. 79. 79. 79. 79. 79. 79. 79. 79. 79. 79. 79. 79. 79. 79. 79. 79. 79. 79. 79. 79. 79. 79. 79. 79. 79. 79. 79. 79. 79. 79. 79. 79. 79. 79. 79. 79. 79. 79. 79. 79. 79. 79. 79. 79. 79. 79. 79. 79. 79. 79. 79. 79.
  217  80. 80. 80. 80. 80. 80. 80. 80. 80. 80. 80. 80. 80. 80. 80. 80. 80. 80. 80. 80. 80. 80. 80. 80. 80. 80. 80. 80. 80. 80. 80. 80. 80. 80. 80. 80. 80. 80. 80. 80. 80. 80. 80. 80. 79. 79. 79. 79. 79. 79. 79. 79. 79. 79. 79. 79. 79. 79. 79. 79. 79. 79. 79. 79. 79. 79. 79. 79. 79. 79. 79. 79. 79. 79. 79. 79. 79. 79. 79. 79. 79. 79. 79. 79. 79. 79. 79. 79. 79. 79. 79. 79. 79. 79. 79. 79. 79. 79. 79. 79. 79. 79. 79. 79. 79. 79. 79. 79. 79. 79. 79. 79. 79. 79. 79. 79. 79. 79. 79. 79. 79. 79. 79. 79. 79. 79. 79. 79. 79. 79. 79. 79. 79. 79. 79. 79. 79. 79. 79. 79. 79. 79. 79. 79. 79. 79. 79. 79. 79. 79. 79.
  216  80. 80. 80. 80. 80. 80. 80. 80. 80. 80. 80. 80. 80. 80. 80. 80. 80. 80. 80. 80. 80. 80. 80. 80. 80. 80. 80. 80. 80. 80. 80. 80. 80. 80. 80. 80. 80. 80. 80. 80. 80. 80. 80. 79. 79. 79. 79. 79. 79. 79. 79. 79. 79. 79. 79. 79. 79. 79. 79. 79. 79. 79. 79. 79. 79. 79. 79. 79. 79. 79. 79. 79. 79. 79. 79. 79. 79. 79. 79. 79. 79. 79. 79. 79. 79. 79. 79. 79. 79. 79. 79. 79. 79. 79. 79. 79. 79. 79. 79. 79. 79. 79. 79. 79. 79. 79. 79. 79. 79. 79. 79. 79. 79. 79. 79. 79. 79. 79. 79. 79. 79. 79. 79. 79. 79. 79. 79. 79. 79. 79. 79. 79. 79. 79. 79. 79. 79. 79. 79. 79. 79. 79. 79. 79. 79. 79. 79. 79. 79. 79. 79.
  215  80. 80. 80. 80. 80. 80. 80. 80. 80. 80. 80. 80. 80. 80. 80. 80. 80. 80. 80. 80. 80. 80. 80. 80. 80. 80. 80. 80. 80. 80. 80. 80. 80. 80. 80. 80. 80. 80. 80. 80. 80. 80. 80. 79. 79. 79. 79. 79. 79. 79. 79. 79. 79. 79. 79. 79. 79. 79. 79. 79. 79. 79. 79. 79. 79. 79. 79. 79. 79. 79. 79. 79. 79. 79. 79. 79. 79. 79. 79. 79. 79. 79. 79. 79. 79. 79. 79. 79. 79. 79. 79. 79. 79. 79. 79. 79. 79. 79. 79. 79. 79. 79. 79. 79. 79. 79. 79. 79. 79. 79. 79. 79. 79. 79. 79. 79. 79. 79. 79. 79. 79. 79. 79. 79. 79. 79. 79. 79. 79. 79. 79. 79. 79. 79. 79. 79. 79. 79. 79. 79. 79. 79. 79. 79. 79. 79. 79. 79. 79. 79. 79.
  214  80. 80. 80. 80. 80. 80. 80. 80. 80. 80. 80. 80. 80. 80. 80. 80. 80. 80. 80. 80. 80. 80. 80. 80. 80. 80. 80. 80. 80. 80. 80. 80. 80. 80. 80. 80. 80. 80. 80. 80. 80. 80. 79. 79. 79. 79. 79. 79. 79. 79. 79. 79. 79. 79. 79. 79. 79. 79. 79. 79. 79. 79. 79. 79. 79. 79. 79. 79. 79. 79. 79. 79. 79. 79. 79. 79. 79. 79. 79. 79. 79. 79. 79. 79. 79. 79. 79. 79. 79. 79. 79. 79. 79. 79. 79. 79. 79. 79. 79. 79. 79. 79. 79. 79. 79. 79. 79. 79. 79. 79. 79. 79. 79. 79. 79. 79. 79. 79. 79. 79. 79. 79. 79. 79. 79. 79. 79. 79. 79. 79. 79. 79. 79. 79. 79. 79. 79. 79. 79. 79. 79. 79. 79. 79. 79. 79. 79. 79. 79. 79. 79.
  213  80. 80. 80. 80. 80. 80. 80. 80. 80. 80. 80. 80. 80. 80. 80. 80. 80. 80. 80. 80. 80. 80. 80. 80. 80. 80. 80. 80. 80. 80. 80. 80. 80. 80. 80. 80. 80. 80. 80. 80. 80. 79. 79. 79. 79. 79. 79. 79. 79. 79. 79. 79. 79. 79. 79. 79. 79. 79. 79. 79. 79. 79. 79. 79. 79. 79. 79. 79. 79. 79. 79. 79. 79. 79. 79. 79. 79. 79. 79. 79. 79. 79. 79. 79. 79. 79. 79. 79. 79. 79. 79. 79. 79. 79. 79. 79. 79. 79. 79. 79. 79. 79. 79. 79. 79. 79. 79. 79. 79. 79. 79. 79. 79. 79. 79. 79. 79. 79. 79. 79. 79. 79. 79. 79. 79. 79. 79. 79. 79. 79. 79. 79. 79. 79. 79. 79. 79. 79. 79. 79. 79. 79. 79. 79. 79. 79. 79. 79. 79. 79. 79.
  212  80. 80. 80. 80. 80. 80. 80. 80. 80. 80. 80. 80. 80. 80. 80. 80. 80. 80. 80. 80. 80. 80. 80. 80. 80. 80. 80. 80. 80. 80. 80. 80. 80. 80. 80. 80. 80. 80. 80. 80. 80. 79. 79. 79. 79. 79. 79. 79. 79. 79. 79. 79. 79. 79. 79. 79. 79. 79. 79. 79. 79. 79. 79. 79. 79. 79. 79. 79. 79. 79. 79. 79. 79. 79. 79. 79. 79. 79. 79. 79. 79. 79. 79. 79. 79. 79. 79. 79. 79. 79. 79. 79. 79. 79. 79. 79. 79. 79. 79. 79. 79. 79. 79. 79. 79. 79. 79. 79. 79. 79. 79. 79. 79. 79. 79. 79. 79. 79. 79. 79. 79. 79. 79. 79. 79. 79. 79. 79. 79. 79. 79. 79. 79. 79. 79. 79. 79. 79. 79. 79. 79. 79. 79. 79. 79. 79. 79. 79. 79. 79. 79.
  211  80. 80. 80. 80. 80. 80. 80. 80. 80. 80. 80. 80. 80. 80. 80. 80. 80. 80. 80. 80. 80. 80. 80. 80. 80. 80. 80. 80. 80. 80. 80. 80. 80. 80. 80. 80. 80. 80. 80. 80. 79. 79. 79. 79. 79. 79. 79. 79. 79. 79. 79. 79. 79. 79. 79. 79. 79. 79. 79. 79. 79. 79. 79. 79. 79. 79. 79. 79. 79. 79. 79. 79. 79. 79. 79. 79. 79. 79. 79. 79. 79. 79. 79. 79. 79. 79. 79. 79. 79. 79. 79. 79. 79. 79. 79. 79. 79. 79. 79. 79. 79. 79. 79. 79. 79. 79. 79. 79. 79. 79. 79. 79. 79. 79. 79. 79. 79. 79. 79. 79. 79. 79. 79. 79. 79. 79. 79. 79. 79. 79. 79. 79. 79. 79. 79. 79. 79. 79. 79. 79. 79. 79. 79. 79. 79. 79. 79. 79. 79. 79. 79.
  210  80. 80. 80. 80. 80. 80. 80. 80. 80. 80. 80. 80. 80. 80. 80. 80. 80. 80. 80. 80. 80. 80. 80. 80. 80. 80. 80. 80. 80. 80. 80. 80. 80. 80. 80. 80. 80. 80. 80. 80. 79. 79. 79. 79. 79. 79. 79. 79. 79. 79. 79. 79. 79. 79. 79. 79. 79. 79. 79. 79. 79. 79. 79. 79. 79. 79. 79. 79. 79. 79. 79. 79. 79. 79. 79. 79. 79. 79. 79. 79. 79. 79. 79. 79. 79. 79. 79. 79. 79. 79. 79. 79. 79. 79. 79. 79. 79. 79. 79. 79. 79. 79. 79. 79. 79. 79. 79. 79. 79. 79. 79. 79. 79. 79. 79. 79. 79. 79. 79. 79. 79. 79. 79. 79. 79. 79. 79. 79. 79. 79. 79. 79. 79. 79. 79. 79. 79. 79. 79. 79. 79. 79. 79. 79. 79. 79. 79. 79. 79. 79. 79.
  209  80. 80. 80. 80. 80. 80. 80. 80. 80. 80. 80. 80. 80. 80. 80. 80. 80. 80. 80. 80. 80. 80. 80. 80. 80. 80. 80. 80. 80. 80. 80. 80. 80. 80. 80. 80. 80. 80. 80. 79. 79. 79. 79. 79. 79. 79. 79. 79. 79. 79. 79. 79. 79. 79. 79. 79. 79. 79. 79. 79. 79. 79. 79. 79. 79. 79. 79. 79. 79. 79. 79. 79. 79. 79. 79. 79. 79. 79. 79. 79. 79. 79. 79. 79. 79. 79. 79. 79. 79. 79. 79. 79. 79. 79. 79. 79. 79. 79. 79. 79. 79. 79. 79. 79. 79. 79. 79. 79. 79. 79. 79. 79. 79. 79. 79. 79. 79. 79. 79. 79. 79. 79. 79. 79. 79. 79. 79. 79. 79. 79. 79. 79. 79. 79. 79. 79. 79. 79. 79. 79. 79. 79. 79. 79. 79. 79. 79. 79. 79. 79. 79.
  208  80. 80. 80. 80. 80. 80. 80. 80. 80. 80. 80. 80. 80. 80. 80. 80. 80. 80. 80. 80. 80. 80. 80. 80. 80. 80. 80. 80. 80. 80. 80. 80. 80. 80. 80. 80. 80. 80. 80. 79. 79. 79. 79. 79. 79. 79. 79. 79. 79. 79. 79. 79. 79. 79. 79. 79. 79. 79. 79. 79. 79. 79. 79. 79. 79. 79. 79. 79. 79. 79. 79. 79. 79. 79. 79. 79. 79. 79. 79. 79. 79. 79. 79. 79. 79. 79. 79. 79. 79. 79. 79. 79. 79. 79. 79. 79. 79. 79. 79. 79. 79. 79. 79. 79. 79. 79. 79. 79. 79. 79. 79. 79. 79. 79. 79. 79. 79. 79. 79. 79. 79. 79. 79. 79. 79. 79. 79. 79. 79. 79. 79. 79. 79. 79. 79. 79. 79. 79. 79. 79. 79. 79. 79. 79. 79. 79. 79. 79. 79. 79. 79.
  207  80. 80. 80. 80. 80. 80. 80. 80. 80. 80. 80. 80. 80. 80. 80. 80. 80. 80. 80. 80. 80. 80. 80. 80. 80. 80. 80. 80. 80. 80. 80. 80. 80. 80. 80. 80. 80. 80. 80. 79. 79. 79. 79. 79. 79. 79. 79. 79. 79. 79. 79. 79. 79. 79. 79. 79. 79. 79. 79. 79. 79. 79. 79. 79. 79. 79. 79. 79. 79. 79. 79. 79. 79. 79. 79. 79. 79. 79. 79. 79. 79. 79. 79. 79. 79. 79. 79. 79. 79. 79. 79. 79. 79. 79. 79. 79. 79. 79. 79. 79. 79. 79. 79. 79. 79. 79. 79. 79. 79. 79. 79. 79. 79. 79. 79. 79. 79. 79. 79. 79. 79. 79. 79. 79. 79. 79. 79. 79. 79. 79. 79. 79. 79. 79. 79. 79. 79. 79. 79. 79. 79. 79. 79. 79. 79. 79. 79. 79. 79. 79. 79.
  206  80. 80. 80. 80. 80. 80. 80. 80. 80. 80. 80. 80. 80. 80. 80. 80. 80. 80. 80. 80. 80. 80. 80. 80. 80. 80. 80. 80. 80. 80. 80. 80. 80. 80. 80. 80. 80. 80. 79. 79. 79. 79. 79. 79. 79. 79. 79. 79. 79. 79. 79. 79. 79. 79. 79. 79. 79. 79. 79. 79. 79. 79. 79. 79. 79. 79. 79. 79. 79. 79. 79. 79. 79. 79. 79. 79. 79. 79. 79. 79. 79. 79. 79. 79. 79. 79. 79. 79. 79. 79. 79. 79. 79. 79. 79. 79. 79. 79. 79. 79. 79. 79. 79. 79. 79. 79. 79. 79. 79. 79. 79. 79. 79. 79. 79. 79. 79. 79. 79. 79. 79. 79. 79. 79. 79. 79. 79. 79. 79. 79. 79. 79. 79. 79. 79. 79. 79. 79. 79. 79. 79. 79. 79. 79. 79. 79. 79. 79. 79. 79. 79.
  205  80. 80. 80. 80. 80. 80. 80. 80. 80. 80. 80. 80. 80. 80. 80. 80. 80. 80. 80. 80. 80. 80. 80. 80. 80. 80. 80. 80. 80. 80. 80. 80. 80. 80. 80. 80. 80. 80. 79. 79. 79. 79. 79. 79. 79. 79. 79. 79. 79. 79. 79. 79. 79. 79. 79. 79. 79. 79. 79. 79. 79. 79. 79. 79. 79. 79. 79. 79. 79. 79. 79. 79. 79. 79. 79. 79. 79. 79. 79. 79. 79. 79. 79. 79. 79. 79. 79. 79. 79. 79. 79. 79. 79. 79. 79. 79. 79. 79. 79. 79. 79. 79. 79. 79. 79. 79. 79. 79. 79. 79. 79. 79. 79. 79. 79. 79. 79. 79. 79. 79. 79. 79. 79. 79. 79. 79. 79. 79. 79. 79. 79. 79. 79. 79. 79. 79. 79. 79. 79. 79. 79. 79. 79. 79. 79. 79. 79. 79. 79. 79. 79.
  204  80. 80. 80. 80. 80. 80. 80. 80. 80. 80. 80. 80. 80. 80. 80. 80. 80. 80. 80. 80. 80. 80. 80. 80. 80. 80. 80. 80. 80. 80. 80. 80. 80. 80. 80. 80. 80. 79. 79. 79. 79. 79. 79. 79. 79. 79. 79. 79. 79. 79. 79. 79. 79. 79. 79. 79. 79. 79. 79. 79. 79. 79. 79. 79. 79. 79. 79. 79. 79. 79. 79. 79. 79. 79. 79. 79. 79. 79. 79. 79. 79. 79. 79. 79. 79. 79. 79. 79. 79. 79. 79. 79. 79. 79. 79. 79. 79. 79. 79. 79. 79. 79. 79. 79. 79. 79. 79. 79. 79. 79. 79. 79. 79. 79. 79. 79. 79. 79. 79. 79. 79. 79. 79. 79. 79. 79. 79. 79. 79. 79. 79. 79. 79. 79. 79. 79. 79. 79. 79. 79. 79. 79. 79. 79. 79. 79. 79. 79. 79. 79. 79.
  203  80. 80. 80. 80. 80. 80. 80. 80. 80. 80. 80. 80. 80. 80. 80. 80. 80. 80. 80. 80. 80. 80. 80. 80. 80. 80. 80. 80. 80. 80. 80. 80. 80. 80. 80. 80. 80. 79. 79. 79. 79. 79. 79. 79. 79. 79. 79. 79. 79. 79. 79. 79. 79. 79. 79. 79. 79. 79. 79. 79. 79. 79. 79. 79. 79. 79. 79. 79. 79. 79. 79. 79. 79. 79. 79. 79. 79. 79. 79. 79. 79. 79. 79. 79. 79. 79. 79. 79. 79. 79. 79. 79. 79. 79. 79. 79. 79. 79. 79. 79. 79. 79. 79. 79. 79. 79. 79. 79. 79. 79. 79. 79. 79. 79. 79. 79. 79. 79. 79. 79. 79. 79. 79. 79. 79. 79. 79. 79. 79. 79. 79. 79. 79. 79. 79. 79. 79. 79. 79. 79. 79. 79. 79. 79. 79. 79. 79. 79. 79. 79. 79.
  202  80. 80. 80. 80. 80. 80. 80. 80. 80. 80. 80. 80. 80. 80. 80. 80. 80. 80. 80. 80. 80. 80. 80. 80. 80. 80. 80. 80. 80. 80. 80. 80. 80. 80. 80. 80. 79. 79. 79. 79. 79. 79. 79. 79. 79. 79. 79. 79. 79. 79. 79. 79. 79. 79. 79. 79. 79. 79. 79. 79. 79. 79. 79. 79. 79. 79. 79. 79. 79. 79. 79. 79. 79. 79. 79. 79. 79. 79. 79. 79. 79. 79. 79. 79. 79. 79. 79. 79. 79. 79. 79. 79. 79. 79. 79. 79. 79. 79. 79. 79. 79. 79. 79. 79. 79. 79. 79. 79. 79. 79. 79. 79. 79. 79. 79. 79. 79. 79. 79. 79. 79. 79. 79. 79. 79. 79. 79. 79. 79. 79. 79. 79. 79. 79. 79. 79. 79. 79. 79. 79. 79. 79. 79. 79. 79. 79. 79. 79. 79. 79. 79.
  201  80. 80. 80. 80. 80. 80. 80. 80. 80. 80. 80. 80. 80. 80. 80. 80. 80. 80. 80. 80. 80. 80. 80. 80. 80. 80. 80. 80. 80. 80. 80. 80. 80. 80. 80. 80. 79. 79. 79. 79. 79. 79. 79. 79. 79. 79. 79. 79. 79. 79. 79. 79. 79. 79. 79. 79. 79. 79. 79. 79. 79. 79. 79. 79. 79. 79. 79. 79. 79. 79. 79. 79. 79. 79. 79. 79. 79. 79. 79. 79. 79. 79. 79. 79. 79. 79. 79. 79. 79. 79. 79. 79. 79. 79. 79. 79. 79. 79. 79. 79. 79. 79. 79. 79. 79. 79. 79. 79. 79. 79. 79. 79. 79. 79. 79. 79. 79. 79. 79. 79. 79. 79. 79. 79. 79. 79. 79. 79. 79. 79. 79. 79. 79. 79. 79. 79. 79. 79. 79. 79. 79. 79. 79. 79. 79. 79. 79. 79. 79. 79. 79.
  200  80. 80. 80. 80. 80. 80. 80. 80. 80. 80. 80. 80. 80. 80. 80. 80. 80. 80. 80. 80. 80. 80. 80. 80. 80. 80. 80. 80. 80. 80. 80. 80. 80. 80. 80. 79. 79. 79. 79. 79. 79. 79. 79. 79. 79. 79. 79. 79. 79. 79. 79. 79. 79. 79. 79. 79. 79. 79. 79. 79. 79. 79. 79. 79. 79. 79. 79. 79. 79. 79. 79. 79. 79. 79. 79. 79. 79. 79. 79. 79. 79. 79. 79. 79. 79. 79. 79. 79. 79. 79. 79. 79. 79. 79. 79. 79. 79. 79. 79. 79. 79. 79. 79. 79. 79. 79. 79. 79. 79. 79. 79. 79. 79. 79. 79. 79. 79. 79. 79. 79. 79. 79. 79. 79. 79. 79. 79. 79. 79. 79. 79. 79. 79. 79. 79. 79. 79. 79. 79. 79. 79. 79. 79. 79. 79. 79. 79. 79. 79. 79. 79.
  199  80. 80. 80. 80. 80. 80. 80. 80. 80. 80. 80. 80. 80. 80. 80. 80. 80. 80. 80. 80. 80. 80. 80. 80. 80. 80. 80. 80. 80. 80. 80. 80. 80. 80. 80. 79. 79. 79. 79. 79. 79. 79. 79. 79. 79. 79. 79. 79. 79. 79. 79. 79. 79. 79. 79. 79. 79. 79. 79. 79. 79. 79. 79. 79. 79. 79. 79. 79. 79. 79. 79. 79. 79. 79. 79. 79. 79. 79. 79. 79. 79. 79. 79. 79. 79. 79. 79. 79. 79. 79. 79. 79. 79. 79. 79. 79. 79. 79. 79. 79. 79. 79. 79. 79. 79. 79. 79. 79. 79. 79. 79. 79. 79. 79. 79. 79. 79. 79. 79. 79. 79. 79. 79. 79. 79. 79. 79. 79. 79. 79. 79. 79. 79. 79. 79. 79. 79. 79. 79. 79. 79. 79. 79. 79. 79. 79. 79. 79. 79. 79. 79.
  198  80. 80. 80. 80. 80. 80. 80. 80. 80. 80. 80. 80. 80. 80. 80. 80. 80. 80. 80. 80. 80. 80. 80. 80. 80. 80. 80. 80. 80. 80. 80. 80. 80. 80. 80. 79. 79. 79. 79. 79. 79. 79. 79. 79. 79. 79. 79. 79. 79. 79. 79. 79. 79. 79. 79. 79. 79. 79. 79. 79. 79. 79. 79. 79. 79. 79. 79. 79. 79. 79. 79. 79. 79. 79. 79. 79. 79. 79. 79. 79. 79. 79. 79. 79. 79. 79. 79. 79. 79. 79. 79. 79. 79. 79. 79. 79. 79. 79. 79. 79. 79. 79. 79. 79. 79. 79. 79. 79. 79. 79. 79. 79. 79. 79. 79. 79. 79. 79. 79. 79. 79. 79. 79. 79. 79. 79. 79. 79. 79. 79. 79. 79. 79. 79. 79. 79. 79. 79. 79. 79. 79. 79. 79. 79. 79. 79. 79. 79. 79. 79. 79.
  197  80. 80. 80. 80. 80. 80. 80. 80. 80. 80. 80. 80. 80. 80. 80. 80. 80. 80. 80. 80. 80. 80. 80. 80. 80. 80. 80. 80. 80. 80. 80. 80. 80. 80. 79. 79. 79. 79. 79. 79. 79. 79. 79. 79. 79. 79. 79. 79. 79. 79. 79. 79. 79. 79. 79. 79. 79. 79. 79. 79. 79. 79. 79. 79. 79. 79. 79. 79. 79. 79. 79. 79. 79. 79. 79. 79. 79. 79. 79. 79. 79. 79. 79. 79. 79. 79. 79. 79. 79. 79. 79. 79. 79. 79. 79. 79. 79. 79. 79. 79. 79. 79. 79. 79. 79. 79. 79. 79. 79. 79. 79. 79. 79. 79. 79. 79. 79. 79. 79. 79. 79. 79. 79. 79. 79. 79. 79. 79. 79. 79. 79. 79. 79. 79. 79. 79. 79. 79. 79. 79. 79. 79. 79. 79. 79. 79. 79. 79. 79. 79. 79.
  196  80. 80. 80. 80. 80. 80. 80. 80. 80. 80. 80. 80. 80. 80. 80. 80. 80. 80. 80. 80. 80. 80. 80. 80. 80. 80. 80. 80. 80. 80. 80. 80. 80. 80. 79. 79. 79. 79. 79. 79. 79. 79. 79. 79. 79. 79. 79. 79. 79. 79. 79. 79. 79. 79. 79. 79. 79. 79. 79. 79. 79. 79. 79. 79. 79. 79. 79. 79. 79. 79. 79. 79. 79. 79. 79. 79. 79. 79. 79. 79. 79. 79. 79. 79. 79. 79. 79. 79. 79. 79. 79. 79. 79. 79. 79. 79. 79. 79. 79. 79. 79. 79. 79. 79. 79. 79. 79. 79. 79. 79. 79. 79. 79. 79. 79. 79. 79. 79. 79. 79. 79. 79. 79. 79. 79. 79. 79. 79. 79. 79. 79. 79. 79. 79. 79. 79. 79. 79. 79. 79. 79. 79. 79. 79. 79. 79. 79. 79. 79. 79. 79.
  195  80. 80. 80. 80. 80. 80. 80. 80. 80. 80. 80. 80. 80. 80. 80. 80. 80. 80. 80. 80. 80. 80. 80. 80. 80. 80. 80. 80. 80. 80. 80. 80. 80. 80. 79. 79. 79. 79. 79. 79. 79. 79. 79. 79. 79. 79. 79. 79. 79. 79. 79. 79. 79. 79. 79. 79. 79. 79. 79. 79. 79. 79. 79. 79. 79. 79. 79. 79. 79. 79. 79. 79. 79. 79. 79. 79. 79. 79. 79. 79. 79. 79. 79. 79. 79. 79. 79. 79. 79. 79. 79. 79. 79. 79. 79. 79. 79. 79. 79. 79. 79. 79. 79. 79. 79. 79. 79. 79. 79. 79. 79. 79. 79. 79. 79. 79. 79. 79. 79. 79. 79. 79. 79. 79. 79. 79. 79. 79. 79. 79. 79. 79. 79. 79. 79. 79. 79. 79. 79. 79. 79. 79. 79. 79. 79. 79. 79. 79. 79. 79. 79.
  194  80. 80. 80. 80. 80. 80. 80. 80. 80. 80. 80. 80. 80. 80. 80. 80. 80. 80. 80. 80. 80. 80. 80. 80. 80. 80. 80. 80. 80. 80. 80. 80. 80. 79. 79. 79. 79. 79. 79. 79. 79. 79. 79. 79. 79. 79. 79. 79. 79. 79. 79. 79. 79. 79. 79. 79. 79. 79. 79. 79. 79. 79. 79. 79. 79. 79. 79. 79. 79. 79. 79. 79. 79. 79. 79. 79. 79. 79. 79. 79. 79. 79. 79. 79. 79. 79. 79. 79. 79. 79. 79. 79. 79. 79. 79. 79. 79. 79. 79. 79. 79. 79. 79. 79. 79. 79. 79. 79. 79. 79. 79. 79. 79. 79. 79. 79. 79. 79. 79. 79. 79. 79. 79. 79. 79. 79. 79. 79. 79. 79. 79. 79. 79. 79. 79. 79. 79. 79. 79. 79. 79. 79. 79. 79. 79. 79. 79. 79. 79. 79. 79.
  193  80. 80. 80. 80. 80. 80. 80. 80. 80. 80. 80. 80. 80. 80. 80. 80. 80. 80. 80. 80. 80. 80. 80. 80. 80. 80. 80. 80. 80. 80. 80. 80. 80. 79. 79. 79. 79. 79. 79. 79. 79. 79. 79. 79. 79. 79. 79. 79. 79. 79. 79. 79. 79. 79. 79. 79. 79. 79. 79. 79. 79. 79. 79. 79. 79. 79. 79. 79. 79. 79. 79. 79. 79. 79. 79. 79. 79. 79. 79. 79. 79. 79. 79. 79. 79. 79. 79. 79. 79. 79. 79. 79. 79. 79. 79. 79. 79. 79. 79. 79. 79. 79. 79. 79. 79. 79. 79. 79. 79. 79. 79. 79. 79. 79. 79. 79. 79. 79. 79. 79. 79. 79. 79. 79. 79. 79. 79. 79. 79. 79. 79. 79. 79. 79. 79. 79. 79. 79. 79. 79. 79. 79. 79. 79. 79. 79. 79. 79. 79. 79. 79.
  192  80. 80. 80. 80. 80. 80. 80. 80. 80. 80. 80. 80. 80. 80. 80. 80. 80. 80. 80. 80. 80. 80. 80. 80. 80. 80. 80. 80. 80. 80. 80. 80. 80. 79. 79. 79. 79. 79. 79. 79. 79. 79. 79. 79. 79. 79. 79. 79. 79. 79. 79. 79. 79. 79. 79. 79. 79. 79. 79. 79. 79. 79. 79. 79. 79. 79. 79. 79. 79. 79. 79. 79. 79. 79. 79. 79. 79. 79. 79. 79. 79. 79. 79. 79. 79. 79. 79. 79. 79. 79. 79. 79. 79. 79. 79. 79. 79. 79. 79. 79. 79. 79. 79. 79. 79. 79. 79. 79. 79. 79. 79. 79. 79. 79. 79. 79. 79. 79. 79. 79. 79. 79. 79. 79. 79. 79. 79. 79. 79. 79. 79. 79. 79. 79. 79. 79. 79. 79. 79. 79. 79. 79. 79. 79. 79. 79. 79. 79. 79. 79. 79.
  191  80. 80. 80. 80. 80. 80. 80. 80. 80. 80. 80. 80. 80. 80. 80. 80. 80. 80. 80. 80. 80. 80. 80. 80. 80. 80. 80. 80. 80. 80. 80. 80. 79. 79. 79. 79. 79. 79. 79. 79. 79. 79. 79. 79. 79. 79. 79. 79. 79. 79. 79. 79. 79. 79. 79. 79. 79. 79. 79. 79. 79. 79. 79. 79. 79. 79. 79. 79. 79. 79. 79. 79. 79. 79. 79. 79. 79. 79. 79. 79. 79. 79. 79. 79. 79. 79. 79. 79. 79. 79. 79. 79. 79. 79. 79. 79. 79. 79. 79. 79. 79. 79. 79. 79. 79. 79. 79. 79. 79. 79. 79. 79. 79. 79. 79. 79. 79. 79. 79. 79. 79. 79. 79. 79. 79. 79. 79. 79. 79. 79. 79. 79. 79. 79. 79. 79. 79. 79. 79. 79. 79. 79. 79. 79. 79. 79. 79. 79. 79. 79. 79.
  190  80. 80. 80. 80. 80. 80. 80. 80. 80. 80. 80. 80. 80. 80. 80. 80. 80. 80. 80. 80. 80. 80. 80. 80. 80. 80. 80. 80. 80. 80. 80. 80. 79. 79. 79. 79. 79. 79. 79. 79. 79. 79. 79. 79. 79. 79. 79. 79. 79. 79. 79. 79. 79. 79. 79. 79. 79. 79. 79. 79. 79. 79. 79. 79. 79. 79. 79. 79. 79. 79. 79. 79. 79. 79. 79. 79. 79. 79. 79. 79. 79. 79. 79. 79. 79. 79. 79. 79. 79. 79. 79. 79. 79. 79. 79. 79. 79. 79. 79. 79. 79. 79. 79. 79. 79. 79. 79. 79. 79. 79. 79. 79. 79. 79. 79. 79. 79. 79. 79. 79. 79. 79. 79. 79. 79. 79. 79. 79. 79. 79. 79. 79. 79. 79. 79. 79. 79. 79. 79. 79. 79. 79. 79. 79. 79. 79. 79. 79. 79. 79. 79.
  189  80. 80. 80. 80. 80. 80. 80. 80. 80. 80. 80. 80. 80. 80. 80. 80. 80. 80. 80. 80. 80. 80. 80. 80. 80. 80. 80. 80. 80. 80. 80. 80. 79. 79. 79. 79. 79. 79. 79. 79. 79. 79. 79. 79. 79. 79. 79. 79. 79. 79. 79. 79. 79. 79. 79. 79. 79. 79. 79. 79. 79. 79. 79. 79. 79. 79. 79. 79. 79. 79. 79. 79. 79. 79. 79. 79. 79. 79. 79. 79. 79. 79. 79. 79. 79. 79. 79. 79. 79. 79. 79. 79. 79. 79. 79. 79. 79. 79. 79. 79. 79. 79. 79. 79. 79. 79. 79. 79. 79. 79. 79. 79. 79. 79. 79. 79. 79. 79. 79. 79. 79. 79. 79. 79. 79. 79. 79. 79. 79. 79. 79. 79. 79. 79. 79. 79. 79. 79. 79. 79. 79. 79. 79. 79. 79. 79. 79. 79. 79. 79. 79.
  188  80. 80. 80. 80. 80. 80. 80. 80. 80. 80. 80. 80. 80. 80. 80. 80. 80. 80. 80. 80. 80. 80. 80. 80. 80. 80. 80. 80. 80. 80. 80. 79. 79. 79. 79. 79. 79. 79. 79. 79. 79. 79. 79. 79. 79. 79. 79. 79. 79. 79. 79. 79. 79. 79. 79. 79. 79. 79. 79. 79. 79. 79. 79. 79. 79. 79. 79. 79. 79. 79. 79. 79. 79. 79. 79. 79. 79. 79. 79. 79. 79. 79. 79. 79. 79. 79. 79. 79. 79. 79. 79. 79. 79. 79. 79. 79. 79. 79. 79. 79. 79. 79. 79. 79. 79. 79. 79. 79. 79. 79. 79. 79. 79. 79. 79. 79. 79. 79. 79. 79. 79. 79. 79. 79. 79. 79. 79. 79. 79. 79. 79. 79. 79. 79. 79. 79. 79. 79. 79. 79. 79. 79. 79. 79. 79. 79. 79. 79. 79. 79. 79.
  187  80. 80. 80. 80. 80. 80. 80. 80. 80. 80. 80. 80. 80. 80. 80. 80. 80. 80. 80. 80. 80. 80. 80. 80. 80. 80. 80. 80. 80. 80. 80. 79. 79. 79. 79. 79. 79. 79. 79. 79. 79. 79. 79. 79. 79. 79. 79. 79. 79. 79. 79. 79. 79. 79. 79. 79. 79. 79. 79. 79. 79. 79. 79. 79. 79. 79. 79. 79. 79. 79. 79. 79. 79. 79. 79. 79. 79. 79. 79. 79. 79. 79. 79. 79. 79. 79. 79. 79. 79. 79. 79. 79. 79. 79. 79. 79. 79. 79. 79. 79. 79. 79. 79. 79. 79. 79. 79. 79. 79. 79. 79. 79. 79. 79. 79. 79. 79. 79. 79. 79. 79. 79. 79. 79. 79. 79. 79. 79. 79. 79. 79. 79. 79. 79. 79. 79. 79. 79. 79. 79. 79. 79. 79. 79. 79. 79. 79. 79. 79. 79. 79.
  186  80. 80. 80. 80. 80. 80. 80. 80. 80. 80. 80. 80. 80. 80. 80. 80. 80. 80. 80. 80. 80. 80. 80. 80. 80. 80. 80. 80. 80. 80. 80. 79. 79. 79. 79. 79. 79. 79. 79. 79. 79. 79. 79. 79. 79. 79. 79. 79. 79. 79. 79. 79. 79. 79. 79. 79. 79. 79. 79. 79. 79. 79. 79. 79. 79. 79. 79. 79. 79. 79. 79. 79. 79. 79. 79. 79. 79. 79. 79. 79. 79. 79. 79. 79. 79. 79. 79. 79. 79. 79. 79. 79. 79. 79. 79. 79. 79. 79. 79. 79. 79. 79. 79. 79. 79. 79. 79. 79. 79. 79. 79. 79. 79. 79. 79. 79. 79. 79. 79. 79. 79. 79. 79. 79. 79. 79. 79. 79. 79. 79. 79. 79. 79. 79. 79. 79. 79. 79. 79. 79. 79. 79. 79. 79. 79. 79. 79. 79. 79. 79. 79.
  185  80. 80. 80. 80. 80. 80. 80. 80. 80. 80. 80. 80. 80. 80. 80. 80. 80. 80. 80. 80. 80. 80. 80. 80. 80. 80. 80. 80. 80. 80. 79. 79. 79. 79. 79. 79. 79. 79. 79. 79. 79. 79. 79. 79. 79. 79. 79. 79. 79. 79. 79. 79. 79. 79. 79. 79. 79. 79. 79. 79. 79. 79. 79. 79. 79. 79. 79. 79. 79. 79. 79. 79. 79. 79. 79. 79. 79. 79. 79. 79. 79. 79. 79. 79. 79. 79. 79. 79. 79. 79. 79. 79. 79. 79. 79. 79. 79. 79. 79. 79. 79. 79. 79. 79. 79. 79. 79. 79. 79. 79. 79. 79. 79. 79. 79. 79. 79. 79. 79. 79. 79. 79. 79. 79. 79. 79. 79. 79. 79. 79. 79. 79. 79. 79. 79. 79. 79. 79. 79. 79. 79. 79. 79. 79. 79. 79. 79. 79. 79. 79. 79.
  184  80. 80. 80. 80. 80. 80. 80. 80. 80. 80. 80. 80. 80. 80. 80. 80. 80. 80. 80. 80. 80. 80. 80. 80. 80. 80. 80. 80. 80. 80. 79. 79. 79. 79. 79. 79. 79. 79. 79. 79. 79. 79. 79. 79. 79. 79. 79. 79. 79. 79. 79. 79. 79. 79. 79. 79. 79. 79. 79. 79. 79. 79. 79. 79. 79. 79. 79. 79. 79. 79. 79. 79. 79. 79. 79. 79. 79. 79. 79. 79. 79. 79. 79. 79. 79. 79. 79. 79. 79. 79. 79. 79. 79. 79. 79. 79. 79. 79. 79. 79. 79. 79. 79. 79. 79. 79. 79. 79. 79. 79. 79. 79. 79. 79. 79. 79. 79. 79. 79. 79. 79. 79. 79. 79. 79. 79. 79. 79. 79. 79. 79. 79. 79. 79. 79. 79. 79. 79. 79. 79. 79. 79. 79. 79. 79. 79. 79. 79. 79. 79. 79.
  183  80. 80. 80. 80. 80. 80. 80. 80. 80. 80. 80. 80. 80. 80. 80. 80. 80. 80. 80. 80. 80. 80. 80. 80. 80. 80. 80. 80. 80. 80. 79. 79. 79. 79. 79. 79. 79. 79. 79. 79. 79. 79. 79. 79. 79. 79. 79. 79. 79. 79. 79. 79. 79. 79. 79. 79. 79. 79. 79. 79. 79. 79. 79. 79. 79. 79. 79. 79. 79. 79. 79. 79. 79. 79. 79. 79. 79. 79. 79. 79. 79. 79. 79. 79. 79. 79. 79. 79. 79. 79. 79. 79. 79. 79. 79. 79. 79. 79. 79. 79. 79. 79. 79. 79. 79. 79. 79. 79. 79. 79. 79. 79. 79. 79. 79. 79. 79. 79. 79. 79. 79. 79. 79. 79. 79. 79. 79. 79. 79. 79. 79. 79. 79. 79. 79. 79. 79. 79. 79. 79. 79. 79. 79. 79. 79. 79. 79. 79. 79. 79. 79.
  182  80. 80. 80. 80. 80. 80. 80. 80. 80. 80. 80. 80. 80. 80. 80. 80. 80. 80. 80. 80. 80. 80. 80. 80. 80. 80. 80. 80. 80. 80. 79. 79. 79. 79. 79. 79. 79. 79. 79. 79. 79. 79. 79. 79. 79. 79. 79. 79. 79. 79. 79. 79. 79. 79. 79. 79. 79. 79. 79. 79. 79. 79. 79. 79. 79. 79. 79. 79. 79. 79. 79. 79. 79. 79. 79. 79. 79. 79. 79. 79. 79. 79. 79. 79. 79. 79. 79. 79. 79. 79. 79. 79. 79. 79. 79. 79. 79. 79. 79. 79. 79. 79. 79. 79. 79. 79. 79. 79. 79. 79. 79. 79. 79. 79. 79. 79. 79. 79. 79. 79. 79. 79. 79. 79. 79. 79. 79. 79. 79. 79. 79. 79. 79. 79. 79. 79. 79. 79. 79. 79. 79. 79. 79. 79. 79. 79. 79. 79. 79. 79. 79.
  181  80. 80. 80. 80. 80. 80. 80. 80. 80. 80. 80. 80. 80. 80. 80. 80. 80. 80. 80. 80. 80. 80. 80. 80. 80. 80. 80. 80. 80. 79. 79. 79. 79. 79. 79. 79. 79. 79. 79. 79. 79. 79. 79. 79. 79. 79. 79. 79. 79. 79. 79. 79. 79. 79. 79. 79. 79. 79. 79. 79. 79. 79. 79. 79. 79. 79. 79. 79. 79. 79. 79. 79. 79. 79. 79. 79. 79. 79. 79. 79. 79. 79. 79. 79. 79. 79. 79. 79. 79. 79. 79. 79. 79. 79. 79. 79. 79. 79. 79. 79. 79. 79. 79. 79. 79. 79. 79. 79. 79. 79. 79. 79. 79. 79. 79. 79. 79. 79. 79. 79. 79. 79. 79. 79. 79. 79. 79. 79. 79. 79. 79. 79. 79. 79. 79. 79. 79. 79. 79. 79. 79. 79. 79. 79. 79. 79. 79. 79. 79. 79. 79.
  180  80. 80. 80. 80. 80. 80. 80. 80. 80. 80. 80. 80. 80. 80. 80. 80. 80. 80. 80. 80. 80. 80. 80. 80. 80. 80. 80. 80. 80. 79. 79. 79. 79. 79. 79. 79. 79. 79. 79. 79. 79. 79. 79. 79. 79. 79. 79. 79. 79. 79. 79. 79. 79. 79. 79. 79. 79. 79. 79. 79. 79. 79. 79. 79. 79. 79. 79. 79. 79. 79. 79. 79. 79. 79. 79. 79. 79. 79. 79. 79. 79. 79. 79. 79. 79. 79. 79. 79. 79. 79. 79. 79. 79. 79. 79. 79. 79. 79. 79. 79. 79. 79. 79. 79. 79. 79. 79. 79. 79. 79. 79. 79. 79. 79. 79. 79. 79. 79. 79. 79. 79. 79. 79. 79. 79. 79. 79. 79. 79. 79. 79. 79. 79. 79. 79. 79. 79. 79. 79. 79. 79. 79. 79. 79. 79. 79. 79. 79. 79. 79. 79.
  179  80. 80. 80. 80. 80. 80. 80. 80. 80. 80. 80. 80. 80. 80. 80. 80. 80. 80. 80. 80. 80. 80. 80. 80. 80. 80. 80. 80. 80. 79. 79. 79. 79. 79. 79. 79. 79. 79. 79. 79. 79. 79. 79. 79. 79. 79. 79. 79. 79. 79. 79. 79. 79. 79. 79. 79. 79. 79. 79. 79. 79. 79. 79. 79. 79. 79. 79. 79. 79. 79. 79. 79. 79. 79. 79. 79. 79. 79. 79. 79. 79. 79. 79. 79. 79. 79. 79. 79. 79. 79. 79. 79. 79. 79. 79. 79. 79. 79. 79. 79. 79. 79. 79. 79. 79. 79. 79. 79. 79. 79. 79. 79. 79. 79. 79. 79. 79. 79. 79. 79. 79. 79. 79. 79. 79. 79. 79. 79. 79. 79. 79. 79. 79. 79. 79. 79. 79. 79. 79. 79. 79. 79. 79. 79. 79. 79. 79. 79. 79. 79. 79.
  178  80. 80. 80. 80. 80. 80. 80. 80. 80. 80. 80. 80. 80. 80. 80. 80. 80. 80. 80. 80. 80. 80. 80. 80. 80. 80. 80. 80. 80. 79. 79. 79. 79. 79. 79. 79. 79. 79. 79. 79. 79. 79. 79. 79. 79. 79. 79. 79. 79. 79. 79. 79. 79. 79. 79. 79. 79. 79. 79. 79. 79. 79. 79. 79. 79. 79. 79. 79. 79. 79. 79. 79. 79. 79. 79. 79. 79. 79. 79. 79. 79. 79. 79. 79. 79. 79. 79. 79. 79. 79. 79. 79. 79. 79. 79. 79. 79. 79. 79. 79. 79. 79. 79. 79. 79. 79. 79. 79. 79. 79. 79. 79. 79. 79. 79. 79. 79. 79. 79. 79. 79. 79. 79. 79. 79. 79. 79. 79. 79. 79. 79. 79. 79. 79. 79. 79. 79. 79. 79. 79. 79. 79. 79. 79. 79. 79. 79. 79. 79. 79. 79.
  177  80. 80. 80. 80. 80. 80. 80. 80. 80. 80. 80. 80. 80. 80. 80. 80. 80. 80. 80. 80. 80. 80. 80. 80. 80. 80. 80. 80. 79. 79. 79. 79. 79. 79. 79. 79. 79. 79. 79. 79. 79. 79. 79. 79. 79. 79. 79. 79. 79. 79. 79. 79. 79. 79. 79. 79. 79. 79. 79. 79. 79. 79. 79. 79. 79. 79. 79. 79. 79. 79. 79. 79. 79. 79. 79. 79. 79. 79. 79. 79. 79. 79. 79. 79. 79. 79. 79. 79. 79. 79. 79. 79. 79. 79. 79. 79. 79. 79. 79. 79. 79. 79. 79. 79. 79. 79. 79. 79. 79. 79. 79. 79. 79. 79. 79. 79. 79. 79. 79. 79. 79. 79. 79. 79. 79. 79. 79. 79. 79. 79. 79. 79. 79. 79. 79. 79. 79. 79. 79. 79. 79. 79. 79. 79. 79. 79. 79. 79. 79. 79. 79.
  176  80. 80. 80. 80. 80. 80. 80. 80. 80. 80. 80. 80. 80. 80. 80. 80. 80. 80. 80. 80. 80. 80. 80. 80. 80. 80. 80. 80. 79. 79. 79. 79. 79. 79. 79. 79. 79. 79. 79. 79. 79. 79. 79. 79. 79. 79. 79. 79. 79. 79. 79. 79. 79. 79. 79. 79. 79. 79. 79. 79. 79. 79. 79. 79. 79. 79. 79. 79. 79. 79. 79. 79. 79. 79. 79. 79. 79. 79. 79. 79. 79. 79. 79. 79. 79. 79. 79. 79. 79. 79. 79. 79. 79. 79. 79. 79. 79. 79. 79. 79. 79. 79. 79. 79. 79. 79. 79. 79. 79. 79. 79. 79. 79. 79. 79. 79. 79. 79. 79. 79. 79. 79. 79. 79. 79. 79. 79. 79. 79. 79. 79. 79. 79. 79. 79. 79. 79. 79. 79. 79. 79. 79. 79. 79. 79. 79. 79. 79. 79. 79. 79.
  175  80. 80. 80. 80. 80. 80. 80. 80. 80. 80. 80. 80. 80. 80. 80. 80. 80. 80. 80. 80. 80. 80. 80. 80. 80. 80. 80. 80. 79. 79. 79. 79. 79. 79. 79. 79. 79. 79. 79. 79. 79. 79. 79. 79. 79. 79. 79. 79. 79. 79. 79. 79. 79. 79. 79. 79. 79. 79. 79. 79. 79. 79. 79. 79. 79. 79. 79. 79. 79. 79. 79. 79. 79. 79. 79. 79. 79. 79. 79. 79. 79. 79. 79. 79. 79. 79. 79. 79. 79. 79. 79. 79. 79. 79. 79. 79. 79. 79. 79. 79. 79. 79. 79. 79. 79. 79. 79. 79. 79. 79. 79. 79. 79. 79. 79. 79. 79. 79. 79. 79. 79. 79. 79. 79. 79. 79. 79. 79. 79. 79. 79. 79. 79. 79. 79. 79. 79. 79. 79. 79. 79. 79. 79. 79. 79. 79. 79. 79. 79. 79. 79.
  174  80. 80. 80. 80. 80. 80. 80. 80. 80. 80. 80. 80. 80. 80. 80. 80. 80. 80. 80. 80. 80. 80. 80. 80. 80. 80. 80. 80. 79. 79. 79. 79. 79. 79. 79. 79. 79. 79. 79. 79. 79. 79. 79. 79. 79. 79. 79. 79. 79. 79. 79. 79. 79. 79. 79. 79. 79. 79. 79. 79. 79. 79. 79. 79. 79. 79. 79. 79. 79. 79. 79. 79. 79. 79. 79. 79. 79. 79. 79. 79. 79. 79. 79. 79. 79. 79. 79. 79. 79. 79. 79. 79. 79. 79. 79. 79. 79. 79. 79. 79. 79. 79. 79. 79. 79. 79. 79. 79. 79. 79. 79. 79. 79. 79. 79. 79. 79. 79. 79. 79. 79. 79. 79. 79. 79. 79. 79. 79. 79. 79. 79. 79. 79. 79. 79. 79. 79. 79. 79. 79. 79. 79. 79. 79. 79. 79. 79. 79. 79. 79. 79.
  173  80. 80. 80. 80. 80. 80. 80. 80. 80. 80. 80. 80. 80. 80. 80. 80. 80. 80. 80. 80. 80. 80. 80. 80. 80. 80. 80. 80. 79. 79. 79. 79. 79. 79. 79. 79. 79. 79. 79. 79. 79. 79. 79. 79. 79. 79. 79. 79. 79. 79. 79. 79. 79. 79. 79. 79. 79. 79. 79. 79. 79. 79. 79. 79. 79. 79. 79. 79. 79. 79. 79. 79. 79. 79. 79. 79. 79. 79. 79. 79. 79. 79. 79. 79. 79. 79. 79. 79. 79. 79. 79. 79. 79. 79. 79. 79. 79. 79. 79. 79. 79. 79. 79. 79. 79. 79. 79. 79. 79. 79. 79. 79. 79. 79. 79. 79. 79. 79. 79. 79. 79. 79. 79. 79. 79. 79. 79. 79. 79. 79. 79. 79. 79. 79. 79. 79. 79. 79. 79. 79. 79. 79. 79. 79. 79. 79. 79. 79. 79. 79. 79.
  172  80. 80. 80. 80. 80. 80. 80. 80. 80. 80. 80. 80. 80. 80. 80. 80. 80. 80. 80. 80. 80. 80. 80. 80. 80. 80. 80. 79. 79. 79. 79. 79. 79. 79. 79. 79. 79. 79. 79. 79. 79. 79. 79. 79. 79. 79. 79. 79. 79. 79. 79. 79. 79. 79. 79. 79. 79. 79. 79. 79. 79. 79. 79. 79. 79. 79. 79. 79. 79. 79. 79. 79. 79. 79. 79. 79. 79. 79. 79. 79. 79. 79. 79. 79. 79. 79. 79. 79. 79. 79. 79. 79. 79. 79. 79. 79. 79. 79. 79. 79. 79. 79. 79. 79. 79. 79. 79. 79. 79. 79. 79. 79. 79. 79. 79. 79. 79. 79. 79. 79. 79. 79. 79. 79. 79. 79. 79. 79. 79. 79. 79. 79. 79. 79. 79. 79. 79. 79. 79. 79. 79. 79. 79. 79. 79. 79. 79. 79. 79. 79. 79.
  171  80. 80. 80. 80. 80. 80. 80. 80. 80. 80. 80. 80. 80. 80. 80. 80. 80. 80. 80. 80. 80. 80. 80. 80. 80. 80. 80. 79. 79. 79. 79. 79. 79. 79. 79. 79. 79. 79. 79. 79. 79. 79. 79. 79. 79. 79. 79. 79. 79. 79. 79. 79. 79. 79. 79. 79. 79. 79. 79. 79. 79. 79. 79. 79. 79. 79. 79. 79. 79. 79. 79. 79. 79. 79. 79. 79. 79. 79. 79. 79. 79. 79. 79. 79. 79. 79. 79. 79. 79. 79. 79. 79. 79. 79. 79. 79. 79. 79. 79. 79. 79. 79. 79. 79. 79. 79. 79. 79. 79. 79. 79. 79. 79. 79. 79. 79. 79. 79. 79. 79. 79. 79. 79. 79. 79. 79. 79. 79. 79. 79. 79. 79. 79. 79. 79. 79. 79. 79. 79. 79. 79. 79. 79. 79. 79. 79. 79. 79. 79. 79. 79.
  170  80. 80. 80. 80. 80. 80. 80. 80. 80. 80. 80. 80. 80. 80. 80. 80. 80. 80. 80. 80. 80. 80. 80. 80. 80. 80. 80. 79. 79. 79. 79. 79. 79. 79. 79. 79. 79. 79. 79. 79. 79. 79. 79. 79. 79. 79. 79. 79. 79. 79. 79. 79. 79. 79. 79. 79. 79. 79. 79. 79. 79. 79. 79. 79. 79. 79. 79. 79. 79. 79. 79. 79. 79. 79. 79. 79. 79. 79. 79. 79. 79. 79. 79. 79. 79. 79. 79. 79. 79. 79. 79. 79. 79. 79. 79. 79. 79. 79. 79. 79. 79. 79. 79. 79. 79. 79. 79. 79. 79. 79. 79. 79. 79. 79. 79. 79. 79. 79. 79. 79. 79. 79. 79. 79. 79. 79. 79. 79. 79. 79. 79. 79. 79. 79. 79. 79. 79. 79. 79. 79. 79. 79. 79. 79. 79. 79. 79. 79. 79. 79. 79.
  169  80. 80. 80. 80. 80. 80. 80. 80. 80. 80. 80. 80. 80. 80. 80. 80. 80. 80. 80. 80. 80. 80. 80. 80. 80. 80. 80. 79. 79. 79. 79. 79. 79. 79. 79. 79. 79. 79. 79. 79. 79. 79. 79. 79. 79. 79. 79. 79. 79. 79. 79. 79. 79. 79. 79. 79. 79. 79. 79. 79. 79. 79. 79. 79. 79. 79. 79. 79. 79. 79. 79. 79. 79. 79. 79. 79. 79. 79. 79. 79. 79. 79. 79. 79. 79. 79. 79. 79. 79. 79. 79. 79. 79. 79. 79. 79. 79. 79. 79. 79. 79. 79. 79. 79. 79. 79. 79. 79. 79. 79. 79. 79. 79. 79. 79. 79. 79. 79. 79. 79. 79. 79. 79. 79. 79. 79. 79. 79. 79. 79. 79. 79. 79. 79. 79. 79. 79. 79. 79. 79. 79. 79. 79. 79. 79. 79. 79. 79. 79. 79. 79.
  168  80. 80. 80. 80. 80. 80. 80. 80. 80. 80. 80. 80. 80. 80. 80. 80. 80. 80. 80. 80. 80. 80. 80. 80. 80. 80. 80. 79. 79. 79. 79. 79. 79. 79. 79. 79. 79. 79. 79. 79. 79. 79. 79. 79. 79. 79. 79. 79. 79. 79. 79. 79. 79. 79. 79. 79. 79. 79. 79. 79. 79. 79. 79. 79. 79. 79. 79. 79. 79. 79. 79. 79. 79. 79. 79. 79. 79. 79. 79. 79. 79. 79. 79. 79. 79. 79. 79. 79. 79. 79. 79. 79. 79. 79. 79. 79. 79. 79. 79. 79. 79. 79. 79. 79. 79. 79. 79. 79. 79. 79. 79. 79. 79. 79. 79. 79. 79. 79. 79. 79. 79. 79. 79. 79. 79. 79. 79. 79. 79. 79. 79. 79. 79. 79. 79. 79. 79. 79. 79. 79. 79. 79. 79. 79. 79. 79. 79. 79. 79. 79. 79.
  167  80. 80. 80. 80. 80. 80. 80. 80. 80. 80. 80. 80. 80. 80. 80. 80. 80. 80. 80. 80. 80. 80. 80. 80. 80. 80. 79. 79. 79. 79. 79. 79. 79. 79. 79. 79. 79. 79. 79. 79. 79. 79. 79. 79. 79. 79. 79. 79. 79. 79. 79. 79. 79. 79. 79. 79. 79. 79. 79. 79. 79. 79. 79. 79. 79. 79. 79. 79. 79. 79. 79. 79. 79. 79. 79. 79. 79. 79. 79. 79. 79. 79. 79. 79. 79. 79. 79. 79. 79. 79. 79. 79. 79. 79. 79. 79. 79. 79. 79. 79. 79. 79. 79. 79. 79. 79. 79. 79. 79. 79. 79. 79. 79. 79. 79. 79. 79. 79. 79. 79. 79. 79. 79. 79. 79. 79. 79. 79. 79. 79. 79. 79. 79. 79. 79. 79. 79. 79. 79. 79. 79. 79. 79. 79. 79. 79. 79. 79. 79. 79. 79.
  166  80. 80. 80. 80. 80. 80. 80. 80. 80. 80. 80. 80. 80. 80. 80. 80. 80. 80. 80. 80. 80. 80. 80. 80. 80. 80. 79. 79. 79. 79. 79. 79. 79. 79. 79. 79. 79. 79. 79. 79. 79. 79. 79. 79. 79. 79. 79. 79. 79. 79. 79. 79. 79. 79. 79. 79. 79. 79. 79. 79. 79. 79. 79. 79. 79. 79. 79. 79. 79. 79. 79. 79. 79. 79. 79. 79. 79. 79. 79. 79. 79. 79. 79. 79. 79. 79. 79. 79. 79. 79. 79. 79. 79. 79. 79. 79. 79. 79. 79. 79. 79. 79. 79. 79. 79. 79. 79. 79. 79. 79. 79. 79. 79. 79. 79. 79. 79. 79. 79. 79. 79. 79. 79. 79. 79. 79. 79. 79. 79. 79. 79. 79. 79. 79. 79. 79. 79. 79. 79. 79. 79. 79. 79. 79. 79. 79. 79. 79. 79. 79. 79.
  165  80. 80. 80. 80. 80. 80. 80. 80. 80. 80. 80. 80. 80. 80. 80. 80. 80. 80. 80. 80. 80. 80. 80. 80. 80. 80. 79. 79. 79. 79. 79. 79. 79. 79. 79. 79. 79. 79. 79. 79. 79. 79. 79. 79. 79. 79. 79. 79. 79. 79. 79. 79. 79. 79. 79. 79. 79. 79. 79. 79. 79. 79. 79. 79. 79. 79. 79. 79. 79. 79. 79. 79. 79. 79. 79. 79. 79. 79. 79. 79. 79. 79. 79. 79. 79. 79. 79. 79. 79. 79. 79. 79. 79. 79. 79. 79. 79. 79. 79. 79. 79. 79. 79. 79. 79. 79. 79. 79. 79. 79. 79. 79. 79. 79. 79. 79. 79. 79. 79. 79. 79. 79. 79. 79. 79. 79. 79. 79. 79. 79. 79. 79. 79. 79. 79. 79. 79. 79. 79. 79. 79. 79. 79. 79. 79. 79. 79. 79. 79. 79. 79.
  164  80. 80. 80. 80. 80. 80. 80. 80. 80. 80. 80. 80. 80. 80. 80. 80. 80. 80. 80. 80. 80. 80. 80. 80. 80. 80. 79. 79. 79. 79. 79. 79. 79. 79. 79. 79. 79. 79. 79. 79. 79. 79. 79. 79. 79. 79. 79. 79. 79. 79. 79. 79. 79. 79. 79. 79. 79. 79. 79. 79. 79. 79. 79. 79. 79. 79. 79. 79. 79. 79. 79. 79. 79. 79. 79. 79. 79. 79. 79. 79. 79. 79. 79. 79. 79. 79. 79. 79. 79. 79. 79. 79. 79. 79. 79. 79. 79. 79. 79. 79. 79. 79. 79. 79. 79. 79. 79. 79. 79. 79. 79. 79. 79. 79. 79. 79. 79. 79. 79. 79. 79. 79. 79. 79. 79. 79. 79. 79. 79. 79. 79. 79. 79. 79. 79. 79. 79. 79. 79. 79. 79. 79. 79. 79. 79. 79. 79. 79. 79. 79. 79.
  163  80. 80. 80. 80. 80. 80. 80. 80. 80. 80. 80. 80. 80. 80. 80. 80. 80. 80. 80. 80. 80. 80. 80. 80. 80. 80. 79. 79. 79. 79. 79. 79. 79. 79. 79. 79. 79. 79. 79. 79. 79. 79. 79. 79. 79. 79. 79. 79. 79. 79. 79. 79. 79. 79. 79. 79. 79. 79. 79. 79. 79. 79. 79. 79. 79. 79. 79. 79. 79. 79. 79. 79. 79. 79. 79. 79. 79. 79. 79. 79. 79. 79. 79. 79. 79. 79. 79. 79. 79. 79. 79. 79. 79. 79. 79. 79. 79. 79. 79. 79. 79. 79. 79. 79. 79. 79. 79. 79. 79. 79. 79. 79. 79. 79. 79. 79. 79. 79. 79. 79. 79. 79. 79. 79. 79. 79. 79. 79. 79. 79. 79. 79. 79. 79. 79. 79. 79. 79. 79. 79. 79. 79. 79. 79. 79. 79. 79. 79. 79. 79. 79.
  162  80. 80. 80. 80. 80. 80. 80. 80. 80. 80. 80. 80. 80. 80. 80. 80. 80. 80. 80. 80. 80. 80. 80. 80. 80. 79. 79. 79. 79. 79. 79. 79. 79. 79. 79. 79. 79. 79. 79. 79. 79. 79. 79. 79. 79. 79. 79. 79. 79. 79. 79. 79. 79. 79. 79. 79. 79. 79. 79. 79. 79. 79. 79. 79. 79. 79. 79. 79. 79. 79. 79. 79. 79. 79. 79. 79. 79. 79. 79. 79. 79. 79. 79. 79. 79. 79. 79. 79. 79. 79. 79. 79. 79. 79. 79. 79. 79. 79. 79. 79. 79. 79. 79. 79. 79. 79. 79. 79. 79. 79. 79. 79. 79. 79. 79. 79. 79. 79. 79. 79. 79. 79. 79. 79. 79. 79. 79. 79. 79. 79. 79. 79. 79. 79. 79. 79. 79. 79. 79. 79. 79. 79. 79. 79. 79. 79. 79. 79. 79. 79. 79.
  161  80. 80. 80. 80. 80. 80. 80. 80. 80. 80. 80. 80. 80. 80. 80. 80. 80. 80. 80. 80. 80. 80. 80. 80. 80. 79. 79. 79. 79. 79. 79. 79. 79. 79. 79. 79. 79. 79. 79. 79. 79. 79. 79. 79. 79. 79. 79. 79. 79. 79. 79. 79. 79. 79. 79. 79. 79. 79. 79. 79. 79. 79. 79. 79. 79. 79. 79. 79. 79. 79. 79. 79. 79. 79. 79. 79. 79. 79. 79. 79. 79. 79. 79. 79. 79. 79. 79. 79. 79. 79. 79. 79. 79. 79. 79. 79. 79. 79. 79. 79. 79. 79. 79. 79. 79. 79. 79. 79. 79. 79. 79. 79. 79. 79. 79. 79. 79. 79. 79. 79. 79. 79. 79. 79. 79. 79. 79. 79. 79. 79. 79. 79. 79. 79. 79. 79. 79. 79. 79. 79. 79. 79. 79. 79. 79. 79. 79. 79. 79. 79. 79.
  160  80. 80. 80. 80. 80. 80. 80. 80. 80. 80. 80. 80. 80. 80. 80. 80. 80. 80. 80. 80. 80. 80. 80. 80. 80. 79. 79. 79. 79. 79. 79. 79. 79. 79. 79. 79. 79. 79. 79. 79. 79. 79. 79. 79. 79. 79. 79. 79. 79. 79. 79. 79. 79. 79. 79. 79. 79. 79. 79. 79. 79. 79. 79. 79. 79. 79. 79. 79. 79. 79. 79. 79. 79. 79. 79. 79. 79. 79. 79. 79. 79. 79. 79. 79. 79. 79. 79. 79. 79. 79. 79. 79. 79. 79. 79. 79. 79. 79. 79. 79. 79. 79. 79. 79. 79. 79. 79. 79. 79. 79. 79. 79. 79. 79. 79. 79. 79. 79. 79. 79. 79. 79. 79. 79. 79. 79. 79. 79. 79. 79. 79. 79. 79. 79. 79. 79. 79. 79. 79. 79. 79. 79. 79. 79. 79. 79. 79. 79. 79. 79. 79.
  159  80. 80. 80. 80. 80. 80. 80. 80. 80. 80. 80. 80. 80. 80. 80. 80. 80. 80. 80. 80. 80. 80. 80. 80. 80. 79. 79. 79. 79. 79. 79. 79. 79. 79. 79. 79. 79. 79. 79. 79. 79. 79. 79. 79. 79. 79. 79. 79. 79. 79. 79. 79. 79. 79. 79. 79. 79. 79. 79. 79. 79. 79. 79. 79. 79. 79. 79. 79. 79. 79. 79. 79. 79. 79. 79. 79. 79. 79. 79. 79. 79. 79. 79. 79. 79. 79. 79. 79. 79. 79. 79. 79. 79. 79. 79. 79. 79. 79. 79. 79. 79. 79. 79. 79. 79. 79. 79. 79. 79. 79. 79. 79. 79. 79. 79. 79. 79. 79. 79. 79. 79. 79. 79. 79. 79. 79. 79. 79. 79. 79. 79. 79. 79. 79. 79. 79. 79. 79. 79. 79. 79. 79. 79. 79. 79. 79. 79. 79. 79. 79. 79.
  158  80. 80. 80. 80. 80. 80. 80. 80. 80. 80. 80. 80. 80. 80. 80. 80. 80. 80. 80. 80. 80. 80. 80. 80. 80. 79. 79. 79. 79. 79. 79. 79. 79. 79. 79. 79. 79. 79. 79. 79. 79. 79. 79. 79. 79. 79. 79. 79. 79. 79. 79. 79. 79. 79. 79. 79. 79. 79. 79. 79. 79. 79. 79. 79. 79. 79. 79. 79. 79. 79. 79. 79. 79. 79. 79. 79. 79. 79. 79. 79. 79. 79. 79. 79. 79. 79. 79. 79. 79. 79. 79. 79. 79. 79. 79. 79. 79. 79. 79. 79. 79. 79. 79. 79. 79. 79. 79. 79. 79. 79. 79. 79. 79. 79. 79. 79. 79. 79. 79. 79. 79. 79. 79. 79. 79. 79. 79. 79. 79. 79. 79. 79. 79. 79. 79. 79. 79. 79. 79. 79. 79. 79. 79. 79. 79. 79. 79. 79. 79. 79. 79.
  157  80. 80. 80. 80. 80. 80. 80. 80. 80. 80. 80. 80. 80. 80. 80. 80. 80. 80. 80. 80. 80. 80. 80. 80. 79. 79. 79. 79. 79. 79. 79. 79. 79. 79. 79. 79. 79. 79. 79. 79. 79. 79. 79. 79. 79. 79. 79. 79. 79. 79. 79. 79. 79. 79. 79. 79. 79. 79. 79. 79. 79. 79. 79. 79. 79. 79. 79. 79. 79. 79. 79. 79. 79. 79. 79. 79. 79. 79. 79. 79. 79. 79. 79. 79. 79. 79. 79. 79. 79. 79. 79. 79. 79. 79. 79. 79. 79. 79. 79. 79. 79. 79. 79. 79. 79. 79. 79. 79. 79. 79. 79. 79. 79. 79. 79. 79. 79. 79. 79. 79. 79. 79. 79. 79. 79. 79. 79. 79. 79. 79. 79. 79. 79. 79. 79. 79. 79. 79. 79. 79. 79. 79. 79. 79. 79. 79. 79. 79. 79. 79. 79.
  156  80. 80. 80. 80. 80. 80. 80. 80. 80. 80. 80. 80. 80. 80. 80. 80. 80. 80. 80. 80. 80. 80. 80. 80. 79. 79. 79. 79. 79. 79. 79. 79. 79. 79. 79. 79. 79. 79. 79. 79. 79. 79. 79. 79. 79. 79. 79. 79. 79. 79. 79. 79. 79. 79. 79. 79. 79. 79. 79. 79. 79. 79. 79. 79. 79. 79. 79. 79. 79. 79. 79. 79. 79. 79. 79. 79. 79. 79. 79. 79. 79. 79. 79. 79. 79. 79. 79. 79. 79. 79. 79. 79. 79. 79. 79. 79. 79. 79. 79. 79. 79. 79. 79. 79. 79. 79. 79. 79. 79. 79. 79. 79. 79. 79. 79. 79. 79. 79. 79. 79. 79. 79. 79. 79. 79. 79. 79. 79. 79. 79. 79. 79. 79. 79. 79. 79. 79. 79. 79. 79. 79. 79. 79. 79. 79. 79. 79. 79. 79. 79. 79.
  155  80. 80. 80. 80. 80. 80. 80. 80. 80. 80. 80. 80. 80. 80. 80. 80. 80. 80. 80. 80. 80. 80. 80. 80. 79. 79. 79. 79. 79. 79. 79. 79. 79. 79. 79. 79. 79. 79. 79. 79. 79. 79. 79. 79. 79. 79. 79. 79. 79. 79. 79. 79. 79. 79. 79. 79. 79. 79. 79. 79. 79. 79. 79. 79. 79. 79. 79. 79. 79. 79. 79. 79. 79. 79. 79. 79. 79. 79. 79. 79. 79. 79. 79. 79. 79. 79. 79. 79. 79. 79. 79. 79. 79. 79. 79. 79. 79. 79. 79. 79. 79. 79. 79. 79. 79. 79. 79. 79. 79. 79. 79. 79. 79. 79. 79. 79. 79. 79. 79. 79. 79. 79. 79. 79. 79. 79. 79. 79. 79. 79. 79. 79. 79. 79. 79. 79. 79. 79. 79. 79. 79. 79. 79. 79. 79. 79. 79. 79. 79. 79. 79.
  154  80. 80. 80. 80. 80. 80. 80. 80. 80. 80. 80. 80. 80. 80. 80. 80. 80. 80. 80. 80. 80. 80. 80. 80. 79. 79. 79. 79. 79. 79. 79. 79. 79. 79. 79. 79. 79. 79. 79. 79. 79. 79. 79. 79. 79. 79. 79. 79. 79. 79. 79. 79. 79. 79. 79. 79. 79. 79. 79. 79. 79. 79. 79. 79. 79. 79. 79. 79. 79. 79. 79. 79. 79. 79. 79. 79. 79. 79. 79. 79. 79. 79. 79. 79. 79. 79. 79. 79. 79. 79. 79. 79. 79. 79. 79. 79. 79. 79. 79. 79. 79. 79. 79. 79. 79. 79. 79. 79. 79. 79. 79. 79. 79. 79. 79. 79. 79. 79. 79. 79. 79. 79. 79. 79. 79. 79. 79. 79. 79. 79. 79. 79. 79. 79. 79. 79. 79. 79. 79. 79. 79. 79. 79. 79. 79. 79. 79. 79. 79. 79. 79.
  153  80. 80. 80. 80. 80. 80. 80. 80. 80. 80. 80. 80. 80. 80. 80. 80. 80. 80. 80. 80. 80. 80. 80. 80. 79. 79. 79. 79. 79. 79. 79. 79. 79. 79. 79. 79. 79. 79. 79. 79. 79. 79. 79. 79. 79. 79. 79. 79. 79. 79. 79. 79. 79. 79. 79. 79. 79. 79. 79. 79. 79. 79. 79. 79. 79. 79. 79. 79. 79. 79. 79. 79. 79. 79. 79. 79. 79. 79. 79. 79. 79. 79. 79. 79. 79. 79. 79. 79. 79. 79. 79. 79. 79. 79. 79. 79. 79. 79. 79. 79. 79. 79. 79. 79. 79. 79. 79. 79. 79. 79. 79. 79. 79. 79. 79. 79. 79. 79. 79. 79. 79. 79. 79. 79. 79. 79. 79. 79. 79. 79. 79. 79. 79. 79. 79. 79. 79. 79. 79. 79. 79. 79. 79. 79. 79. 79. 79. 79. 79. 79. 79.
  152  80. 80. 80. 80. 80. 80. 80. 80. 80. 80. 80. 80. 80. 80. 80. 80. 80. 80. 80. 80. 80. 80. 80. 80. 79. 79. 79. 79. 79. 79. 79. 79. 79. 79. 79. 79. 79. 79. 79. 79. 79. 79. 79. 79. 79. 79. 79. 79. 79. 79. 79. 79. 79. 79. 79. 79. 79. 79. 79. 79. 79. 79. 79. 79. 79. 79. 79. 79. 79. 79. 79. 79. 79. 79. 79. 79. 79. 79. 79. 79. 79. 79. 79. 79. 79. 79. 79. 79. 79. 79. 79. 79. 79. 79. 79. 79. 79. 79. 79. 79. 79. 79. 79. 79. 79. 79. 79. 79. 79. 79. 79. 79. 79. 79. 79. 79. 79. 79. 79. 79. 79. 79. 79. 79. 79. 79. 79. 79. 79. 79. 79. 79. 79. 79. 79. 79. 79. 79. 79. 79. 79. 79. 79. 79. 79. 79. 79. 79. 79. 79. 79.
  151  80. 80. 80. 80. 80. 80. 80. 80. 80. 80. 80. 80. 80. 80. 80. 80. 80. 80. 80. 80. 80. 80. 80. 79. 79. 79. 79. 79. 79. 79. 79. 79. 79. 79. 79. 79. 79. 79. 79. 79. 79. 79. 79. 79. 79. 79. 79. 79. 79. 79. 79. 79. 79. 79. 79. 79. 79. 79. 79. 79. 79. 79. 79. 79. 79. 79. 79. 79. 79. 79. 79. 79. 79. 79. 79. 79. 79. 79. 79. 79. 79. 79. 79. 79. 79. 79. 79. 79. 79. 79. 79. 79. 79. 79. 79. 79. 79. 79. 79. 79. 79. 79. 79. 79. 79. 79. 79. 79. 79. 79. 79. 79. 79. 79. 79. 79. 79. 79. 79. 79. 79. 79. 79. 79. 79. 79. 79. 79. 79. 79. 79. 79. 79. 79. 79. 79. 79. 79. 79. 79. 79. 79. 79. 79. 79. 79. 79. 79. 79. 79. 79.
  150  80. 80. 80. 80. 80. 80. 80. 80. 80. 80. 80. 80. 80. 80. 80. 80. 80. 80. 80. 80. 80. 80. 80. 79. 79. 79. 79. 79. 79. 79. 79. 79. 79. 79. 79. 79. 79. 79. 79. 79. 79. 79. 79. 79. 79. 79. 79. 79. 79. 79. 79. 79. 79. 79. 79. 79. 79. 79. 79. 79. 79. 79. 79. 79. 79. 79. 79. 79. 79. 79. 79. 79. 79. 79. 79. 79. 79. 79. 79. 79. 79. 79. 79. 79. 79. 79. 79. 79. 79. 79. 79. 79. 79. 79. 79. 79. 79. 79. 79. 79. 79. 79. 79. 79. 79. 79. 79. 79. 79. 79. 79. 79. 79. 79. 79. 79. 79. 79. 79. 79. 79. 79. 79. 79. 79. 79. 79. 79. 79. 79. 79. 79. 79. 79. 79. 79. 79. 79. 79. 79. 79. 79. 79. 79. 79. 79. 79. 79. 79. 79. 79.
  149  80. 80. 80. 80. 80. 80. 80. 80. 80. 80. 80. 80. 80. 80. 80. 80. 80. 80. 80. 80. 80. 80. 80. 79. 79. 79. 79. 79. 79. 79. 79. 79. 79. 79. 79. 79. 79. 79. 79. 79. 79. 79. 79. 79. 79. 79. 79. 79. 79. 79. 79. 79. 79. 79. 79. 79. 79. 79. 79. 79. 79. 79. 79. 79. 79. 79. 79. 79. 79. 79. 79. 79. 79. 79. 79. 79. 79. 79. 79. 79. 79. 79. 79. 79. 79. 79. 79. 79. 79. 79. 79. 79. 79. 79. 79. 79. 79. 79. 79. 79. 79. 79. 79. 79. 79. 79. 79. 79. 79. 79. 79. 79. 79. 79. 79. 79. 79. 79. 79. 79. 79. 79. 79. 79. 79. 79. 79. 79. 79. 79. 79. 79. 79. 79. 79. 79. 79. 79. 79. 79. 79. 79. 79. 79. 79. 79. 79. 79. 79. 79. 79.
  148  80. 80. 80. 80. 80. 80. 80. 80. 80. 80. 80. 80. 80. 80. 80. 80. 80. 80. 80. 80. 80. 80. 80. 79. 79. 79. 79. 79. 79. 79. 79. 79. 79. 79. 79. 79. 79. 79. 79. 79. 79. 79. 79. 79. 79. 79. 79. 79. 79. 79. 79. 79. 79. 79. 79. 79. 79. 79. 79. 79. 79. 79. 79. 79. 79. 79. 79. 79. 79. 79. 79. 79. 79. 79. 79. 79. 79. 79. 79. 79. 79. 79. 79. 79. 79. 79. 79. 79. 79. 79. 79. 79. 79. 79. 79. 79. 79. 79. 79. 79. 79. 79. 79. 79. 79. 79. 79. 79. 79. 79. 79. 79. 79. 79. 79. 79. 79. 79. 79. 79. 79. 79. 79. 79. 79. 79. 79. 79. 79. 79. 79. 79. 79. 79. 79. 79. 79. 79. 79. 79. 79. 79. 79. 79. 79. 79. 79. 79. 79. 79. 79.
  147  80. 80. 80. 80. 80. 80. 80. 80. 80. 80. 80. 80. 80. 80. 80. 80. 80. 80. 80. 80. 80. 80. 80. 79. 79. 79. 79. 79. 79. 79. 79. 79. 79. 79. 79. 79. 79. 79. 79. 79. 79. 79. 79. 79. 79. 79. 79. 79. 79. 79. 79. 79. 79. 79. 79. 79. 79. 79. 79. 79. 79. 79. 79. 79. 79. 79. 79. 79. 79. 79. 79. 79. 79. 79. 79. 79. 79. 79. 79. 79. 79. 79. 79. 79. 79. 79. 79. 79. 79. 79. 79. 79. 79. 79. 79. 79. 79. 79. 79. 79. 79. 79. 79. 79. 79. 79. 79. 79. 79. 79. 79. 79. 79. 79. 79. 79. 79. 79. 79. 79. 79. 79. 79. 79. 79. 79. 79. 79. 79. 79. 79. 79. 79. 79. 79. 79. 79. 79. 79. 79. 79. 79. 79. 79. 79. 79. 79. 79. 79. 79. 79.
  146  80. 80. 80. 80. 80. 80. 80. 80. 80. 80. 80. 80. 80. 80. 80. 80. 80. 80. 80. 80. 80. 80. 79. 79. 79. 79. 79. 79. 79. 79. 79. 79. 79. 79. 79. 79. 79. 79. 79. 79. 79. 79. 79. 79. 79. 79. 79. 79. 79. 79. 79. 79. 79. 79. 79. 79. 79. 79. 79. 79. 79. 79. 79. 79. 79. 79. 79. 79. 79. 79. 79. 79. 79. 79. 79. 79. 79. 79. 79. 79. 79. 79. 79. 79. 79. 79. 79. 79. 79. 79. 79. 79. 79. 79. 79. 79. 79. 79. 79. 79. 79. 79. 79. 79. 79. 79. 79. 79. 79. 79. 79. 79. 79. 79. 79. 79. 79. 79. 79. 79. 79. 79. 79. 79. 79. 79. 79. 79. 79. 79. 79. 79. 79. 79. 79. 79. 79. 79. 79. 79. 79. 79. 79. 79. 79. 79. 79. 79. 79. 79. 79.
  145  80. 80. 80. 80. 80. 80. 80. 80. 80. 80. 80. 80. 80. 80. 80. 80. 80. 80. 80. 80. 80. 80. 79. 79. 79. 79. 79. 79. 79. 79. 79. 79. 79. 79. 79. 79. 79. 79. 79. 79. 79. 79. 79. 79. 79. 79. 79. 79. 79. 79. 79. 79. 79. 79. 79. 79. 79. 79. 79. 79. 79. 79. 79. 79. 79. 79. 79. 79. 79. 79. 79. 79. 79. 79. 79. 79. 79. 79. 79. 79. 79. 79. 79. 79. 79. 79. 79. 79. 79. 79. 79. 79. 79. 79. 79. 79. 79. 79. 79. 79. 79. 79. 79. 79. 79. 79. 79. 79. 79. 79. 79. 79. 79. 79. 79. 79. 79. 79. 79. 79. 79. 79. 79. 79. 79. 79. 79. 79. 79. 79. 79. 79. 79. 79. 79. 79. 79. 79. 79. 79. 79. 79. 79. 79. 79. 79. 79. 79. 79. 79. 79.
  144  80. 80. 80. 80. 80. 80. 80. 80. 80. 80. 80. 80. 80. 80. 80. 80. 80. 80. 80. 80. 80. 80. 79. 79. 79. 79. 79. 79. 79. 79. 79. 79. 79. 79. 79. 79. 79. 79. 79. 79. 79. 79. 79. 79. 79. 79. 79. 79. 79. 79. 79. 79. 79. 79. 79. 79. 79. 79. 79. 79. 79. 79. 79. 79. 79. 79. 79. 79. 79. 79. 79. 79. 79. 79. 79. 79. 79. 79. 79. 79. 79. 79. 79. 79. 79. 79. 79. 79. 79. 79. 79. 79. 79. 79. 79. 79. 79. 79. 79. 79. 79. 79. 79. 79. 79. 79. 79. 79. 79. 79. 79. 79. 79. 79. 79. 79. 79. 79. 79. 79. 79. 79. 79. 79. 79. 79. 79. 79. 79. 79. 79. 79. 79. 79. 79. 79. 79. 79. 79. 79. 79. 79. 79. 79. 79. 79. 79. 79. 79. 79. 79.
  143  80. 80. 80. 80. 80. 80. 80. 80. 80. 80. 80. 80. 80. 80. 80. 80. 80. 80. 80. 80. 80. 80. 79. 79. 79. 79. 79. 79. 79. 79. 79. 79. 79. 79. 79. 79. 79. 79. 79. 79. 79. 79. 79. 79. 79. 79. 79. 79. 79. 79. 79. 79. 79. 79. 79. 79. 79. 79. 79. 79. 79. 79. 79. 79. 79. 79. 79. 79. 79. 79. 79. 79. 79. 79. 79. 79. 79. 79. 79. 79. 79. 79. 79. 79. 79. 79. 79. 79. 79. 79. 79. 79. 79. 79. 79. 79. 79. 79. 79. 79. 79. 79. 79. 79. 79. 79. 79. 79. 79. 79. 79. 79. 79. 79. 79. 79. 79. 79. 79. 79. 79. 79. 79. 79. 79. 79. 79. 79. 79. 79. 79. 79. 79. 79. 79. 79. 79. 79. 79. 79. 79. 79. 79. 79. 79. 79. 79. 79. 79. 79. 79.
  142  80. 80. 80. 80. 80. 80. 80. 80. 80. 80. 80. 80. 80. 80. 80. 80. 80. 80. 80. 80. 80. 80. 79. 79. 79. 79. 79. 79. 79. 79. 79. 79. 79. 79. 79. 79. 79. 79. 79. 79. 79. 79. 79. 79. 79. 79. 79. 79. 79. 79. 79. 79. 79. 79. 79. 79. 79. 79. 79. 79. 79. 79. 79. 79. 79. 79. 79. 79. 79. 79. 79. 79. 79. 79. 79. 79. 79. 79. 79. 79. 79. 79. 79. 79. 79. 79. 79. 79. 79. 79. 79. 79. 79. 79. 79. 79. 79. 79. 79. 79. 79. 79. 79. 79. 79. 79. 79. 79. 79. 79. 79. 79. 79. 79. 79. 79. 79. 79. 79. 79. 79. 79. 79. 79. 79. 79. 79. 79. 79. 79. 79. 79. 79. 79. 79. 79. 79. 79. 79. 79. 79. 79. 79. 79. 79. 79. 79. 79. 79. 79. 79.
  141  80. 80. 80. 80. 80. 80. 80. 80. 80. 80. 80. 80. 80. 80. 80. 80. 80. 80. 80. 80. 80. 80. 79. 79. 79. 79. 79. 79. 79. 79. 79. 79. 79. 79. 79. 79. 79. 79. 79. 79. 79. 79. 79. 79. 79. 79. 79. 79. 79. 79. 79. 79. 79. 79. 79. 79. 79. 79. 79. 79. 79. 79. 79. 79. 79. 79. 79. 79. 79. 79. 79. 79. 79. 79. 79. 79. 79. 79. 79. 79. 79. 79. 79. 79. 79. 79. 79. 79. 79. 79. 79. 79. 79. 79. 79. 79. 79. 79. 79. 79. 79. 79. 79. 79. 79. 79. 79. 79. 79. 79. 79. 79. 79. 79. 79. 79. 79. 79. 79. 79. 79. 79. 79. 79. 79. 79. 79. 79. 79. 79. 79. 79. 79. 79. 79. 79. 79. 79. 79. 79. 79. 79. 79. 79. 79. 79. 79. 79. 79. 79. 79.
  140  80. 80. 80. 80. 80. 80. 80. 80. 80. 80. 80. 80. 80. 80. 80. 80. 80. 80. 80. 80. 80. 79. 79. 79. 79. 79. 79. 79. 79. 79. 79. 79. 79. 79. 79. 79. 79. 79. 79. 79. 79. 79. 79. 79. 79. 79. 79. 79. 79. 79. 79. 79. 79. 79. 79. 79. 79. 79. 79. 79. 79. 79. 79. 79. 79. 79. 79. 79. 79. 79. 79. 79. 79. 79. 79. 79. 79. 79. 79. 79. 79. 79. 79. 79. 79. 79. 79. 79. 79. 79. 79. 79. 79. 79. 79. 79. 79. 79. 79. 79. 79. 79. 79. 79. 79. 79. 79. 79. 79. 79. 79. 79. 79. 79. 79. 79. 79. 79. 79. 79. 79. 79. 79. 79. 79. 79. 79. 79. 79. 79. 79. 79. 79. 79. 79. 79. 79. 79. 79. 79. 79. 79. 79. 79. 79. 79. 79. 79. 79. 79. 79.
  139  80. 80. 80. 80. 80. 80. 80. 80. 80. 80. 80. 80. 80. 80. 80. 80. 80. 80. 80. 80. 80. 79. 79. 79. 79. 79. 79. 79. 79. 79. 79. 79. 79. 79. 79. 79. 79. 79. 79. 79. 79. 79. 79. 79. 79. 79. 79. 79. 79. 79. 79. 79. 79. 79. 79. 79. 79. 79. 79. 79. 79. 79. 79. 79. 79. 79. 79. 79. 79. 79. 79. 79. 79. 79. 79. 79. 79. 79. 79. 79. 79. 79. 79. 79. 79. 79. 79. 79. 79. 79. 79. 79. 79. 79. 79. 79. 79. 79. 79. 79. 79. 79. 79. 79. 79. 79. 79. 79. 79. 79. 79. 79. 79. 79. 79. 79. 79. 79. 79. 79. 79. 79. 79. 79. 79. 79. 79. 79. 79. 79. 79. 79. 79. 79. 79. 79. 79. 79. 79. 79. 79. 79. 79. 79. 79. 79. 79. 79. 79. 79. 79.
  138  80. 80. 80. 80. 80. 80. 80. 80. 80. 80. 80. 80. 80. 80. 80. 80. 80. 80. 80. 80. 80. 79. 79. 79. 79. 79. 79. 79. 79. 79. 79. 79. 79. 79. 79. 79. 79. 79. 79. 79. 79. 79. 79. 79. 79. 79. 79. 79. 79. 79. 79. 79. 79. 79. 79. 79. 79. 79. 79. 79. 79. 79. 79. 79. 79. 79. 79. 79. 79. 79. 79. 79. 79. 79. 79. 79. 79. 79. 79. 79. 79. 79. 79. 79. 79. 79. 79. 79. 79. 79. 79. 79. 79. 79. 79. 79. 79. 79. 79. 79. 79. 79. 79. 79. 79. 79. 79. 79. 79. 79. 79. 79. 79. 79. 79. 79. 79. 79. 79. 79. 79. 79. 79. 79. 79. 79. 79. 79. 79. 79. 79. 79. 79. 79. 79. 79. 79. 79. 79. 79. 79. 79. 79. 79. 79. 79. 79. 79. 79. 79. 79.
  137  80. 80. 80. 80. 80. 80. 80. 80. 80. 80. 80. 80. 80. 80. 80. 80. 80. 80. 80. 80. 80. 79. 79. 79. 79. 79. 79. 79. 79. 79. 79. 79. 79. 79. 79. 79. 79. 79. 79. 79. 79. 79. 79. 79. 79. 79. 79. 79. 79. 79. 79. 79. 79. 79. 79. 79. 79. 79. 79. 79. 79. 79. 79. 79. 79. 79. 79. 79. 79. 79. 79. 79. 79. 79. 79. 79. 79. 79. 79. 79. 79. 79. 79. 79. 79. 79. 79. 79. 79. 79. 79. 79. 79. 79. 79. 79. 79. 79. 79. 79. 79. 79. 79. 79. 79. 79. 79. 79. 79. 79. 79. 79. 79. 79. 79. 79. 79. 79. 79. 79. 79. 79. 79. 79. 79. 79. 79. 79. 79. 79. 79. 79. 79. 79. 79. 79. 79. 79. 79. 79. 79. 79. 79. 79. 79. 79. 79. 79. 79. 79. 79.
  136  80. 80. 80. 80. 80. 80. 80. 80. 80. 80. 80. 80. 80. 80. 80. 80. 80. 80. 80. 80. 80. 79. 79. 79. 79. 79. 79. 79. 79. 79. 79. 79. 79. 79. 79. 79. 79. 79. 79. 79. 79. 79. 79. 79. 79. 79. 79. 79. 79. 79. 79. 79. 79. 79. 79. 79. 79. 79. 79. 79. 79. 79. 79. 79. 79. 79. 79. 79. 79. 79. 79. 79. 79. 79. 79. 79. 79. 79. 79. 79. 79. 79. 79. 79. 79. 79. 79. 79. 79. 79. 79. 79. 79. 79. 79. 79. 79. 79. 79. 79. 79. 79. 79. 79. 79. 79. 79. 79. 79. 79. 79. 79. 79. 79. 79. 79. 79. 79. 79. 79. 79. 79. 79. 79. 79. 79. 79. 79. 79. 79. 79. 79. 79. 79. 79. 79. 79. 79. 79. 79. 79. 79. 79. 79. 79. 79. 79. 79. 79. 79. 79.
  135  80. 80. 80. 80. 80. 80. 80. 80. 80. 80. 80. 80. 80. 80. 80. 80. 80. 80. 80. 80. 80. 79. 79. 79. 79. 79. 79. 79. 79. 79. 79. 79. 79. 79. 79. 79. 79. 79. 79. 79. 79. 79. 79. 79. 79. 79. 79. 79. 79. 79. 79. 79. 79. 79. 79. 79. 79. 79. 79. 79. 79. 79. 79. 79. 79. 79. 79. 79. 79. 79. 79. 79. 79. 79. 79. 79. 79. 79. 79. 79. 79. 79. 79. 79. 79. 79. 79. 79. 79. 79. 79. 79. 79. 79. 79. 79. 79. 79. 79. 79. 79. 79. 79. 79. 79. 79. 79. 79. 79. 79. 79. 79. 79. 79. 79. 79. 79. 79. 79. 79. 79. 79. 79. 79. 79. 79. 79. 79. 79. 79. 79. 79. 79. 79. 79. 79. 79. 79. 79. 79. 79. 79. 79. 79. 79. 79. 79. 79. 79. 79. 79.
  134  80. 80. 80. 80. 80. 80. 80. 80. 80. 80. 80. 80. 80. 80. 80. 80. 80. 80. 80. 80. 79. 79. 79. 79. 79. 79. 79. 79. 79. 79. 79. 79. 79. 79. 79. 79. 79. 79. 79. 79. 79. 79. 79. 79. 79. 79. 79. 79. 79. 79. 79. 79. 79. 79. 79. 79. 79. 79. 79. 79. 79. 79. 79. 79. 79. 79. 79. 79. 79. 79. 79. 79. 79. 79. 79. 79. 79. 79. 79. 79. 79. 79. 79. 79. 79. 79. 79. 79. 79. 79. 79. 79. 79. 79. 79. 79. 79. 79. 79. 79. 79. 79. 79. 79. 79. 79. 79. 79. 79. 79. 79. 79. 79. 79. 79. 79. 79. 79. 79. 79. 79. 79. 79. 79. 79. 79. 79. 79. 79. 79. 79. 79. 79. 79. 79. 79. 79. 79. 79. 79. 79. 79. 79. 79. 79. 79. 79. 79. 79. 79. 79.
  133  80. 80. 80. 80. 80. 80. 80. 80. 80. 80. 80. 80. 80. 80. 80. 80. 80. 80. 80. 80. 79. 79. 79. 79. 79. 79. 79. 79. 79. 79. 79. 79. 79. 79. 79. 79. 79. 79. 79. 79. 79. 79. 79. 79. 79. 79. 79. 79. 79. 79. 79. 79. 79. 79. 79. 79. 79. 79. 79. 79. 79. 79. 79. 79. 79. 79. 79. 79. 79. 79. 79. 79. 79. 79. 79. 79. 79. 79. 79. 79. 79. 79. 79. 79. 79. 79. 79. 79. 79. 79. 79. 79. 79. 79. 79. 79. 79. 79. 79. 79. 79. 79. 79. 79. 79. 79. 79. 79. 79. 79. 79. 79. 79. 79. 79. 79. 79. 79. 79. 79. 79. 79. 79. 79. 79. 79. 79. 79. 79. 79. 79. 79. 79. 79. 79. 79. 79. 79. 79. 79. 79. 79. 79. 79. 79. 79. 79. 79. 79. 79. 79.
  132  80. 80. 80. 80. 80. 80. 80. 80. 80. 80. 80. 80. 80. 80. 80. 80. 80. 80. 80. 80. 79. 79. 79. 79. 79. 79. 79. 79. 79. 79. 79. 79. 79. 79. 79. 79. 79. 79. 79. 79. 79. 79. 79. 79. 79. 79. 79. 79. 79. 79. 79. 79. 79. 79. 79. 79. 79. 79. 79. 79. 79. 79. 79. 79. 79. 79. 79. 79. 79. 79. 79. 79. 79. 79. 79. 79. 79. 79. 79. 79. 79. 79. 79. 79. 79. 79. 79. 79. 79. 79. 79. 79. 79. 79. 79. 79. 79. 79. 79. 79. 79. 79. 79. 79. 79. 79. 79. 79. 79. 79. 79. 79. 79. 79. 79. 79. 79. 79. 79. 79. 79. 79. 79. 79. 79. 79. 79. 79. 79. 79. 79. 79. 79. 79. 79. 79. 79. 79. 79. 79. 79. 79. 79. 79. 79. 79. 79. 79. 79. 79. 79.
  131  80. 80. 80. 80. 80. 80. 80. 80. 80. 80. 80. 80. 80. 80. 80. 80. 80. 80. 80. 80. 79. 79. 79. 79. 79. 79. 79. 79. 79. 79. 79. 79. 79. 79. 79. 79. 79. 79. 79. 79. 79. 79. 79. 79. 79. 79. 79. 79. 79. 79. 79. 79. 79. 79. 79. 79. 79. 79. 79. 79. 79. 79. 79. 79. 79. 79. 79. 79. 79. 79. 79. 79. 79. 79. 79. 79. 79. 79. 79. 79. 79. 79. 79. 79. 79. 79. 79. 79. 79. 79. 79. 79. 79. 79. 79. 79. 79. 79. 79. 79. 79. 79. 79. 79. 79. 79. 79. 79. 79. 79. 79. 79. 79. 79. 79. 79. 79. 79. 79. 79. 79. 79. 79. 79. 79. 79. 79. 79. 79. 79. 79. 79. 79. 79. 79. 79. 79. 79. 79. 79. 79. 79. 79. 79. 79. 79. 79. 79. 79. 79. 79.
  130  80. 80. 80. 80. 80. 80. 80. 80. 80. 80. 80. 80. 80. 80. 80. 80. 80. 80. 80. 80. 79. 79. 79. 79. 79. 79. 79. 79. 79. 79. 79. 79. 79. 79. 79. 79. 79. 79. 79. 79. 79. 79. 79. 79. 79. 79. 79. 79. 79. 79. 79. 79. 79. 79. 79. 79. 79. 79. 79. 79. 79. 79. 79. 79. 79. 79. 79. 79. 79. 79. 79. 79. 79. 79. 79. 79. 79. 79. 79. 79. 79. 79. 79. 79. 79. 79. 79. 79. 79. 79. 79. 79. 79. 79. 79. 79. 79. 79. 79. 79. 79. 79. 79. 79. 79. 79. 79. 79. 79. 79. 79. 79. 79. 79. 79. 79. 79. 79. 79. 79. 79. 79. 79. 79. 79. 79. 79. 79. 79. 79. 79. 79. 79. 79. 79. 79. 79. 79. 79. 79. 79. 79. 79. 79. 79. 79. 79. 79. 79. 79. 79.
  129  80. 80. 80. 80. 80. 80. 80. 80. 80. 80. 80. 80. 80. 80. 80. 80. 80. 80. 80. 80. 79. 79. 79. 79. 79. 79. 79. 79. 79. 79. 79. 79. 79. 79. 79. 79. 79. 79. 79. 79. 79. 79. 79. 79. 79. 79. 79. 79. 79. 79. 79. 79. 79. 79. 79. 79. 79. 79. 79. 79. 79. 79. 79. 79. 79. 79. 79. 79. 79. 79. 79. 79. 79. 79. 79. 79. 79. 79. 79. 79. 79. 79. 79. 79. 79. 79. 79. 79. 79. 79. 79. 79. 79. 79. 79. 79. 79. 79. 79. 79. 79. 79. 79. 79. 79. 79. 79. 79. 79. 79. 79. 79. 79. 79. 79. 79. 79. 79. 79. 79. 79. 79. 79. 79. 79. 79. 79. 79. 79. 79. 79. 79. 79. 79. 79. 79. 79. 79. 79. 79. 79. 79. 79. 79. 79. 79. 79. 79. 79. 79. 79.
  128  80. 80. 80. 80. 80. 80. 80. 80. 80. 80. 80. 80. 80. 80. 80. 80. 80. 80. 80. 80. 79. 79. 79. 79. 79. 79. 79. 79. 79. 79. 79. 79. 79. 79. 79. 79. 79. 79. 79. 79. 79. 79. 79. 79. 79. 79. 79. 79. 79. 79. 79. 79. 79. 79. 79. 79. 79. 79. 79. 79. 79. 79. 79. 79. 79. 79. 79. 79. 79. 79. 79. 79. 79. 79. 79. 79. 79. 79. 79. 79. 79. 79. 79. 79. 79. 79. 79. 79. 79. 79. 79. 79. 79. 79. 79. 79. 79. 79. 79. 79. 79. 79. 79. 79. 79. 79. 79. 79. 79. 79. 79. 79. 79. 79. 79. 79. 79. 79. 79. 79. 79. 79. 79. 79. 79. 79. 79. 79. 79. 79. 79. 79. 79. 79. 79. 79. 79. 79. 79. 79. 79. 79. 79. 79. 79. 79. 79. 79. 79. 79. 79.
  127  80. 80. 80. 80. 80. 80. 80. 80. 80. 80. 80. 80. 80. 80. 80. 80. 80. 80. 80. 79. 79. 79. 79. 79. 79. 79. 79. 79. 79. 79. 79. 79. 79. 79. 79. 79. 79. 79. 79. 79. 79. 79. 79. 79. 79. 79. 79. 79. 79. 79. 79. 79. 79. 79. 79. 79. 79. 79. 79. 79. 79. 79. 79. 79. 79. 79. 79. 79. 79. 79. 79. 79. 79. 79. 79. 79. 79. 79. 79. 79. 79. 79. 79. 79. 79. 79. 79. 79. 79. 79. 79. 79. 79. 79. 79. 79. 79. 79. 79. 79. 79. 79. 79. 79. 79. 79. 79. 79. 79. 79. 79. 79. 79. 79. 79. 79. 79. 79. 79. 79. 79. 79. 79. 79. 79. 79. 79. 79. 79. 79. 79. 79. 79. 79. 79. 79. 79. 79. 79. 79. 79. 79. 79. 79. 79. 79. 79. 79. 79. 79. 79.
  126  80. 80. 80. 80. 80. 80. 80. 80. 80. 80. 80. 80. 80. 80. 80. 80. 80. 80. 80. 79. 79. 79. 79. 79. 79. 79. 79. 79. 79. 79. 79. 79. 79. 79. 79. 79. 79. 79. 79. 79. 79. 79. 79. 79. 79. 79. 79. 79. 79. 79. 79. 79. 79. 79. 79. 79. 79. 79. 79. 79. 79. 79. 79. 79. 79. 79. 79. 79. 79. 79. 79. 79. 79. 79. 79. 79. 79. 79. 79. 79. 79. 79. 79. 79. 79. 79. 79. 79. 79. 79. 79. 79. 79. 79. 79. 79. 79. 79. 79. 79. 79. 79. 79. 79. 79. 79. 79. 79. 79. 79. 79. 79. 79. 79. 79. 79. 79. 79. 79. 79. 79. 79. 79. 79. 79. 79. 79. 79. 79. 79. 79. 79. 79. 79. 79. 79. 79. 79. 79. 79. 79. 79. 79. 79. 79. 79. 79. 79. 79. 79. 79.
  125  80. 80. 80. 80. 80. 80. 80. 80. 80. 80. 80. 80. 80. 80. 80. 80. 80. 80. 80. 79. 79. 79. 79. 79. 79. 79. 79. 79. 79. 79. 79. 79. 79. 79. 79. 79. 79. 79. 79. 79. 79. 79. 79. 79. 79. 79. 79. 79. 79. 79. 79. 79. 79. 79. 79. 79. 79. 79. 79. 79. 79. 79. 79. 79. 79. 79. 79. 79. 79. 79. 79. 79. 79. 79. 79. 79. 79. 79. 79. 79. 79. 79. 79. 79. 79. 79. 79. 79. 79. 79. 79. 79. 79. 79. 79. 79. 79. 79. 79. 79. 79. 79. 79. 79. 79. 79. 79. 79. 79. 79. 79. 79. 79. 79. 79. 79. 79. 79. 79. 79. 79. 79. 79. 79. 79. 79. 79. 79. 79. 79. 79. 79. 79. 79. 79. 79. 79. 79. 79. 79. 79. 79. 79. 79. 79. 79. 79. 79. 79. 79. 79.
  124  80. 80. 80. 80. 80. 80. 80. 80. 80. 80. 80. 80. 80. 80. 80. 80. 80. 80. 80. 79. 79. 79. 79. 79. 79. 79. 79. 79. 79. 79. 79. 79. 79. 79. 79. 79. 79. 79. 79. 79. 79. 79. 79. 79. 79. 79. 79. 79. 79. 79. 79. 79. 79. 79. 79. 79. 79. 79. 79. 79. 79. 79. 79. 79. 79. 79. 79. 79. 79. 79. 79. 79. 79. 79. 79. 79. 79. 79. 79. 79. 79. 79. 79. 79. 79. 79. 79. 79. 79. 79. 79. 79. 79. 79. 79. 79. 79. 79. 79. 79. 79. 79. 79. 79. 79. 79. 79. 79. 79. 79. 79. 79. 79. 79. 79. 79. 79. 79. 79. 79. 79. 79. 79. 79. 79. 79. 79. 79. 79. 79. 79. 79. 79. 79. 79. 79. 79. 79. 79. 79. 79. 79. 79. 79. 79. 79. 79. 79. 79. 79. 79.
  123  80. 80. 80. 80. 80. 80. 80. 80. 80. 80. 80. 80. 80. 80. 80. 80. 80. 80. 80. 79. 79. 79. 79. 79. 79. 79. 79. 79. 79. 79. 79. 79. 79. 79. 79. 79. 79. 79. 79. 79. 79. 79. 79. 79. 79. 79. 79. 79. 79. 79. 79. 79. 79. 79. 79. 79. 79. 79. 79. 79. 79. 79. 79. 79. 79. 79. 79. 79. 79. 79. 79. 79. 79. 79. 79. 79. 79. 79. 79. 79. 79. 79. 79. 79. 79. 79. 79. 79. 79. 79. 79. 79. 79. 79. 79. 79. 79. 79. 79. 79. 79. 79. 79. 79. 79. 79. 79. 79. 79. 79. 79. 79. 79. 79. 79. 79. 79. 79. 79. 79. 79. 79. 79. 79. 79. 79. 79. 79. 79. 79. 79. 79. 79. 79. 79. 79. 79. 79. 79. 79. 79. 79. 79. 79. 79. 79. 79. 79. 79. 79. 79.
  122  80. 80. 80. 80. 80. 80. 80. 80. 80. 80. 80. 80. 80. 80. 80. 80. 80. 80. 80. 79. 79. 79. 79. 79. 79. 79. 79. 79. 79. 79. 79. 79. 79. 79. 79. 79. 79. 79. 79. 79. 79. 79. 79. 79. 79. 79. 79. 79. 79. 79. 79. 79. 79. 79. 79. 79. 79. 79. 79. 79. 79. 79. 79. 79. 79. 79. 79. 79. 79. 79. 79. 79. 79. 79. 79. 79. 79. 79. 79. 79. 79. 79. 79. 79. 79. 79. 79. 79. 79. 79. 79. 79. 79. 79. 79. 79. 79. 79. 79. 79. 79. 79. 79. 79. 79. 79. 79. 79. 79. 79. 79. 79. 79. 79. 79. 79. 79. 79. 79. 79. 79. 79. 79. 79. 79. 79. 79. 79. 79. 79. 79. 79. 79. 79. 79. 79. 79. 79. 79. 79. 79. 79. 79. 79. 79. 79. 79. 79. 79. 79. 79.
  121  80. 80. 80. 80. 80. 80. 80. 80. 80. 80. 80. 80. 80. 80. 80. 80. 80. 80. 79. 79. 79. 79. 79. 79. 79. 79. 79. 79. 79. 79. 79. 79. 79. 79. 79. 79. 79. 79. 79. 79. 79. 79. 79. 79. 79. 79. 79. 79. 79. 79. 79. 79. 79. 79. 79. 79. 79. 79. 79. 79. 79. 79. 79. 79. 79. 79. 79. 79. 79. 79. 79. 79. 79. 79. 79. 79. 79. 79. 79. 79. 79. 79. 79. 79. 79. 79. 79. 79. 79. 79. 79. 79. 79. 79. 79. 79. 79. 79. 79. 79. 79. 79. 79. 79. 79. 79. 79. 79. 79. 79. 79. 79. 79. 79. 79. 79. 79. 79. 79. 79. 79. 79. 79. 79. 79. 79. 79. 79. 79. 79. 79. 79. 79. 79. 79. 79. 79. 79. 79. 79. 79. 79. 79. 79. 79. 79. 79. 79. 79. 79. 79.
  120  80. 80. 80. 80. 80. 80. 80. 80. 80. 80. 80. 80. 80. 80. 80. 80. 80. 80. 79. 79. 79. 79. 79. 79. 79. 79. 79. 79. 79. 79. 79. 79. 79. 79. 79. 79. 79. 79. 79. 79. 79. 79. 79. 79. 79. 79. 79. 79. 79. 79. 79. 79. 79. 79. 79. 79. 79. 79. 79. 79. 79. 79. 79. 79. 79. 79. 79. 79. 79. 79. 79. 79. 79. 79. 79. 79. 79. 79. 79. 79. 79. 79. 79. 79. 79. 79. 79. 79. 79. 79. 79. 79. 79. 79. 79. 79. 79. 79. 79. 79. 79. 79. 79. 79. 79. 79. 79. 79. 79. 79. 79. 79. 79. 79. 79. 79. 79. 79. 79. 79. 79. 79. 79. 79. 79. 79. 79. 79. 79. 79. 79. 79. 79. 79. 79. 79. 79. 79. 79. 79. 79. 79. 79. 79. 79. 79. 79. 79. 79. 79. 79.
  119  80. 80. 80. 80. 80. 80. 80. 80. 80. 80. 80. 80. 80. 80. 80. 80. 80. 80. 79. 79. 79. 79. 79. 79. 79. 79. 79. 79. 79. 79. 79. 79. 79. 79. 79. 79. 79. 79. 79. 79. 79. 79. 79. 79. 79. 79. 79. 79. 79. 79. 79. 79. 79. 79. 79. 79. 79. 79. 79. 79. 79. 79. 79. 79. 79. 79. 79. 79. 79. 79. 79. 79. 79. 79. 79. 79. 79. 79. 79. 79. 79. 79. 79. 79. 79. 79. 79. 79. 79. 79. 79. 79. 79. 79. 79. 79. 79. 79. 79. 79. 79. 79. 79. 79. 79. 79. 79. 79. 79. 79. 79. 79. 79. 79. 79. 79. 79. 79. 79. 79. 79. 79. 79. 79. 79. 79. 79. 79. 79. 79. 79. 79. 79. 79. 79. 79. 79. 79. 79. 79. 79. 79. 79. 79. 79. 79. 79. 79. 79. 79. 79.
  118  80. 80. 80. 80. 80. 80. 80. 80. 80. 80. 80. 80. 80. 80. 80. 80. 80. 80. 79. 79. 79. 79. 79. 79. 79. 79. 79. 79. 79. 79. 79. 79. 79. 79. 79. 79. 79. 79. 79. 79. 79. 79. 79. 79. 79. 79. 79. 79. 79. 79. 79. 79. 79. 79. 79. 79. 79. 79. 79. 79. 79. 79. 79. 79. 79. 79. 79. 79. 79. 79. 79. 79. 79. 79. 79. 79. 79. 79. 79. 79. 79. 79. 79. 79. 79. 79. 79. 79. 79. 79. 79. 79. 79. 79. 79. 79. 79. 79. 79. 79. 79. 79. 79. 79. 79. 79. 79. 79. 79. 79. 79. 79. 79. 79. 79. 79. 79. 79. 79. 79. 79. 79. 79. 79. 79. 79. 79. 79. 79. 79. 79. 79. 79. 79. 79. 79. 79. 79. 79. 79. 79. 79. 79. 79. 79. 79. 79. 79. 79. 79. 79.
  117  80. 80. 80. 80. 80. 80. 80. 80. 80. 80. 80. 80. 80. 80. 80. 80. 80. 80. 79. 79. 79. 79. 79. 79. 79. 79. 79. 79. 79. 79. 79. 79. 79. 79. 79. 79. 79. 79. 79. 79. 79. 79. 79. 79. 79. 79. 79. 79. 79. 79. 79. 79. 79. 79. 79. 79. 79. 79. 79. 79. 79. 79. 79. 79. 79. 79. 79. 79. 79. 79. 79. 79. 79. 79. 79. 79. 79. 79. 79. 79. 79. 79. 79. 79. 79. 79. 79. 79. 79. 79. 79. 79. 79. 79. 79. 79. 79. 79. 79. 79. 79. 79. 79. 79. 79. 79. 79. 79. 79. 79. 79. 79. 79. 79. 79. 79. 79. 79. 79. 79. 79. 79. 79. 79. 79. 79. 79. 79. 79. 79. 79. 79. 79. 79. 79. 79. 79. 79. 79. 79. 79. 79. 79. 79. 79. 79. 79. 79. 79. 79. 79.
  116  80. 80. 80. 80. 80. 80. 80. 80. 80. 80. 80. 80. 80. 80. 80. 80. 80. 80. 79. 79. 79. 79. 79. 79. 79. 79. 79. 79. 79. 79. 79. 79. 79. 79. 79. 79. 79. 79. 79. 79. 79. 79. 79. 79. 79. 79. 79. 79. 79. 79. 79. 79. 79. 79. 79. 79. 79. 79. 79. 79. 79. 79. 79. 79. 79. 79. 79. 79. 79. 79. 79. 79. 79. 79. 79. 79. 79. 79. 79. 79. 79. 79. 79. 79. 79. 79. 79. 79. 79. 79. 79. 79. 79. 79. 79. 79. 79. 79. 79. 79. 79. 79. 79. 79. 79. 79. 79. 79. 79. 79. 79. 79. 79. 79. 79. 79. 79. 79. 79. 79. 79. 79. 79. 79. 79. 79. 79. 79. 79. 79. 79. 79. 79. 79. 79. 79. 79. 79. 79. 79. 79. 79. 79. 79. 79. 79. 79. 79. 79. 79. 79.
  115  80. 80. 80. 80. 80. 80. 80. 80. 80. 80. 80. 80. 80. 80. 80. 80. 80. 80. 79. 79. 79. 79. 79. 79. 79. 79. 79. 79. 79. 79. 79. 79. 79. 79. 79. 79. 79. 79. 79. 79. 79. 79. 79. 79. 79. 79. 79. 79. 79. 79. 79. 79. 79. 79. 79. 79. 79. 79. 79. 79. 79. 79. 79. 79. 79. 79. 79. 79. 79. 79. 79. 79. 79. 79. 79. 79. 79. 79. 79. 79. 79. 79. 79. 79. 79. 79. 79. 79. 79. 79. 79. 79. 79. 79. 79. 79. 79. 79. 79. 79. 79. 79. 79. 79. 79. 79. 79. 79. 79. 79. 79. 79. 79. 79. 79. 79. 79. 79. 79. 79. 79. 79. 79. 79. 79. 79. 79. 79. 79. 79. 79. 79. 79. 79. 79. 79. 79. 79. 79. 79. 79. 79. 79. 79. 79. 79. 79. 79. 79. 79. 79.
  114  80. 80. 80. 80. 80. 80. 80. 80. 80. 80. 80. 80. 80. 80. 80. 80. 80. 79. 79. 79. 79. 79. 79. 79. 79. 79. 79. 79. 79. 79. 79. 79. 79. 79. 79. 79. 79. 79. 79. 79. 79. 79. 79. 79. 79. 79. 79. 79. 79. 79. 79. 79. 79. 79. 79. 79. 79. 79. 79. 79. 79. 79. 79. 79. 79. 79. 79. 79. 79. 79. 79. 79. 79. 79. 79. 79. 79. 79. 79. 79. 79. 79. 79. 79. 79. 79. 79. 79. 79. 79. 79. 79. 79. 79. 79. 79. 79. 79. 79. 79. 79. 79. 79. 79. 79. 79. 79. 79. 79. 79. 79. 79. 79. 79. 79. 79. 79. 79. 79. 79. 79. 79. 79. 79. 79. 79. 79. 79. 79. 79. 79. 79. 79. 79. 79. 79. 79. 79. 79. 79. 79. 79. 79. 79. 79. 79. 79. 79. 79. 79. 79.
  113  80. 80. 80. 80. 80. 80. 80. 80. 80. 80. 80. 80. 80. 80. 80. 80. 80. 79. 79. 79. 79. 79. 79. 79. 79. 79. 79. 79. 79. 79. 79. 79. 79. 79. 79. 79. 79. 79. 79. 79. 79. 79. 79. 79. 79. 79. 79. 79. 79. 79. 79. 79. 79. 79. 79. 79. 79. 79. 79. 79. 79. 79. 79. 79. 79. 79. 79. 79. 79. 79. 79. 79. 79. 79. 79. 79. 79. 79. 79. 79. 79. 79. 79. 79. 79. 79. 79. 79. 79. 79. 79. 79. 79. 79. 79. 79. 79. 79. 79. 79. 79. 79. 79. 79. 79. 79. 79. 79. 79. 79. 79. 79. 79. 79. 79. 79. 79. 79. 79. 79. 79. 79. 79. 79. 79. 79. 79. 79. 79. 79. 79. 79. 79. 79. 79. 79. 79. 79. 79. 79. 79. 79. 79. 79. 79. 79. 79. 79. 79. 79. 79.
  112  80. 80. 80. 80. 80. 80. 80. 80. 80. 80. 80. 80. 80. 80. 80. 80. 80. 79. 79. 79. 79. 79. 79. 79. 79. 79. 79. 79. 79. 79. 79. 79. 79. 79. 79. 79. 79. 79. 79. 79. 79. 79. 79. 79. 79. 79. 79. 79. 79. 79. 79. 79. 79. 79. 79. 79. 79. 79. 79. 79. 79. 79. 79. 79. 79. 79. 79. 79. 79. 79. 79. 79. 79. 79. 79. 79. 79. 79. 79. 79. 79. 79. 79. 79. 79. 79. 79. 79. 79. 79. 79. 79. 79. 79. 79. 79. 79. 79. 79. 79. 79. 79. 79. 79. 79. 79. 79. 79. 79. 79. 79. 79. 79. 79. 79. 79. 79. 79. 79. 79. 79. 79. 79. 79. 79. 79. 79. 79. 79. 79. 79. 79. 79. 79. 79. 79. 79. 79. 79. 79. 79. 79. 79. 79. 79. 79. 79. 79. 79. 79. 79.
  111  80. 80. 80. 80. 80. 80. 80. 80. 80. 80. 80. 80. 80. 80. 80. 80. 80. 79. 79. 79. 79. 79. 79. 79. 79. 79. 79. 79. 79. 79. 79. 79. 79. 79. 79. 79. 79. 79. 79. 79. 79. 79. 79. 79. 79. 79. 79. 79. 79. 79. 79. 79. 79. 79. 79. 79. 79. 79. 79. 79. 79. 79. 79. 79. 79. 79. 79. 79. 79. 79. 79. 79. 79. 79. 79. 79. 79. 79. 79. 79. 79. 79. 79. 79. 79. 79. 79. 79. 79. 79. 79. 79. 79. 79. 79. 79. 79. 79. 79. 79. 79. 79. 79. 79. 79. 79. 79. 79. 79. 79. 79. 79. 79. 79. 79. 79. 79. 79. 79. 79. 79. 79. 79. 79. 79. 79. 79. 79. 79. 79. 79. 79. 79. 79. 79. 79. 79. 79. 79. 79. 79. 79. 79. 79. 79. 79. 79. 79. 79. 79. 79.
  110  80. 80. 80. 80. 80. 80. 80. 80. 80. 80. 80. 80. 80. 80. 80. 80. 80. 79. 79. 79. 79. 79. 79. 79. 79. 79. 79. 79. 79. 79. 79. 79. 79. 79. 79. 79. 79. 79. 79. 79. 79. 79. 79. 79. 79. 79. 79. 79. 79. 79. 79. 79. 79. 79. 79. 79. 79. 79. 79. 79. 79. 79. 79. 79. 79. 79. 79. 79. 79. 79. 79. 79. 79. 79. 79. 79. 79. 79. 79. 79. 79. 79. 79. 79. 79. 79. 79. 79. 79. 79. 79. 79. 79. 79. 79. 79. 79. 79. 79. 79. 79. 79. 79. 79. 79. 79. 79. 79. 79. 79. 79. 79. 79. 79. 79. 79. 79. 79. 79. 79. 79. 79. 79. 79. 79. 79. 79. 79. 79. 79. 79. 79. 79. 79. 79. 79. 79. 79. 79. 79. 79. 79. 79. 79. 79. 79. 79. 79. 79. 79. 79.
  109  80. 80. 80. 80. 80. 80. 80. 80. 80. 80. 80. 80. 80. 80. 80. 80. 80. 79. 79. 79. 79. 79. 79. 79. 79. 79. 79. 79. 79. 79. 79. 79. 79. 79. 79. 79. 79. 79. 79. 79. 79. 79. 79. 79. 79. 79. 79. 79. 79. 79. 79. 79. 79. 79. 79. 79. 79. 79. 79. 79. 79. 79. 79. 79. 79. 79. 79. 79. 79. 79. 79. 79. 79. 79. 79. 79. 79. 79. 79. 79. 79. 79. 79. 79. 79. 79. 79. 79. 79. 79. 79. 79. 79. 79. 79. 79. 79. 79. 79. 79. 79. 79. 79. 79. 79. 79. 79. 79. 79. 79. 79. 79. 79. 79. 79. 79. 79. 79. 79. 79. 79. 79. 79. 79. 79. 79. 79. 79. 79. 79. 79. 79. 79. 79. 79. 79. 79. 79. 79. 79. 79. 79. 79. 79. 79. 79. 79. 79. 79. 79. 79.
  108  80. 80. 80. 80. 80. 80. 80. 80. 80. 80. 80. 80. 80. 80. 80. 80. 80. 79. 79. 79. 79. 79. 79. 79. 79. 79. 79. 79. 79. 79. 79. 79. 79. 79. 79. 79. 79. 79. 79. 79. 79. 79. 79. 79. 79. 79. 79. 79. 79. 79. 79. 79. 79. 79. 79. 79. 79. 79. 79. 79. 79. 79. 79. 79. 79. 79. 79. 79. 79. 79. 79. 79. 79. 79. 79. 79. 79. 79. 79. 79. 79. 79. 79. 79. 79. 79. 79. 79. 79. 79. 79. 79. 79. 79. 79. 79. 79. 79. 79. 79. 79. 79. 79. 79. 79. 79. 79. 79. 79. 79. 79. 79. 79. 79. 79. 79. 79. 79. 79. 79. 79. 79. 79. 79. 79. 79. 79. 79. 79. 79. 79. 79. 79. 79. 79. 79. 79. 79. 79. 79. 79. 79. 79. 79. 79. 79. 79. 79. 79. 79. 79.
  107  80. 80. 80. 80. 80. 80. 80. 80. 80. 80. 80. 80. 80. 80. 80. 80. 80. 79. 79. 79. 79. 79. 79. 79. 79. 79. 79. 79. 79. 79. 79. 79. 79. 79. 79. 79. 79. 79. 79. 79. 79. 79. 79. 79. 79. 79. 79. 79. 79. 79. 79. 79. 79. 79. 79. 79. 79. 79. 79. 79. 79. 79. 79. 79. 79. 79. 79. 79. 79. 79. 79. 79. 79. 79. 79. 79. 79. 79. 79. 79. 79. 79. 79. 79. 79. 79. 79. 79. 79. 79. 79. 79. 79. 79. 79. 79. 79. 79. 79. 79. 79. 79. 79. 79. 79. 79. 79. 79. 79. 79. 79. 79. 79. 79. 79. 79. 79. 79. 79. 79. 79. 79. 79. 79. 79. 79. 79. 79. 79. 79. 79. 79. 79. 79. 79. 79. 79. 79. 79. 79. 79. 79. 79. 79. 79. 79. 79. 79. 79. 79. 79.
  106  80. 80. 80. 80. 80. 80. 80. 80. 80. 80. 80. 80. 80. 80. 80. 80. 79. 79. 79. 79. 79. 79. 79. 79. 79. 79. 79. 79. 79. 79. 79. 79. 79. 79. 79. 79. 79. 79. 79. 79. 79. 79. 79. 79. 79. 79. 79. 79. 79. 79. 79. 79. 79. 79. 79. 79. 79. 79. 79. 79. 79. 79. 79. 79. 79. 79. 79. 79. 79. 79. 79. 79. 79. 79. 79. 79. 79. 79. 79. 79. 79. 79. 79. 79. 79. 79. 79. 79. 79. 79. 79. 79. 79. 79. 79. 79. 79. 79. 79. 79. 79. 79. 79. 79. 79. 79. 79. 79. 79. 79. 79. 79. 79. 79. 79. 79. 79. 79. 79. 79. 79. 79. 79. 79. 79. 79. 79. 79. 79. 79. 79. 79. 79. 79. 79. 79. 79. 79. 79. 79. 79. 79. 79. 79. 79. 79. 79. 79. 79. 79. 79.
  105  80. 80. 80. 80. 80. 80. 80. 80. 80. 80. 80. 80. 80. 80. 80. 80. 79. 79. 79. 79. 79. 79. 79. 79. 79. 79. 79. 79. 79. 79. 79. 79. 79. 79. 79. 79. 79. 79. 79. 79. 79. 79. 79. 79. 79. 79. 79. 79. 79. 79. 79. 79. 79. 79. 79. 79. 79. 79. 79. 79. 79. 79. 79. 79. 79. 79. 79. 79. 79. 79. 79. 79. 79. 79. 79. 79. 79. 79. 79. 79. 79. 79. 79. 79. 79. 79. 79. 79. 79. 79. 79. 79. 79. 79. 79. 79. 79. 79. 79. 79. 79. 79. 79. 79. 79. 79. 79. 79. 79. 79. 79. 79. 79. 79. 79. 79. 79. 79. 79. 79. 79. 79. 79. 79. 79. 79. 79. 79. 79. 79. 79. 79. 79. 79. 79. 79. 79. 79. 79. 79. 79. 79. 79. 79. 79. 79. 79. 79. 79. 79. 79.
  104  80. 80. 80. 80. 80. 80. 80. 80. 80. 80. 80. 80. 80. 80. 80. 80. 79. 79. 79. 79. 79. 79. 79. 79. 79. 79. 79. 79. 79. 79. 79. 79. 79. 79. 79. 79. 79. 79. 79. 79. 79. 79. 79. 79. 79. 79. 79. 79. 79. 79. 79. 79. 79. 79. 79. 79. 79. 79. 79. 79. 79. 79. 79. 79. 79. 79. 79. 79. 79. 79. 79. 79. 79. 79. 79. 79. 79. 79. 79. 79. 79. 79. 79. 79. 79. 79. 79. 79. 79. 79. 79. 79. 79. 79. 79. 79. 79. 79. 79. 79. 79. 79. 79. 79. 79. 79. 79. 79. 79. 79. 79. 79. 79. 79. 79. 79. 79. 79. 79. 79. 79. 79. 79. 79. 79. 79. 79. 79. 79. 79. 79. 79. 79. 79. 79. 79. 79. 79. 79. 79. 79. 79. 79. 79. 79. 79. 79. 79. 79. 79. 79.
  103  80. 80. 80. 80. 80. 80. 80. 80. 80. 80. 80. 80. 80. 80. 80. 80. 79. 79. 79. 79. 79. 79. 79. 79. 79. 79. 79. 79. 79. 79. 79. 79. 79. 79. 79. 79. 79. 79. 79. 79. 79. 79. 79. 79. 79. 79. 79. 79. 79. 79. 79. 79. 79. 79. 79. 79. 79. 79. 79. 79. 79. 79. 79. 79. 79. 79. 79. 79. 79. 79. 79. 79. 79. 79. 79. 79. 79. 79. 79. 79. 79. 79. 79. 79. 79. 79. 79. 79. 79. 79. 79. 79. 79. 79. 79. 79. 79. 79. 79. 79. 79. 79. 79. 79. 79. 79. 79. 79. 79. 79. 79. 79. 79. 79. 79. 79. 79. 79. 79. 79. 79. 79. 79. 79. 79. 79. 79. 79. 79. 79. 79. 79. 79. 79. 79. 79. 79. 79. 79. 79. 79. 79. 79. 79. 79. 79. 79. 79. 79. 79. 79.
  102  80. 80. 80. 80. 80. 80. 80. 80. 80. 80. 80. 80. 80. 80. 80. 80. 79. 79. 79. 79. 79. 79. 79. 79. 79. 79. 79. 79. 79. 79. 79. 79. 79. 79. 79. 79. 79. 79. 79. 79. 79. 79. 79. 79. 79. 79. 79. 79. 79. 79. 79. 79. 79. 79. 79. 79. 79. 79. 79. 79. 79. 79. 79. 79. 79. 79. 79. 79. 79. 79. 79. 79. 79. 79. 79. 79. 79. 79. 79. 79. 79. 79. 79. 79. 79. 79. 79. 79. 79. 79. 79. 79. 79. 79. 79. 79. 79. 79. 79. 79. 79. 79. 79. 79. 79. 79. 79. 79. 79. 79. 79. 79. 79. 79. 79. 79. 79. 79. 79. 79. 79. 79. 79. 79. 79. 79. 79. 79. 79. 79. 79. 79. 79. 79. 79. 79. 79. 79. 79. 79. 79. 79. 79. 79. 79. 79. 79. 79. 79. 79. 79.
  101  80. 80. 80. 80. 80. 80. 80. 80. 80. 80. 80. 80. 80. 80. 80. 80. 79. 79. 79. 79. 79. 79. 79. 79. 79. 79. 79. 79. 79. 79. 79. 79. 79. 79. 79. 79. 79. 79. 79. 79. 79. 79. 79. 79. 79. 79. 79. 79. 79. 79. 79. 79. 79. 79. 79. 79. 79. 79. 79. 79. 79. 79. 79. 79. 79. 79. 79. 79. 79. 79. 79. 79. 79. 79. 79. 79. 79. 79. 79. 79. 79. 79. 79. 79. 79. 79. 79. 79. 79. 79. 79. 79. 79. 79. 79. 79. 79. 79. 79. 79. 79. 79. 79. 79. 79. 79. 79. 79. 79. 79. 79. 79. 79. 79. 79. 79. 79. 79. 79. 79. 79. 79. 79. 79. 79. 79. 79. 79. 79. 79. 79. 79. 79. 79. 79. 79. 79. 79. 79. 79. 79. 79. 79. 79. 79. 79. 79. 79. 79. 79. 79.
  100  80. 80. 80. 80. 80. 80. 80. 80. 80. 80. 80. 80. 80. 80. 80. 80. 79. 79. 79. 79. 79. 79. 79. 79. 79. 79. 79. 79. 79. 79. 79. 79. 79. 79. 79. 79. 79. 79. 79. 79. 79. 79. 79. 79. 79. 79. 79. 79. 79. 79. 79. 79. 79. 79. 79. 79. 79. 79. 79. 79. 79. 79. 79. 79. 79. 79. 79. 79. 79. 79. 79. 79. 79. 79. 79. 79. 79. 79. 79. 79. 79. 79. 79. 79. 79. 79. 79. 79. 79. 79. 79. 79. 79. 79. 79. 79. 79. 79. 79. 79. 79. 79. 79. 79. 79. 79. 79. 79. 79. 79. 79. 79. 79. 79. 79. 79. 79. 79. 79. 79. 79. 79. 79. 79. 79. 79. 79. 79. 79. 79. 79. 79. 79. 79. 79. 79. 79. 79. 79. 79. 79. 79. 79. 79. 79. 79. 79. 79. 79. 79. 79.
   99  80. 80. 80. 80. 80. 80. 80. 80. 80. 80. 80. 80. 80. 80. 80. 80. 79. 79. 79. 79. 79. 79. 79. 79. 79. 79. 79. 79. 79. 79. 79. 79. 79. 79. 79. 79. 79. 79. 79. 79. 79. 79. 79. 79. 79. 79. 79. 79. 79. 79. 79. 79. 79. 79. 79. 79. 79. 79. 79. 79. 79. 79. 79. 79. 79. 79. 79. 79. 79. 79. 79. 79. 79. 79. 79. 79. 79. 79. 79. 79. 79. 79. 79. 79. 79. 79. 79. 79. 79. 79. 79. 79. 79. 79. 79. 79. 79. 79. 79. 79. 79. 79. 79. 79. 79. 79. 79. 79. 79. 79. 79. 79. 79. 79. 79. 79. 79. 79. 79. 79. 79. 79. 79. 79. 79. 79. 79. 79. 79. 79. 79. 79. 79. 79. 79. 79. 79. 79. 79. 79. 79. 79. 79. 79. 79. 79. 79. 79. 79. 79. 79.
   98  80. 80. 80. 80. 80. 80. 80. 80. 80. 80. 80. 80. 80. 80. 80. 79. 79. 79. 79. 79. 79. 79. 79. 79. 79. 79. 79. 79. 79. 79. 79. 79. 79. 79. 79. 79. 79. 79. 79. 79. 79. 79. 79. 79. 79. 79. 79. 79. 79. 79. 79. 79. 79. 79. 79. 79. 79. 79. 79. 79. 79. 79. 79. 79. 79. 79. 79. 79. 79. 79. 79. 79. 79. 79. 79. 79. 79. 79. 79. 79. 79. 79. 79. 79. 79. 79. 79. 79. 79. 79. 79. 79. 79. 79. 79. 79. 79. 79. 79. 79. 79. 79. 79. 79. 79. 79. 79. 79. 79. 79. 79. 79. 79. 79. 79. 79. 79. 79. 79. 79. 79. 79. 79. 79. 79. 79. 79. 79. 79. 79. 79. 79. 79. 79. 79. 79. 79. 79. 79. 79. 79. 79. 79. 79. 79. 79. 79. 79. 79. 79. 79.
   97  80. 80. 80. 80. 80. 80. 80. 80. 80. 80. 80. 80. 80. 80. 80. 79. 79. 79. 79. 79. 79. 79. 79. 79. 79. 79. 79. 79. 79. 79. 79. 79. 79. 79. 79. 79. 79. 79. 79. 79. 79. 79. 79. 79. 79. 79. 79. 79. 79. 79. 79. 79. 79. 79. 79. 79. 79. 79. 79. 79. 79. 79. 79. 79. 79. 79. 79. 79. 79. 79. 79. 79. 79. 79. 79. 79. 79. 79. 79. 79. 79. 79. 79. 79. 79. 79. 79. 79. 79. 79. 79. 79. 79. 79. 79. 79. 79. 79. 79. 79. 79. 79. 79. 79. 79. 79. 79. 79. 79. 79. 79. 79. 79. 79. 79. 79. 79. 79. 79. 79. 79. 79. 79. 79. 79. 79. 79. 79. 79. 79. 79. 79. 79. 79. 79. 79. 79. 79. 79. 79. 79. 79. 79. 79. 79. 79. 79. 79. 79. 79. 79.
   96  80. 80. 80. 80. 80. 80. 80. 80. 80. 80. 80. 80. 80. 80. 80. 79. 79. 79. 79. 79. 79. 79. 79. 79. 79. 79. 79. 79. 79. 79. 79. 79. 79. 79. 79. 79. 79. 79. 79. 79. 79. 79. 79. 79. 79. 79. 79. 79. 79. 79. 79. 79. 79. 79. 79. 79. 79. 79. 79. 79. 79. 79. 79. 79. 79. 79. 79. 79. 79. 79. 79. 79. 79. 79. 79. 79. 79. 79. 79. 79. 79. 79. 79. 79. 79. 79. 79. 79. 79. 79. 79. 79. 79. 79. 79. 79. 79. 79. 79. 79. 79. 79. 79. 79. 79. 79. 79. 79. 79. 79. 79. 79. 79. 79. 79. 79. 79. 79. 79. 79. 79. 79. 79. 79. 79. 79. 79. 79. 79. 79. 79. 79. 79. 79. 79. 79. 79. 79. 79. 79. 79. 79. 79. 79. 79. 79. 79. 79. 79. 79. 79.
   95  80. 80. 80. 80. 80. 80. 80. 80. 80. 80. 80. 80. 80. 80. 80. 79. 79. 79. 79. 79. 79. 79. 79. 79. 79. 79. 79. 79. 79. 79. 79. 79. 79. 79. 79. 79. 79. 79. 79. 79. 79. 79. 79. 79. 79. 79. 79. 79. 79. 79. 79. 79. 79. 79. 79. 79. 79. 79. 79. 79. 79. 79. 79. 79. 79. 79. 79. 79. 79. 79. 79. 79. 79. 79. 79. 79. 79. 79. 79. 79. 79. 79. 79. 79. 79. 79. 79. 79. 79. 79. 79. 79. 79. 79. 79. 79. 79. 79. 79. 79. 79. 79. 79. 79. 79. 79. 79. 79. 79. 79. 79. 79. 79. 79. 79. 79. 79. 79. 79. 79. 79. 79. 79. 79. 79. 79. 79. 79. 79. 79. 79. 79. 79. 79. 79. 79. 79. 79. 79. 79. 79. 79. 79. 79. 79. 79. 79. 79. 79. 79. 79.
   94  80. 80. 80. 80. 80. 80. 80. 80. 80. 80. 80. 80. 80. 80. 80. 79. 79. 79. 79. 79. 79. 79. 79. 79. 79. 79. 79. 79. 79. 79. 79. 79. 79. 79. 79. 79. 79. 79. 79. 79. 79. 79. 79. 79. 79. 79. 79. 79. 79. 79. 79. 79. 79. 79. 79. 79. 79. 79. 79. 79. 79. 79. 79. 79. 79. 79. 79. 79. 79. 79. 79. 79. 79. 79. 79. 79. 79. 79. 79. 79. 79. 79. 79. 79. 79. 79. 79. 79. 79. 79. 79. 79. 79. 79. 79. 79. 79. 79. 79. 79. 79. 79. 79. 79. 79. 79. 79. 79. 79. 79. 79. 79. 79. 79. 79. 79. 79. 79. 79. 79. 79. 79. 79. 79. 79. 79. 79. 79. 79. 79. 79. 79. 79. 79. 79. 79. 79. 79. 79. 79. 79. 79. 79. 79. 79. 79. 79. 79. 79. 79. 79.
   93  80. 80. 80. 80. 80. 80. 80. 80. 80. 80. 80. 80. 80. 80. 80. 79. 79. 79. 79. 79. 79. 79. 79. 79. 79. 79. 79. 79. 79. 79. 79. 79. 79. 79. 79. 79. 79. 79. 79. 79. 79. 79. 79. 79. 79. 79. 79. 79. 79. 79. 79. 79. 79. 79. 79. 79. 79. 79. 79. 79. 79. 79. 79. 79. 79. 79. 79. 79. 79. 79. 79. 79. 79. 79. 79. 79. 79. 79. 79. 79. 79. 79. 79. 79. 79. 79. 79. 79. 79. 79. 79. 79. 79. 79. 79. 79. 79. 79. 79. 79. 79. 79. 79. 79. 79. 79. 79. 79. 79. 79. 79. 79. 79. 79. 79. 79. 79. 79. 79. 79. 79. 79. 79. 79. 79. 79. 79. 79. 79. 79. 79. 79. 79. 79. 79. 79. 79. 79. 79. 79. 79. 79. 79. 79. 79. 79. 79. 79. 79. 79. 79.
   92  80. 80. 80. 80. 80. 80. 80. 80. 80. 80. 80. 80. 80. 80. 80. 79. 79. 79. 79. 79. 79. 79. 79. 79. 79. 79. 79. 79. 79. 79. 79. 79. 79. 79. 79. 79. 79. 79. 79. 79. 79. 79. 79. 79. 79. 79. 79. 79. 79. 79. 79. 79. 79. 79. 79. 79. 79. 79. 79. 79. 79. 79. 79. 79. 79. 79. 79. 79. 79. 79. 79. 79. 79. 79. 79. 79. 79. 79. 79. 79. 79. 79. 79. 79. 79. 79. 79. 79. 79. 79. 79. 79. 79. 79. 79. 79. 79. 79. 79. 79. 79. 79. 79. 79. 79. 79. 79. 79. 79. 79. 79. 79. 79. 79. 79. 79. 79. 79. 79. 79. 79. 79. 79. 79. 79. 79. 79. 79. 79. 79. 79. 79. 79. 79. 79. 79. 79. 79. 79. 79. 79. 79. 79. 79. 79. 79. 79. 79. 79. 79. 79.
   91  80. 80. 80. 80. 80. 80. 80. 80. 80. 80. 80. 80. 80. 80. 80. 79. 79. 79. 79. 79. 79. 79. 79. 79. 79. 79. 79. 79. 79. 79. 79. 79. 79. 79. 79. 79. 79. 79. 79. 79. 79. 79. 79. 79. 79. 79. 79. 79. 79. 79. 79. 79. 79. 79. 79. 79. 79. 79. 79. 79. 79. 79. 79. 79. 79. 79. 79. 79. 79. 79. 79. 79. 79. 79. 79. 79. 79. 79. 79. 79. 79. 79. 79. 79. 79. 79. 79. 79. 79. 79. 79. 79. 79. 79. 79. 79. 79. 79. 79. 79. 79. 79. 79. 79. 79. 79. 79. 79. 79. 79. 79. 79. 79. 79. 79. 79. 79. 79. 79. 79. 79. 79. 79. 79. 79. 79. 79. 79. 79. 79. 79. 79. 79. 79. 79. 79. 79. 79. 79. 79. 79. 79. 79. 79. 79. 79. 79. 79. 79. 79. 79.
   90  80. 80. 80. 80. 80. 80. 80. 80. 80. 80. 80. 80. 80. 80. 80. 79. 79. 79. 79. 79. 79. 79. 79. 79. 79. 79. 79. 79. 79. 79. 79. 79. 79. 79. 79. 79. 79. 79. 79. 79. 79. 79. 79. 79. 79. 79. 79. 79. 79. 79. 79. 79. 79. 79. 79. 79. 79. 79. 79. 79. 79. 79. 79. 79. 79. 79. 79. 79. 79. 79. 79. 79. 79. 79. 79. 79. 79. 79. 79. 79. 79. 79. 79. 79. 79. 79. 79. 79. 79. 79. 79. 79. 79. 79. 79. 79. 79. 79. 79. 79. 79. 79. 79. 79. 79. 79. 79. 79. 79. 79. 79. 79. 79. 79. 79. 79. 79. 79. 79. 79. 79. 79. 79. 79. 79. 79. 79. 79. 79. 79. 79. 79. 79. 79. 79. 79. 79. 79. 79. 79. 79. 79. 79. 79. 79. 79. 79. 79. 79. 79. 79.
   89  80. 80. 80. 80. 80. 80. 80. 80. 80. 80. 80. 80. 80. 80. 80. 79. 79. 79. 79. 79. 79. 79. 79. 79. 79. 79. 79. 79. 79. 79. 79. 79. 79. 79. 79. 79. 79. 79. 79. 79. 79. 79. 79. 79. 79. 79. 79. 79. 79. 79. 79. 79. 79. 79. 79. 79. 79. 79. 79. 79. 79. 79. 79. 79. 79. 79. 79. 79. 79. 79. 79. 79. 79. 79. 79. 79. 79. 79. 79. 79. 79. 79. 79. 79. 79. 79. 79. 79. 79. 79. 79. 79. 79. 79. 79. 79. 79. 79. 79. 79. 79. 79. 79. 79. 79. 79. 79. 79. 79. 79. 79. 79. 79. 79. 79. 79. 79. 79. 79. 79. 79. 79. 79. 79. 79. 79. 79. 79. 79. 79. 79. 79. 79. 79. 79. 79. 79. 79. 79. 79. 79. 79. 79. 79. 79. 79. 79. 79. 79. 79. 79.
   88  80. 80. 80. 80. 80. 80. 80. 80. 80. 80. 80. 80. 80. 80. 79. 79. 79. 79. 79. 79. 79. 79. 79. 79. 79. 79. 79. 79. 79. 79. 79. 79. 79. 79. 79. 79. 79. 79. 79. 79. 79. 79. 79. 79. 79. 79. 79. 79. 79. 79. 79. 79. 79. 79. 79. 79. 79. 79. 79. 79. 79. 79. 79. 79. 79. 79. 79. 79. 79. 79. 79. 79. 79. 79. 79. 79. 79. 79. 79. 79. 79. 79. 79. 79. 79. 79. 79. 79. 79. 79. 79. 79. 79. 79. 79. 79. 79. 79. 79. 79. 79. 79. 79. 79. 79. 79. 79. 79. 79. 79. 79. 79. 79. 79. 79. 79. 79. 79. 79. 79. 79. 79. 79. 79. 79. 79. 79. 79. 79. 79. 79. 79. 79. 79. 79. 79. 79. 79. 79. 79. 79. 79. 79. 79. 79. 79. 79. 79. 79. 79. 79.
   87  80. 80. 80. 80. 80. 80. 80. 80. 80. 80. 80. 80. 80. 80. 79. 79. 79. 79. 79. 79. 79. 79. 79. 79. 79. 79. 79. 79. 79. 79. 79. 79. 79. 79. 79. 79. 79. 79. 79. 79. 79. 79. 79. 79. 79. 79. 79. 79. 79. 79. 79. 79. 79. 79. 79. 79. 79. 79. 79. 79. 79. 79. 79. 79. 79. 79. 79. 79. 79. 79. 79. 79. 79. 79. 79. 79. 79. 79. 79. 79. 79. 79. 79. 79. 79. 79. 79. 79. 79. 79. 79. 79. 79. 79. 79. 79. 79. 79. 79. 79. 79. 79. 79. 79. 79. 79. 79. 79. 79. 79. 79. 79. 79. 79. 79. 79. 79. 79. 79. 79. 79. 79. 79. 79. 79. 79. 79. 79. 79. 79. 79. 79. 79. 79. 79. 79. 79. 79. 79. 79. 79. 79. 79. 79. 79. 79. 79. 79. 79. 79. 79.
   86  80. 80. 80. 80. 80. 80. 80. 80. 80. 80. 80. 80. 80. 80. 79. 79. 79. 79. 79. 79. 79. 79. 79. 79. 79. 79. 79. 79. 79. 79. 79. 79. 79. 79. 79. 79. 79. 79. 79. 79. 79. 79. 79. 79. 79. 79. 79. 79. 79. 79. 79. 79. 79. 79. 79. 79. 79. 79. 79. 79. 79. 79. 79. 79. 79. 79. 79. 79. 79. 79. 79. 79. 79. 79. 79. 79. 79. 79. 79. 79. 79. 79. 79. 79. 79. 79. 79. 79. 79. 79. 79. 79. 79. 79. 79. 79. 79. 79. 79. 79. 79. 79. 79. 79. 79. 79. 79. 79. 79. 79. 79. 79. 79. 79. 79. 79. 79. 79. 79. 79. 79. 79. 79. 79. 79. 79. 79. 79. 79. 79. 79. 79. 79. 79. 79. 79. 79. 79. 79. 79. 79. 79. 79. 79. 79. 79. 79. 79. 79. 79. 79.
   85  80. 80. 80. 80. 80. 80. 80. 80. 80. 80. 80. 80. 80. 80. 79. 79. 79. 79. 79. 79. 79. 79. 79. 79. 79. 79. 79. 79. 79. 79. 79. 79. 79. 79. 79. 79. 79. 79. 79. 79. 79. 79. 79. 79. 79. 79. 79. 79. 79. 79. 79. 79. 79. 79. 79. 79. 79. 79. 79. 79. 79. 79. 79. 79. 79. 79. 79. 79. 79. 79. 79. 79. 79. 79. 79. 79. 79. 79. 79. 79. 79. 79. 79. 79. 79. 79. 79. 79. 79. 79. 79. 79. 79. 79. 79. 79. 79. 79. 79. 79. 79. 79. 79. 79. 79. 79. 79. 79. 79. 79. 79. 79. 79. 79. 79. 79. 79. 79. 79. 79. 79. 79. 79. 79. 79. 79. 79. 79. 79. 79. 79. 79. 79. 79. 79. 79. 79. 79. 79. 79. 79. 79. 79. 79. 79. 79. 79. 79. 79. 79. 79.
   84  80. 80. 80. 80. 80. 80. 80. 80. 80. 80. 80. 80. 80. 80. 79. 79. 79. 79. 79. 79. 79. 79. 79. 79. 79. 79. 79. 79. 79. 79. 79. 79. 79. 79. 79. 79. 79. 79. 79. 79. 79. 79. 79. 79. 79. 79. 79. 79. 79. 79. 79. 79. 79. 79. 79. 79. 79. 79. 79. 79. 79. 79. 79. 79. 79. 79. 79. 79. 79. 79. 79. 79. 79. 79. 79. 79. 79. 79. 79. 79. 79. 79. 79. 79. 79. 79. 79. 79. 79. 79. 79. 79. 79. 79. 79. 79. 79. 79. 79. 79. 79. 79. 79. 79. 79. 79. 79. 79. 79. 79. 79. 79. 79. 79. 79. 79. 79. 79. 79. 79. 79. 79. 79. 79. 79. 79. 79. 79. 79. 79. 79. 79. 79. 79. 79. 79. 79. 79. 79. 79. 79. 79. 79. 79. 79. 79. 79. 79. 79. 79. 79.
   83  80. 80. 80. 80. 80. 80. 80. 80. 80. 80. 80. 80. 80. 80. 79. 79. 79. 79. 79. 79. 79. 79. 79. 79. 79. 79. 79. 79. 79. 79. 79. 79. 79. 79. 79. 79. 79. 79. 79. 79. 79. 79. 79. 79. 79. 79. 79. 79. 79. 79. 79. 79. 79. 79. 79. 79. 79. 79. 79. 79. 79. 79. 79. 79. 79. 79. 79. 79. 79. 79. 79. 79. 79. 79. 79. 79. 79. 79. 79. 79. 79. 79. 79. 79. 79. 79. 79. 79. 79. 79. 79. 79. 79. 79. 79. 79. 79. 79. 79. 79. 79. 79. 79. 79. 79. 79. 79. 79. 79. 79. 79. 79. 79. 79. 79. 79. 79. 79. 79. 79. 79. 79. 79. 79. 79. 79. 79. 79. 79. 79. 79. 79. 79. 79. 79. 79. 79. 79. 79. 79. 79. 79. 79. 79. 79. 79. 79. 79. 79. 79. 79.
   82  80. 80. 80. 80. 80. 80. 80. 80. 80. 80. 80. 80. 80. 80. 79. 79. 79. 79. 79. 79. 79. 79. 79. 79. 79. 79. 79. 79. 79. 79. 79. 79. 79. 79. 79. 79. 79. 79. 79. 79. 79. 79. 79. 79. 79. 79. 79. 79. 79. 79. 79. 79. 79. 79. 79. 79. 79. 79. 79. 79. 79. 79. 79. 79. 79. 79. 79. 79. 79. 79. 79. 79. 79. 79. 79. 79. 79. 79. 79. 79. 79. 79. 79. 79. 79. 79. 79. 79. 79. 79. 79. 79. 79. 79. 79. 79. 79. 79. 79. 79. 79. 79. 79. 79. 79. 79. 79. 79. 79. 79. 79. 79. 79. 79. 79. 79. 79. 79. 79. 79. 79. 79. 79. 79. 79. 79. 79. 79. 79. 79. 79. 79. 79. 79. 79. 79. 79. 79. 79. 79. 79. 79. 79. 79. 79. 79. 79. 79. 79. 79. 79.
   81  80. 80. 80. 80. 80. 80. 80. 80. 80. 80. 80. 80. 80. 80. 79. 79. 79. 79. 79. 79. 79. 79. 79. 79. 79. 79. 79. 79. 79. 79. 79. 79. 79. 79. 79. 79. 79. 79. 79. 79. 79. 79. 79. 79. 79. 79. 79. 79. 79. 79. 79. 79. 79. 79. 79. 79. 79. 79. 79. 79. 79. 79. 79. 79. 79. 79. 79. 79. 79. 79. 79. 79. 79. 79. 79. 79. 79. 79. 79. 79. 79. 79. 79. 79. 79. 79. 79. 79. 79. 79. 79. 79. 79. 79. 79. 79. 79. 79. 79. 79. 79. 79. 79. 79. 79. 79. 79. 79. 79. 79. 79. 79. 79. 79. 79. 79. 79. 79. 79. 79. 79. 79. 79. 79. 79. 79. 79. 79. 79. 79. 79. 79. 79. 79. 79. 79. 79. 79. 79. 79. 79. 79. 79. 79. 79. 79. 79. 79. 79. 79. 79.
   80  80. 80. 80. 80. 80. 80. 80. 80. 80. 80. 80. 80. 80. 80. 79. 79. 79. 79. 79. 79. 79. 79. 79. 79. 79. 79. 79. 79. 79. 79. 79. 79. 79. 79. 79. 79. 79. 79. 79. 79. 79. 79. 79. 79. 79. 79. 79. 79. 79. 79. 79. 79. 79. 79. 79. 79. 79. 79. 79. 79. 79. 79. 79. 79. 79. 79. 79. 79. 79. 79. 79. 79. 79. 79. 79. 79. 79. 79. 79. 79. 79. 79. 79. 79. 79. 79. 79. 79. 79. 79. 79. 79. 79. 79. 79. 79. 79. 79. 79. 79. 79. 79. 79. 79. 79. 79. 79. 79. 79. 79. 79. 79. 79. 79. 79. 79. 79. 79. 79. 79. 79. 79. 79. 79. 79. 79. 79. 79. 79. 79. 79. 79. 79. 79. 79. 79. 79. 79. 79. 79. 79. 79. 79. 79. 79. 79. 79. 79. 79. 79. 79.
   79  80. 80. 80. 80. 80. 80. 80. 80. 80. 80. 80. 80. 80. 80. 79. 79. 79. 79. 79. 79. 79. 79. 79. 79. 79. 79. 79. 79. 79. 79. 79. 79. 79. 79. 79. 79. 79. 79. 79. 79. 79. 79. 79. 79. 79. 79. 79. 79. 79. 79. 79. 79. 79. 79. 79. 79. 79. 79. 79. 79. 79. 79. 79. 79. 79. 79. 79. 79. 79. 79. 79. 79. 79. 79. 79. 79. 79. 79. 79. 79. 79. 79. 79. 79. 79. 79. 79. 79. 79. 79. 79. 79. 79. 79. 79. 79. 79. 79. 79. 79. 79. 79. 79. 79. 79. 79. 79. 79. 79. 79. 79. 79. 79. 79. 79. 79. 79. 79. 79. 79. 79. 79. 79. 79. 79. 79. 79. 79. 79. 79. 79. 79. 79. 79. 79. 79. 79. 79. 79. 79. 79. 78. 79. 79. 79. 79. 79. 79. 79. 79. 79.
   78  80. 80. 80. 80. 80. 80. 80. 80. 80. 80. 80. 80. 80. 80. 79. 79. 79. 79. 79. 79. 79. 79. 79. 79. 79. 79. 79. 79. 79. 79. 79. 79. 79. 79. 79. 79. 79. 79. 79. 79. 79. 79. 79. 79. 79. 79. 79. 79. 79. 79. 79. 79. 79. 79. 79. 79. 79. 79. 79. 79. 79. 79. 79. 79. 79. 79. 79. 79. 79. 79. 79. 79. 79. 79. 79. 79. 79. 79. 79. 79. 79. 79. 79. 79. 79. 79. 79. 79. 79. 79. 79. 79. 79. 79. 79. 79. 79. 79. 79. 79. 79. 79. 79. 79. 79. 79. 79. 79. 79. 79. 79. 79. 79. 79. 79. 79. 79. 79. 79. 79. 79. 79. 79. 79. 79. 79. 79. 79. 79. 79. 79. 79. 79. 79. 79. 79. 79. 79. 79. 79. 78. 78. 78. 79. 79. 79. 79. 79. 79. 79. 79.
   77  80. 80. 80. 80. 80. 80. 80. 80. 80. 80. 80. 80. 80. 79. 79. 79. 79. 79. 79. 79. 79. 79. 79. 79. 79. 79. 79. 79. 79. 79. 79. 79. 79. 79. 79. 79. 79. 79. 79. 79. 79. 79. 79. 79. 79. 79. 79. 79. 79. 79. 79. 79. 79. 79. 79. 79. 79. 79. 79. 79. 79. 79. 79. 79. 79. 79. 79. 79. 79. 79. 79. 79. 79. 79. 79. 79. 79. 79. 79. 79. 79. 79. 79. 79. 79. 79. 79. 79. 79. 79. 79. 79. 79. 79. 79. 79. 79. 79. 79. 79. 79. 79. 79. 79. 79. 79. 79. 79. 79. 79. 79. 79. 79. 79. 79. 79. 79. 79. 79. 79. 79. 79. 79. 79. 79. 79. 79. 79. 79. 79. 79. 79. 79. 79. 79. 79. 79. 79. 79. 79. 78. 78. 78. 78. 78. 79. 79. 79. 79. 79. 79.
   76  80. 80. 80. 80. 80. 80. 80. 80. 80. 80. 80. 80. 80. 79. 79. 79. 79. 79. 79. 79. 79. 79. 79. 79. 79. 79. 79. 79. 79. 79. 79. 79. 79. 79. 79. 79. 79. 79. 79. 79. 79. 79. 79. 79. 79. 79. 79. 79. 79. 79. 79. 79. 79. 79. 79. 79. 79. 79. 79. 79. 79. 79. 79. 79. 79. 79. 79. 79. 79. 79. 79. 79. 79. 79. 79. 79. 79. 79. 79. 79. 79. 79. 79. 79. 79. 79. 79. 79. 79. 79. 79. 79. 79. 79. 79. 79. 79. 79. 79. 79. 79. 79. 79. 79. 79. 79. 79. 79. 79. 79. 79. 79. 79. 79. 79. 79. 79. 79. 79. 79. 79. 79. 79. 79. 79. 79. 79. 79. 79. 79. 79. 79. 79. 79. 79. 79. 79. 79. 79. 79. 78. 78. 78. 78. 78. 78. 79. 79. 79. 79. 79.
   75  80. 80. 80. 80. 80. 80. 80. 80. 80. 80. 80. 80. 80. 79. 79. 79. 79. 79. 79. 79. 79. 79. 79. 79. 79. 79. 79. 79. 79. 79. 79. 79. 79. 79. 79. 79. 79. 79. 79. 79. 79. 79. 79. 79. 79. 79. 79. 79. 79. 79. 79. 79. 79. 79. 79. 79. 79. 79. 79. 79. 79. 79. 79. 79. 79. 79. 79. 79. 79. 79. 79. 79. 79. 79. 79. 79. 79. 79. 79. 79. 79. 79. 79. 79. 79. 79. 79. 79. 79. 79. 79. 79. 79. 79. 79. 79. 79. 79. 79. 79. 79. 79. 79. 79. 79. 79. 79. 79. 79. 79. 79. 79. 79. 79. 79. 79. 79. 79. 79. 79. 79. 79. 79. 79. 79. 79. 79. 79. 79. 79. 79. 79. 79. 79. 79. 79. 79. 79. 79. 79. 78. 78. 78. 78. 78. 78. 78. 79. 79. 79. 79.
   74  80. 80. 80. 80. 80. 80. 80. 80. 80. 80. 80. 80. 80. 79. 79. 79. 79. 79. 79. 79. 79. 79. 79. 79. 79. 79. 79. 79. 79. 79. 79. 79. 79. 79. 79. 79. 79. 79. 79. 79. 79. 79. 79. 79. 79. 79. 79. 79. 79. 79. 79. 79. 79. 79. 79. 79. 79. 79. 79. 79. 79. 79. 79. 79. 79. 79. 79. 79. 79. 79. 79. 79. 79. 79. 79. 79. 79. 79. 79. 79. 79. 79. 79. 79. 79. 79. 79. 79. 79. 79. 79. 79. 79. 79. 79. 79. 79. 79. 79. 79. 79. 79. 79. 79. 79. 79. 79. 79. 79. 79. 79. 79. 79. 79. 79. 79. 79. 79. 79. 79. 79. 79. 79. 79. 79. 79. 79. 79. 79. 79. 79. 79. 79. 79. 79. 79. 79. 79. 79. 78. 78. 78. 78. 78. 78. 78. 78. 79. 79. 79. 79.
   73  80. 80. 80. 80. 80. 80. 80. 80. 80. 80. 80. 80. 80. 79. 79. 79. 79. 79. 79. 79. 79. 79. 79. 79. 79. 79. 79. 79. 79. 79. 79. 79. 79. 79. 79. 79. 79. 79. 79. 79. 79. 79. 79. 79. 79. 79. 79. 79. 79. 79. 79. 79. 79. 79. 79. 79. 79. 79. 79. 79. 79. 79. 79. 79. 79. 79. 79. 79. 79. 79. 79. 79. 79. 79. 79. 79. 79. 79. 79. 79. 79. 79. 79. 79. 79. 79. 79. 79. 79. 79. 79. 79. 79. 79. 79. 79. 79. 79. 79. 79. 79. 79. 79. 79. 79. 79. 79. 79. 79. 79. 79. 79. 79. 79. 79. 79. 79. 79. 79. 79. 79. 79. 79. 79. 79. 79. 79. 79. 79. 79. 79. 79. 79. 79. 79. 79. 79. 79. 79. 78. 78. 78. 78. 78. 78. 78. 78. 79. 79. 79. 79.
   72  80. 80. 80. 80. 80. 80. 80. 80. 80. 80. 80. 80. 80. 79. 79. 79. 79. 79. 79. 79. 79. 79. 79. 79. 79. 79. 79. 79. 79. 79. 79. 79. 79. 79. 79. 79. 79. 79. 79. 79. 79. 79. 79. 79. 79. 79. 79. 79. 79. 79. 79. 79. 79. 79. 79. 79. 79. 79. 79. 79. 79. 79. 79. 79. 79. 79. 79. 79. 79. 79. 79. 79. 79. 79. 79. 79. 79. 79. 79. 79. 79. 79. 79. 79. 79. 79. 79. 79. 79. 79. 79. 79. 79. 79. 79. 79. 79. 79. 79. 79. 79. 79. 79. 79. 79. 79. 79. 79. 79. 79. 79. 79. 79. 79. 79. 79. 79. 79. 79. 79. 79. 79. 79. 79. 79. 79. 79. 79. 79. 79. 79. 79. 79. 79. 79. 79. 79. 79. 79. 78. 78. 78. 78. 78. 78. 78. 78. 79. 79. 79. 79.
   71  80. 80. 80. 80. 80. 80. 80. 80. 80. 80. 80. 80. 80. 79. 79. 79. 79. 79. 79. 79. 79. 79. 79. 79. 79. 79. 79. 79. 79. 79. 79. 79. 79. 79. 79. 79. 79. 79. 79. 79. 79. 79. 79. 79. 79. 79. 79. 79. 79. 79. 79. 79. 79. 79. 79. 79. 79. 79. 79. 79. 79. 79. 79. 79. 79. 79. 79. 79. 79. 79. 79. 79. 79. 79. 79. 79. 79. 79. 79. 79. 79. 79. 79. 79. 79. 79. 79. 79. 79. 79. 79. 79. 79. 79. 79. 79. 79. 79. 79. 79. 79. 79. 79. 79. 79. 79. 79. 79. 79. 79. 79. 79. 79. 79. 79. 79. 79. 79. 79. 79. 79. 79. 79. 79. 79. 79. 79. 79. 79. 79. 79. 79. 79. 79. 79. 79. 79. 79. 79. 78. 78. 78. 78. 78. 78. 78. 78. 78. 79. 79. 79.
   70  80. 80. 80. 80. 80. 80. 80. 80. 80. 80. 80. 80. 80. 79. 79. 79. 79. 79. 79. 79. 79. 79. 79. 79. 79. 79. 79. 79. 79. 79. 79. 79. 79. 79. 79. 79. 79. 79. 79. 79. 79. 79. 79. 79. 79. 79. 79. 79. 79. 79. 79. 79. 79. 79. 79. 79. 79. 79. 79. 79. 79. 79. 79. 79. 79. 79. 79. 79. 79. 79. 79. 79. 79. 79. 79. 79. 79. 79. 79. 79. 79. 79. 79. 79. 79. 79. 79. 79. 79. 79. 79. 79. 79. 79. 79. 79. 79. 79. 79. 79. 79. 79. 79. 79. 79. 79. 79. 79. 79. 79. 79. 79. 79. 79. 79. 79. 79. 79. 79. 79. 79. 79. 79. 79. 79. 79. 79. 79. 79. 79. 79. 79. 79. 79. 79. 79. 79. 79. 79. 78. 78. 78. 78. 78. 78. 78. 78. 78. 79. 79. 79.
   69  80. 80. 80. 80. 80. 80. 80. 80. 80. 80. 80. 80. 80. 79. 79. 79. 79. 79. 79. 79. 79. 79. 79. 79. 79. 79. 79. 79. 79. 79. 79. 79. 79. 79. 79. 79. 79. 79. 79. 79. 79. 79. 79. 79. 79. 79. 79. 79. 79. 79. 79. 79. 79. 79. 79. 79. 79. 79. 79. 79. 79. 79. 79. 79. 79. 79. 79. 79. 79. 79. 79. 79. 79. 79. 79. 79. 79. 79. 79. 79. 79. 79. 79. 79. 79. 79. 79. 79. 79. 79. 79. 79. 79. 79. 79. 79. 79. 79. 79. 79. 79. 79. 79. 79. 79. 79. 79. 79. 79. 79. 79. 79. 79. 79. 79. 79. 79. 79. 79. 79. 79. 79. 79. 79. 79. 79. 79. 79. 79. 79. 79. 79. 79. 79. 79. 79. 79. 79. 79. 78. 78. 78. 78. 78. 78. 78. 78. 78. 79. 79. 79.
   68  80. 80. 80. 80. 80. 80. 80. 80. 80. 80. 80. 80. 80. 79. 79. 79. 79. 79. 79. 79. 79. 79. 79. 79. 79. 79. 79. 79. 79. 79. 79. 79. 79. 79. 79. 79. 79. 79. 79. 79. 79. 79. 79. 79. 79. 79. 79. 79. 79. 79. 79. 79. 79. 79. 79. 79. 79. 79. 79. 79. 79. 79. 79. 79. 79. 79. 79. 79. 79. 79. 79. 79. 79. 79. 79. 79. 79. 79. 79. 79. 79. 79. 79. 79. 79. 79. 79. 79. 79. 79. 79. 79. 79. 79. 79. 79. 79. 79. 79. 79. 79. 79. 79. 79. 79. 79. 79. 79. 79. 79. 79. 79. 79. 79. 79. 79. 79. 79. 79. 79. 79. 79. 79. 79. 79. 79. 79. 79. 79. 79. 79. 79. 79. 79. 79. 79. 79. 79. 79. 78. 78. 78. 78. 78. 78. 78. 78. 78. 79. 79. 79.
   67  80. 80. 80. 80. 80. 80. 80. 80. 80. 80. 80. 80. 80. 79. 79. 79. 79. 79. 79. 79. 79. 79. 79. 79. 79. 79. 79. 79. 79. 79. 79. 79. 79. 79. 79. 79. 79. 79. 79. 79. 79. 79. 79. 79. 79. 79. 79. 79. 79. 79. 79. 79. 79. 79. 79. 79. 79. 79. 79. 79. 79. 79. 79. 79. 79. 79. 79. 79. 79. 79. 79. 79. 79. 79. 79. 79. 79. 79. 79. 79. 79. 79. 79. 79. 79. 79. 79. 79. 79. 79. 79. 79. 79. 79. 79. 79. 79. 79. 79. 79. 79. 79. 79. 79. 79. 79. 79. 79. 79. 79. 79. 79. 79. 79. 79. 79. 79. 79. 79. 79. 79. 79. 79. 79. 79. 79. 79. 79. 79. 79. 79. 79. 79. 79. 79. 79. 79. 79. 78. 78. 78. 78. 78. 78. 78. 78. 78. 78. 79. 79. 79.
   66  80. 80. 80. 80. 80. 80. 80. 80. 80. 80. 80. 80. 80. 79. 79. 79. 79. 79. 79. 79. 79. 79. 79. 79. 79. 79. 79. 79. 79. 79. 79. 79. 79. 79. 79. 79. 79. 79. 79. 79. 79. 79. 79. 79. 79. 79. 79. 79. 79. 79. 79. 79. 79. 79. 79. 79. 79. 79. 79. 79. 79. 79. 79. 79. 79. 79. 79. 79. 79. 79. 79. 79. 79. 79. 79. 79. 79. 79. 79. 79. 79. 79. 79. 79. 79. 79. 79. 79. 79. 79. 79. 79. 79. 79. 79. 79. 79. 79. 79. 79. 79. 79. 79. 79. 79. 79. 79. 79. 79. 79. 79. 79. 79. 79. 79. 79. 79. 79. 79. 79. 79. 79. 79. 79. 79. 79. 79. 79. 79. 79. 79. 79. 79. 79. 79. 79. 79. 79. 78. 78. 78. 78. 78. 78. 78. 78. 78. 78. 79. 79. 79.
   65  80. 80. 80. 80. 80. 80. 80. 80. 80. 80. 80. 80. 80. 79. 79. 79. 79. 79. 79. 79. 79. 79. 79. 79. 79. 79. 79. 79. 79. 79. 79. 79. 79. 79. 79. 79. 79. 79. 79. 79. 79. 79. 79. 79. 79. 79. 79. 79. 79. 79. 79. 79. 79. 79. 79. 79. 79. 79. 79. 79. 79. 79. 79. 79. 79. 79. 79. 79. 79. 79. 79. 79. 79. 79. 79. 79. 79. 79. 79. 79. 79. 79. 79. 79. 79. 79. 79. 79. 79. 79. 79. 79. 79. 79. 79. 79. 79. 79. 79. 79. 79. 79. 79. 79. 79. 79. 79. 79. 79. 79. 79. 79. 79. 79. 79. 79. 79. 79. 79. 79. 79. 79. 79. 79. 79. 79. 79. 79. 79. 79. 79. 79. 79. 79. 79. 79. 79. 79. 78. 78. 78. 78. 78. 78. 78. 78. 78. 78. 79. 79. 79.
   64  80. 80. 80. 80. 80. 80. 80. 80. 80. 80. 80. 80. 79. 79. 79. 79. 79. 79. 79. 79. 79. 79. 79. 79. 79. 79. 79. 79. 79. 79. 79. 79. 79. 79. 79. 79. 79. 79. 79. 79. 79. 79. 79. 79. 79. 79. 79. 79. 79. 79. 79. 79. 79. 79. 79. 79. 79. 79. 79. 79. 79. 79. 79. 79. 79. 79. 79. 79. 79. 79. 79. 79. 79. 79. 79. 79. 79. 79. 79. 79. 79. 79. 79. 79. 79. 79. 79. 79. 79. 79. 79. 79. 79. 79. 79. 79. 79. 79. 79. 79. 79. 79. 79. 79. 79. 79. 79. 79. 79. 79. 79. 79. 79. 79. 79. 79. 79. 79. 79. 79. 79. 79. 79. 79. 79. 79. 79. 79. 79. 79. 79. 79. 79. 79. 79. 79. 79. 79. 78. 78. 78. 78. 78. 78. 78. 78. 78. 78. 78. 79. 79.
   63  80. 80. 80. 80. 80. 80. 80. 80. 80. 80. 80. 80. 79. 79. 79. 79. 79. 79. 79. 79. 79. 79. 79. 79. 79. 79. 79. 79. 79. 79. 79. 79. 79. 79. 79. 79. 79. 79. 79. 79. 79. 79. 79. 79. 79. 79. 79. 79. 79. 79. 79. 79. 79. 79. 79. 79. 79. 79. 79. 79. 79. 79. 79. 79. 79. 79. 79. 79. 79. 79. 79. 79. 79. 79. 79. 79. 79. 79. 79. 79. 79. 79. 79. 79. 79. 79. 79. 79. 79. 79. 79. 79. 79. 79. 79. 79. 79. 79. 79. 79. 79. 79. 79. 79. 79. 79. 79. 79. 79. 79. 79. 79. 79. 79. 79. 79. 79. 79. 79. 79. 79. 79. 79. 79. 79. 79. 79. 79. 79. 79. 79. 79. 79. 79. 79. 79. 79. 79. 78. 78. 78. 78. 78. 78. 78. 78. 78. 78. 78. 79. 79.
   62  80. 80. 80. 80. 80. 80. 80. 80. 80. 80. 80. 80. 79. 79. 79. 79. 79. 79. 79. 79. 79. 79. 79. 79. 79. 79. 79. 79. 79. 79. 79. 79. 79. 79. 79. 79. 79. 79. 79. 79. 79. 79. 79. 79. 79. 79. 79. 79. 79. 79. 79. 79. 79. 79. 79. 79. 79. 79. 79. 79. 79. 79. 79. 79. 79. 79. 79. 79. 79. 79. 79. 79. 79. 79. 79. 79. 79. 79. 79. 79. 79. 79. 79. 79. 79. 79. 79. 79. 79. 79. 79. 79. 79. 79. 79. 79. 79. 79. 79. 79. 79. 79. 79. 79. 79. 79. 79. 79. 79. 79. 79. 79. 79. 79. 79. 79. 79. 79. 79. 79. 79. 79. 79. 79. 79. 79. 79. 79. 79. 79. 79. 79. 79. 79. 79. 79. 79. 79. 78. 78. 78. 78. 78. 78. 78. 78. 78. 78. 78. 79. 79.
   61  80. 80. 80. 80. 80. 80. 80. 80. 80. 80. 80. 80. 79. 79. 79. 79. 79. 79. 79. 79. 79. 79. 79. 79. 79. 79. 79. 79. 79. 79. 79. 79. 79. 79. 79. 79. 79. 79. 79. 79. 79. 79. 79. 79. 79. 79. 79. 79. 79. 79. 79. 79. 79. 79. 79. 79. 79. 79. 79. 79. 79. 79. 79. 79. 79. 79. 79. 79. 79. 79. 79. 79. 79. 79. 79. 79. 79. 79. 79. 79. 79. 79. 79. 79. 79. 79. 79. 79. 79. 79. 79. 79. 79. 79. 79. 79. 79. 79. 79. 79. 79. 79. 79. 79. 79. 79. 79. 79. 79. 79. 79. 79. 79. 79. 79. 79. 79. 79. 79. 79. 79. 79. 79. 79. 79. 79. 79. 79. 79. 79. 79. 79. 79. 79. 79. 79. 79. 79. 78. 78. 78. 78. 78. 78. 78. 78. 78. 78. 78. 79. 79.
   60  80. 80. 80. 80. 80. 80. 80. 80. 80. 80. 80. 80. 79. 79. 79. 79. 79. 79. 79. 79. 79. 79. 79. 79. 79. 79. 79. 79. 79. 79. 79. 79. 79. 79. 79. 79. 79. 79. 79. 79. 79. 79. 79. 79. 79. 79. 79. 79. 79. 79. 79. 79. 79. 79. 79. 79. 79. 79. 79. 79. 79. 79. 79. 79. 79. 79. 79. 79. 79. 79. 79. 79. 79. 79. 79. 79. 79. 79. 79. 79. 79. 79. 79. 79. 79. 79. 79. 79. 79. 79. 79. 79. 79. 79. 79. 79. 79. 79. 79. 79. 79. 79. 79. 79. 79. 79. 79. 79. 79. 79. 79. 79. 79. 79. 79. 79. 79. 79. 79. 79. 79. 79. 79. 79. 79. 79. 79. 79. 79. 79. 79. 79. 79. 79. 79. 79. 79. 79. 78. 78. 78. 78. 78. 78. 78. 78. 78. 78. 78. 79. 79.
   59  80. 80. 80. 80. 80. 80. 80. 80. 80. 80. 80. 80. 79. 79. 79. 79. 79. 79. 79. 79. 79. 79. 79. 79. 79. 79. 79. 79. 79. 79. 79. 79. 79. 79. 79. 79. 79. 79. 79. 79. 79. 79. 79. 79. 79. 79. 79. 79. 79. 79. 79. 79. 79. 79. 79. 79. 79. 79. 79. 79. 79. 79. 79. 79. 79. 79. 79. 79. 79. 79. 79. 79. 79. 79. 79. 79. 79. 79. 79. 79. 79. 79. 79. 79. 79. 79. 79. 79. 79. 79. 79. 79. 79. 79. 79. 79. 79. 79. 79. 79. 79. 79. 79. 79. 79. 79. 79. 79. 79. 79. 79. 79. 79. 79. 79. 79. 79. 79. 79. 79. 79. 79. 79. 79. 79. 79. 79. 79. 79. 79. 79. 79. 79. 79. 79. 79. 79. 79. 78. 78. 78. 78. 78. 78. 78. 78. 78. 78. 78. 79. 79.
   58  80. 80. 80. 80. 80. 80. 80. 80. 80. 80. 80. 80. 79. 79. 79. 79. 79. 79. 79. 79. 79. 79. 79. 79. 79. 79. 79. 79. 79. 79. 79. 79. 79. 79. 79. 79. 79. 79. 79. 79. 79. 79. 79. 79. 79. 79. 79. 79. 79. 79. 79. 79. 79. 79. 79. 79. 79. 79. 79. 79. 79. 79. 79. 79. 79. 79. 79. 79. 79. 79. 79. 79. 79. 79. 79. 79. 79. 79. 79. 79. 79. 79. 79. 79. 79. 79. 79. 79. 79. 79. 79. 79. 79. 79. 79. 79. 79. 79. 79. 79. 79. 79. 79. 79. 79. 79. 79. 79. 79. 79. 79. 79. 79. 79. 79. 79. 79. 79. 79. 79. 79. 79. 79. 79. 79. 79. 79. 79. 79. 79. 79. 79. 79. 79. 79. 79. 79. 78. 78. 78. 78. 78. 78. 78. 78. 78. 78. 78. 78. 79. 79.
   57  80. 80. 80. 80. 80. 80. 80. 80. 80. 80. 80. 80. 79. 79. 79. 79. 79. 79. 79. 79. 79. 79. 79. 79. 79. 79. 79. 79. 79. 79. 79. 79. 79. 79. 79. 79. 79. 79. 79. 79. 79. 79. 79. 79. 79. 79. 79. 79. 79. 79. 79. 79. 79. 79. 79. 79. 79. 79. 79. 79. 79. 79. 79. 79. 79. 79. 79. 79. 79. 79. 79. 79. 79. 79. 79. 79. 79. 79. 79. 79. 79. 79. 79. 79. 79. 79. 79. 79. 79. 79. 79. 79. 79. 79. 79. 79. 79. 79. 79. 79. 79. 79. 79. 79. 79. 79. 79. 79. 79. 79. 79. 79. 79. 79. 79. 79. 79. 79. 79. 79. 79. 79. 79. 79. 79. 79. 79. 79. 79. 79. 79. 79. 79. 79. 79. 79. 79. 78. 78. 78. 78. 78. 78. 78. 78. 78. 78. 78. 78. 79. 79.
   56  80. 80. 80. 80. 80. 80. 80. 80. 80. 80. 80. 80. 79. 79. 79. 79. 79. 79. 79. 79. 79. 79. 79. 79. 79. 79. 79. 79. 79. 79. 79. 79. 79. 79. 79. 79. 79. 79. 79. 79. 79. 79. 79. 79. 79. 79. 79. 79. 79. 79. 79. 79. 79. 79. 79. 79. 79. 79. 79. 79. 79. 79. 79. 79. 79. 79. 79. 79. 79. 79. 79. 79. 79. 79. 79. 79. 79. 79. 79. 79. 79. 79. 79. 79. 79. 79. 79. 79. 79. 79. 79. 79. 79. 79. 79. 79. 79. 79. 79. 79. 79. 79. 79. 79. 79. 79. 79. 79. 79. 79. 79. 79. 79. 79. 79. 79. 79. 79. 79. 79. 79. 79. 79. 79. 79. 79. 79. 79. 79. 79. 79. 79. 79. 79. 79. 79. 79. 78. 78. 78. 78. 78. 78. 78. 78. 78. 78. 78. 78. 79. 79.
   55  80. 80. 80. 80. 80. 80. 80. 80. 80. 80. 80. 80. 79. 79. 79. 79. 79. 79. 79. 79. 79. 79. 79. 79. 79. 79. 79. 79. 79. 79. 79. 79. 79. 79. 79. 79. 79. 79. 79. 79. 79. 79. 79. 79. 79. 79. 79. 79. 79. 79. 79. 79. 79. 79. 79. 79. 79. 79. 79. 79. 79. 79. 79. 79. 79. 79. 79. 79. 79. 79. 79. 79. 79. 79. 79. 79. 79. 79. 79. 79. 79. 79. 79. 79. 79. 79. 79. 79. 79. 79. 79. 79. 79. 79. 79. 79. 79. 79. 79. 79. 79. 79. 79. 79. 79. 79. 79. 79. 79. 79. 79. 79. 79. 79. 79. 79. 79. 79. 79. 79. 79. 79. 79. 79. 79. 79. 79. 79. 79. 79. 79. 79. 79. 79. 79. 79. 79. 78. 78. 78. 78. 78. 78. 78. 78. 78. 78. 78. 78. 79. 79.
   54  80. 80. 80. 80. 80. 80. 80. 80. 80. 80. 80. 80. 79. 79. 79. 79. 79. 79. 79. 79. 79. 79. 79. 79. 79. 79. 79. 79. 79. 79. 79. 79. 79. 79. 79. 79. 79. 79. 79. 79. 79. 79. 79. 79. 79. 79. 79. 79. 79. 79. 79. 79. 79. 79. 79. 79. 79. 79. 79. 79. 79. 79. 79. 79. 79. 79. 79. 79. 79. 79. 79. 79. 79. 79. 79. 79. 79. 79. 79. 79. 79. 79. 79. 79. 79. 79. 79. 79. 79. 79. 79. 79. 79. 79. 79. 79. 79. 79. 79. 79. 79. 79. 79. 79. 79. 79. 79. 79. 79. 79. 79. 79. 79. 79. 79. 79. 79. 79. 79. 79. 79. 79. 79. 79. 79. 79. 79. 79. 79. 79. 79. 79. 79. 79. 79. 79. 79. 78. 78. 78. 78. 78. 78. 78. 78. 78. 78. 78. 78. 78. 79.
   53  80. 80. 80. 80. 80. 80. 80. 80. 80. 80. 80. 80. 79. 79. 79. 79. 79. 79. 79. 79. 79. 79. 79. 79. 79. 79. 79. 79. 79. 79. 79. 79. 79. 79. 79. 79. 79. 79. 79. 79. 79. 79. 79. 79. 79. 79. 79. 79. 79. 79. 79. 79. 79. 79. 79. 79. 79. 79. 79. 79. 79. 79. 79. 79. 79. 79. 79. 79. 79. 79. 79. 79. 79. 79. 79. 79. 79. 79. 79. 79. 79. 79. 79. 79. 79. 79. 79. 79. 79. 79. 79. 79. 79. 79. 79. 79. 79. 79. 79. 79. 79. 79. 79. 79. 79. 79. 79. 79. 79. 79. 79. 79. 79. 79. 79. 79. 79. 79. 79. 79. 79. 79. 79. 79. 79. 79. 79. 79. 79. 79. 79. 79. 79. 79. 79. 79. 79. 78. 78. 78. 78. 78. 78. 78. 78. 78. 78. 78. 78. 78. 79.
   52  80. 80. 80. 80. 80. 80. 80. 80. 80. 80. 80. 80. 79. 79. 79. 79. 79. 79. 79. 79. 79. 79. 79. 79. 79. 79. 79. 79. 79. 79. 79. 79. 79. 79. 79. 79. 79. 79. 79. 79. 79. 79. 79. 79. 79. 79. 79. 79. 79. 79. 79. 79. 79. 79. 79. 79. 79. 79. 79. 79. 79. 79. 79. 79. 79. 79. 79. 79. 79. 79. 79. 79. 79. 79. 79. 79. 79. 79. 79. 79. 79. 79. 79. 79. 79. 79. 79. 79. 79. 79. 79. 79. 79. 79. 79. 79. 79. 79. 79. 79. 79. 79. 79. 79. 79. 79. 79. 79. 79. 79. 79. 79. 79. 79. 79. 79. 79. 79. 79. 79. 79. 79. 79. 79. 79. 79. 79. 79. 79. 79. 79. 79. 79. 79. 79. 79. 79. 78. 78. 78. 78. 78. 78. 78. 78. 78. 78. 78. 78. 78. 79.
   51  80. 80. 80. 80. 80. 80. 80. 80. 80. 80. 80. 80. 79. 79. 79. 79. 79. 79. 79. 79. 79. 79. 79. 79. 79. 79. 79. 79. 79. 79. 79. 79. 79. 79. 79. 79. 79. 79. 79. 79. 79. 79. 79. 79. 79. 79. 79. 79. 79. 79. 79. 79. 79. 79. 79. 79. 79. 79. 79. 79. 79. 79. 79. 79. 79. 79. 79. 79. 79. 79. 79. 79. 79. 79. 79. 79. 79. 79. 79. 79. 79. 79. 79. 79. 79. 79. 79. 79. 79. 79. 79. 79. 79. 79. 79. 79. 79. 79. 79. 79. 79. 79. 79. 79. 79. 79. 79. 79. 79. 79. 79. 79. 79. 79. 79. 79. 79. 79. 79. 79. 79. 79. 79. 79. 79. 79. 79. 79. 79. 79. 79. 79. 79. 79. 79. 79. 79. 78. 78. 78. 78. 78. 78. 78. 78. 78. 78. 78. 78. 78. 79.
   50  80. 80. 80. 80. 80. 80. 80. 80. 80. 80. 80. 80. 79. 79. 79. 79. 79. 79. 79. 79. 79. 79. 79. 79. 79. 79. 79. 79. 79. 79. 79. 79. 79. 79. 79. 79. 79. 79. 79. 79. 79. 79. 79. 79. 79. 79. 79. 79. 79. 79. 79. 79. 79. 79. 79. 79. 79. 79. 79. 79. 79. 79. 79. 79. 79. 79. 79. 79. 79. 79. 79. 79. 79. 79. 79. 79. 79. 79. 79. 79. 79. 79. 79. 79. 79. 79. 79. 79. 79. 79. 79. 79. 79. 79. 79. 79. 79. 79. 79. 79. 79. 79. 79. 79. 79. 79. 79. 79. 79. 79. 79. 79. 79. 79. 79. 79. 79. 79. 79. 79. 79. 79. 79. 79. 79. 79. 79. 79. 79. 79. 79. 79. 79. 79. 79. 79. 79. 78. 78. 78. 78. 78. 78. 78. 78. 78. 78. 78. 78. 78. 79.
   49  80. 80. 80. 80. 80. 80. 80. 80. 80. 80. 80. 80. 79. 79. 79. 79. 79. 79. 79. 79. 79. 79. 79. 79. 79. 79. 79. 79. 79. 79. 79. 79. 79. 79. 79. 79. 79. 79. 79. 79. 79. 79. 79. 79. 79. 79. 79. 79. 79. 79. 79. 79. 79. 79. 79. 79. 79. 79. 79. 79. 79. 79. 79. 79. 79. 79. 79. 79. 79. 79. 79. 79. 79. 79. 79. 79. 79. 79. 79. 79. 79. 79. 79. 79. 79. 79. 79. 79. 79. 79. 79. 79. 79. 79. 79. 79. 79. 79. 79. 79. 79. 79. 79. 79. 79. 79. 79. 79. 79. 79. 79. 79. 79. 79. 79. 79. 79. 78. 78. 79. 79. 79. 79. 79. 79. 79. 79. 79. 79. 79. 79. 79. 79. 79. 79. 79. 79. 78. 78. 78. 78. 78. 78. 78. 78. 78. 78. 78. 78. 78. 79.
   48  80. 80. 80. 80. 80. 80. 80. 80. 80. 80. 80. 80. 79. 79. 79. 79. 79. 79. 79. 79. 79. 79. 79. 79. 79. 79. 79. 79. 79. 79. 79. 79. 79. 79. 79. 79. 79. 79. 79. 79. 79. 79. 79. 79. 79. 79. 79. 79. 79. 79. 79. 79. 79. 79. 79. 79. 79. 79. 79. 79. 79. 79. 79. 79. 79. 79. 79. 79. 79. 79. 79. 79. 79. 79. 79. 79. 79. 79. 79. 79. 79. 79. 79. 79. 79. 79. 79. 79. 79. 79. 79. 79. 79. 79. 79. 79. 79. 79. 79. 79. 79. 79. 79. 79. 79. 79. 79. 79. 79. 79. 79. 79. 79. 79. 79. 79. 78. 78. 78. 79. 79. 79. 79. 79. 79. 79. 79. 79. 79. 79. 79. 79. 79. 79. 79. 79. 79. 78. 78. 78. 78. 78. 78. 78. 78. 78. 78. 78. 78. 78. 79.
   47  80. 80. 80. 80. 80. 80. 80. 80. 80. 80. 80. 79. 79. 79. 79. 79. 79. 79. 79. 79. 79. 79. 79. 79. 79. 79. 79. 79. 79. 79. 79. 79. 79. 79. 79. 79. 79. 79. 79. 79. 79. 79. 79. 79. 79. 79. 79. 79. 79. 79. 79. 79. 79. 79. 79. 79. 79. 79. 79. 79. 79. 79. 79. 79. 79. 79. 79. 79. 79. 79. 79. 79. 79. 79. 79. 79. 79. 79. 79. 79. 79. 79. 79. 79. 79. 79. 79. 79. 79. 79. 79. 79. 79. 79. 79. 79. 79. 79. 79. 79. 79. 79. 79. 79. 79. 79. 79. 79. 79. 79. 79. 79. 79. 79. 79. 79. 78. 78. 78. 79. 79. 79. 79. 79. 79. 79. 79. 79. 79. 79. 79. 79. 79. 79. 79. 79. 78. 78. 78. 78. 78. 78. 78. 78. 78. 78. 78. 78. 78. 78. 79.
   46  80. 80. 80. 80. 80. 80. 80. 80. 80. 80. 80. 79. 79. 79. 79. 79. 79. 79. 79. 79. 79. 79. 79. 79. 79. 79. 79. 79. 79. 79. 79. 79. 79. 79. 79. 79. 79. 79. 79. 79. 79. 79. 79. 79. 79. 79. 79. 79. 79. 79. 79. 79. 79. 79. 79. 79. 79. 79. 79. 79. 79. 79. 79. 79. 79. 79. 79. 79. 79. 79. 79. 79. 79. 79. 79. 79. 79. 79. 79. 79. 79. 79. 79. 79. 79. 79. 79. 79. 79. 79. 79. 79. 79. 79. 79. 79. 79. 79. 79. 79. 79. 79. 79. 79. 79. 79. 79. 79. 79. 79. 79. 79. 79. 79. 79. 78. 78. 78. 78. 78. 79. 79. 79. 79. 79. 79. 79. 79. 79. 79. 79. 79. 79. 79. 79. 79. 78. 78. 78. 78. 78. 78. 78. 78. 78. 78. 78. 78. 78. 78. 79.
   45  80. 80. 80. 80. 80. 80. 80. 80. 80. 80. 80. 79. 79. 79. 79. 79. 79. 79. 79. 79. 79. 79. 79. 79. 79. 79. 79. 79. 79. 79. 79. 79. 79. 79. 79. 79. 79. 79. 79. 79. 79. 79. 79. 79. 79. 79. 79. 79. 79. 79. 79. 79. 79. 79. 79. 79. 79. 79. 79. 79. 79. 79. 79. 79. 79. 79. 79. 79. 79. 79. 79. 79. 79. 79. 79. 79. 79. 79. 79. 79. 79. 79. 79. 79. 79. 79. 79. 79. 79. 79. 79. 79. 79. 79. 79. 79. 79. 79. 79. 79. 79. 79. 79. 79. 79. 79. 79. 79. 79. 79. 79. 79. 79. 79. 79. 78. 78. 78. 78. 78. 79. 79. 79. 79. 79. 79. 79. 79. 79. 79. 79. 79. 79. 79. 79. 79. 78. 78. 78. 78. 78. 78. 78. 78. 78. 78. 78. 78. 78. 78. 79.
   44  80. 80. 80. 80. 80. 80. 80. 80. 80. 80. 80. 79. 79. 79. 79. 79. 79. 79. 79. 79. 79. 79. 79. 79. 79. 79. 79. 79. 79. 79. 79. 79. 79. 79. 79. 79. 79. 79. 79. 79. 79. 79. 79. 79. 79. 79. 79. 79. 79. 79. 79. 79. 79. 79. 79. 79. 79. 79. 79. 79. 79. 79. 79. 79. 79. 79. 79. 79. 79. 79. 79. 79. 79. 79. 79. 79. 79. 79. 79. 79. 79. 79. 79. 79. 79. 79. 79. 79. 79. 79. 79. 79. 79. 79. 79. 79. 79. 79. 79. 79. 79. 79. 79. 79. 79. 79. 79. 79. 79. 79. 79. 79. 79. 79. 79. 78. 78. 78. 78. 78. 79. 79. 79. 79. 79. 79. 79. 79. 79. 79. 79. 79. 79. 79. 79. 79. 78. 78. 78. 78. 78. 78. 78. 78. 78. 78. 78. 78. 78. 78. 79.
   43  80. 80. 80. 80. 80. 80. 80. 80. 80. 80. 80. 79. 79. 79. 79. 79. 79. 79. 79. 79. 79. 79. 79. 79. 79. 79. 79. 79. 79. 79. 79. 79. 79. 79. 79. 79. 79. 79. 79. 79. 79. 79. 79. 79. 79. 79. 79. 79. 79. 79. 79. 79. 79. 79. 79. 79. 79. 79. 79. 79. 79. 79. 79. 79. 79. 79. 79. 79. 79. 79. 79. 79. 79. 79. 79. 79. 79. 79. 79. 79. 79. 79. 79. 79. 79. 79. 79. 79. 79. 79. 79. 79. 79. 79. 79. 79. 79. 79. 79. 79. 79. 79. 79. 79. 79. 79. 79. 79. 79. 79. 79. 79. 79. 79. 78. 78. 78. 78. 78. 78. 79. 79. 79. 79. 79. 79. 79. 79. 79. 79. 79. 79. 79. 79. 79. 79. 78. 78. 78. 78. 78. 78. 78. 78. 78. 78. 78. 78. 78. 78. 79.
   42  80. 80. 80. 80. 80. 80. 80. 80. 80. 80. 80. 79. 79. 79. 79. 79. 79. 79. 79. 79. 79. 79. 79. 79. 79. 79. 79. 79. 79. 79. 79. 79. 79. 79. 79. 79. 79. 79. 79. 79. 79. 79. 79. 79. 79. 79. 79. 79. 79. 79. 79. 79. 79. 79. 79. 79. 79. 79. 79. 79. 79. 79. 79. 79. 79. 79. 79. 79. 79. 79. 79. 79. 79. 79. 79. 79. 79. 79. 79. 79. 79. 79. 79. 79. 79. 79. 79. 79. 79. 79. 79. 79. 79. 79. 79. 79. 79. 79. 79. 79. 79. 79. 79. 79. 79. 79. 79. 79. 79. 79. 79. 79. 79. 79. 78. 78. 78. 78. 78. 78. 79. 79. 79. 79. 79. 79. 79. 79. 79. 79. 79. 79. 79. 79. 79. 79. 78. 78. 78. 78. 78. 78. 78. 78. 78. 78. 78. 78. 78. 78. 79.
   41  80. 80. 80. 80. 80. 80. 80. 80. 80. 80. 80. 79. 79. 79. 79. 79. 79. 79. 79. 79. 79. 79. 79. 79. 79. 79. 79. 79. 79. 79. 79. 79. 79. 79. 79. 79. 79. 79. 79. 79. 79. 79. 79. 79. 79. 79. 79. 79. 79. 79. 79. 79. 79. 79. 79. 79. 79. 79. 79. 79. 79. 79. 79. 79. 79. 79. 79. 79. 79. 79. 79. 79. 79. 79. 79. 79. 79. 79. 79. 79. 79. 79. 79. 79. 79. 79. 79. 79. 79. 79. 79. 79. 79. 79. 79. 79. 79. 79. 79. 79. 79. 79. 79. 79. 79. 79. 79. 79. 79. 79. 79. 79. 79. 79. 78. 78. 78. 78. 78. 78. 78. 79. 79. 79. 79. 79. 79. 79. 79. 79. 79. 79. 79. 79. 79. 79. 78. 78. 78. 78. 78. 78. 78. 78. 78. 78. 78. 78. 78. 78. 79.
   40  80. 80. 80. 80. 80. 80. 80. 80. 80. 80. 80. 79. 79. 79. 79. 79. 79. 79. 79. 79. 79. 79. 79. 79. 79. 79. 79. 79. 79. 79. 79. 79. 79. 79. 79. 79. 79. 79. 79. 79. 79. 79. 79. 79. 79. 79. 79. 79. 79. 79. 79. 79. 79. 79. 79. 79. 79. 79. 79. 79. 79. 79. 79. 79. 79. 79. 79. 79. 79. 79. 79. 79. 79. 79. 79. 79. 79. 79. 79. 79. 79. 79. 79. 79. 79. 79. 79. 79. 79. 79. 79. 79. 79. 79. 79. 79. 79. 79. 79. 79. 79. 79. 79. 79. 79. 79. 79. 79. 79. 79. 79. 79. 79. 78. 78. 78. 78. 78. 78. 78. 78. 79. 79. 79. 79. 79. 79. 79. 79. 79. 79. 79. 79. 79. 79. 79. 78. 78. 78. 78. 78. 78. 78. 78. 78. 78. 78. 78. 78. 78. 79.
   39  80. 80. 80. 80. 80. 80. 80. 80. 80. 80. 80. 79. 79. 79. 79. 79. 79. 79. 79. 79. 79. 79. 79. 79. 79. 79. 79. 79. 79. 79. 79. 79. 79. 79. 79. 79. 79. 79. 79. 79. 79. 79. 79. 79. 79. 79. 79. 79. 79. 79. 79. 79. 79. 79. 79. 79. 79. 79. 79. 79. 79. 79. 79. 79. 79. 79. 79. 79. 79. 79. 79. 79. 79. 79. 79. 79. 79. 79. 79. 79. 79. 79. 79. 79. 79. 79. 79. 79. 79. 79. 79. 79. 79. 79. 79. 79. 79. 79. 79. 79. 79. 79. 79. 79. 79. 79. 79. 79. 79. 79. 79. 79. 79. 78. 78. 78. 78. 78. 78. 78. 78. 79. 79. 79. 79. 79. 79. 79. 79. 79. 79. 79. 79. 79. 79. 79. 78. 78. 78. 78. 78. 78. 78. 78. 78. 78. 78. 78. 78. 78. 79.
   38  80. 80. 80. 80. 80. 80. 80. 80. 80. 80. 80. 79. 79. 79. 79. 79. 79. 79. 79. 79. 79. 79. 79. 79. 79. 79. 79. 79. 79. 79. 79. 79. 79. 79. 79. 79. 79. 79. 79. 79. 79. 79. 79. 79. 79. 79. 79. 79. 79. 79. 79. 79. 79. 79. 79. 79. 79. 79. 79. 79. 79. 79. 79. 79. 79. 79. 79. 79. 79. 79. 79. 79. 79. 79. 79. 79. 79. 79. 79. 79. 79. 79. 79. 79. 79. 79. 79. 79. 79. 79. 79. 79. 79. 79. 79. 79. 79. 79. 79. 79. 79. 79. 79. 79. 79. 79. 79. 79. 79. 79. 79. 79. 79. 78. 78. 78. 78. 78. 78. 78. 78. 79. 79. 79. 79. 79. 79. 79. 79. 79. 79. 79. 79. 79. 79. 79. 78. 78. 78. 78. 78. 78. 78. 78. 78. 78. 78. 78. 78. 78. 79.
   37  80. 80. 80. 80. 80. 80. 80. 80. 80. 80. 80. 79. 79. 79. 79. 79. 79. 79. 79. 79. 79. 79. 79. 79. 79. 79. 79. 79. 79. 79. 79. 79. 79. 79. 79. 79. 79. 79. 79. 79. 79. 79. 79. 79. 79. 79. 79. 79. 79. 79. 79. 79. 79. 79. 79. 79. 79. 79. 79. 79. 79. 79. 79. 79. 79. 79. 79. 79. 79. 79. 79. 79. 79. 79. 79. 79. 79. 79. 79. 79. 79. 79. 79. 79. 79. 79. 79. 79. 79. 79. 79. 79. 79. 79. 79. 79. 79. 79. 79. 79. 79. 79. 79. 79. 79. 79. 79. 79. 79. 79. 79. 79. 79. 78. 78. 78. 78. 78. 78. 78. 78. 79. 79. 79. 79. 79. 79. 79. 79. 79. 79. 79. 79. 79. 79. 79. 78. 78. 78. 78. 78. 78. 78. 78. 78. 78. 78. 78. 78. 78. 79.
   36  80. 80. 80. 80. 80. 80. 80. 80. 80. 80. 80. 79. 79. 79. 79. 79. 79. 79. 79. 79. 79. 79. 79. 79. 79. 79. 79. 79. 79. 79. 79. 79. 79. 79. 79. 79. 79. 79. 79. 79. 79. 79. 79. 79. 79. 79. 79. 79. 79. 79. 79. 79. 79. 79. 79. 79. 79. 79. 79. 79. 79. 79. 79. 79. 79. 79. 79. 79. 79. 79. 79. 79. 79. 79. 79. 79. 79. 79. 79. 79. 79. 79. 79. 79. 79. 79. 79. 79. 79. 79. 79. 79. 79. 79. 79. 79. 79. 79. 79. 79. 79. 79. 79. 79. 79. 79. 79. 79. 79. 79. 79. 79. 78. 78. 78. 78. 78. 78. 78. 78. 78. 79. 79. 79. 79. 79. 79. 79. 79. 79. 79. 79. 79. 79. 79. 78. 78. 78. 78. 78. 78. 78. 78. 78. 78. 78. 78. 78. 78. 78. 79.
   35  80. 80. 80. 80. 80. 80. 80. 80. 80. 80. 80. 79. 79. 79. 79. 79. 79. 79. 79. 79. 79. 79. 79. 79. 79. 79. 79. 79. 79. 79. 79. 79. 79. 79. 79. 79. 79. 79. 79. 79. 79. 79. 79. 79. 79. 79. 79. 79. 79. 79. 79. 79. 79. 79. 79. 79. 79. 79. 79. 79. 79. 79. 79. 79. 79. 79. 79. 79. 79. 79. 79. 79. 79. 79. 79. 79. 79. 79. 79. 79. 79. 79. 79. 79. 79. 79. 79. 79. 79. 79. 79. 79. 79. 79. 79. 79. 79. 79. 79. 79. 79. 79. 79. 79. 79. 79. 79. 79. 79. 79. 79. 79. 78. 78. 78. 78. 78. 78. 78. 78. 78. 79. 79. 79. 79. 79. 79. 79. 79. 79. 79. 79. 79. 79. 79. 78. 78. 78. 78. 78. 78. 78. 78. 78. 78. 78. 78. 78. 78. 78. 79.
   34  80. 80. 80. 80. 80. 80. 80. 80. 80. 80. 80. 79. 79. 79. 79. 79. 79. 79. 79. 79. 79. 79. 79. 79. 79. 79. 79. 79. 79. 79. 79. 79. 79. 79. 79. 79. 79. 79. 79. 79. 79. 79. 79. 79. 79. 79. 79. 79. 79. 79. 79. 79. 79. 79. 79. 79. 79. 79. 79. 79. 79. 79. 79. 79. 79. 79. 79. 79. 79. 79. 79. 79. 79. 79. 79. 79. 79. 79. 79. 79. 79. 79. 79. 79. 79. 79. 79. 79. 79. 79. 79. 79. 79. 79. 79. 79. 79. 79. 79. 79. 79. 79. 79. 79. 79. 79. 79. 79. 79. 79. 79. 79. 78. 78. 78. 78. 78. 78. 78. 78. 78. 79. 79. 79. 79. 79. 79. 79. 79. 79. 79. 79. 79. 79. 79. 78. 78. 78. 78. 78. 78. 78. 78. 78. 78. 78. 78. 78. 78. 78. 78.
   33  80. 80. 80. 80. 80. 80. 80. 80. 80. 80. 80. 79. 79. 79. 79. 79. 79. 79. 79. 79. 79. 79. 79. 79. 79. 79. 79. 79. 79. 79. 79. 79. 79. 79. 79. 79. 79. 79. 79. 79. 79. 79. 79. 79. 79. 79. 79. 79. 79. 79. 79. 79. 79. 79. 79. 79. 79. 79. 79. 79. 79. 79. 79. 79. 79. 79. 79. 79. 79. 79. 79. 79. 79. 79. 79. 79. 79. 79. 79. 79. 79. 79. 79. 79. 79. 79. 79. 79. 79. 79. 79. 79. 79. 79. 79. 79. 79. 79. 79. 79. 79. 79. 79. 79. 79. 79. 79. 79. 79. 79. 79. 79. 78. 78. 78. 78. 78. 78. 78. 78. 78. 79. 79. 79. 79. 79. 79. 79. 79. 79. 79. 79. 79. 79. 79. 78. 78. 78. 78. 78. 78. 78. 78. 78. 78. 78. 78. 78. 78. 78. 78.
   32  80. 80. 80. 80. 80. 80. 80. 80. 80. 80. 80. 79. 79. 79. 79. 79. 79. 79. 79. 79. 79. 79. 79. 79. 79. 79. 79. 79. 79. 79. 79. 79. 79. 79. 79. 79. 79. 79. 79. 79. 79. 79. 79. 79. 79. 79. 79. 79. 79. 79. 79. 79. 79. 79. 79. 79. 79. 79. 79. 79. 79. 79. 79. 79. 79. 79. 79. 79. 79. 79. 79. 79. 79. 79. 79. 79. 79. 79. 79. 79. 79. 79. 79. 79. 79. 79. 79. 79. 79. 79. 79. 79. 79. 79. 79. 79. 79. 79. 79. 79. 79. 79. 79. 79. 79. 79. 79. 79. 79. 79. 79. 78. 78. 78. 78. 78. 78. 78. 78. 78. 78. 79. 79. 79. 79. 79. 79. 79. 79. 79. 79. 79. 79. 79. 79. 78. 78. 78. 78. 78. 78. 78. 78. 78. 78. 78. 78. 78. 78. 78. 78.
   31  80. 80. 80. 80. 80. 80. 80. 80. 80. 80. 80. 79. 79. 79. 79. 79. 79. 79. 79. 79. 79. 79. 79. 79. 79. 79. 79. 79. 79. 79. 79. 79. 79. 79. 79. 79. 79. 79. 79. 79. 79. 79. 79. 79. 79. 79. 79. 79. 79. 79. 79. 79. 79. 79. 79. 79. 79. 79. 79. 79. 79. 79. 79. 79. 79. 79. 79. 79. 79. 79. 79. 79. 79. 79. 79. 79. 79. 79. 79. 79. 79. 79. 79. 79. 79. 79. 79. 79. 79. 79. 79. 79. 79. 79. 79. 79. 79. 79. 79. 79. 79. 79. 79. 79. 79. 79. 79. 79. 79. 79. 79. 78. 78. 78. 78. 78. 78. 78. 78. 78. 78. 79. 79. 79. 79. 79. 79. 79. 79. 79. 79. 79. 79. 79. 79. 78. 78. 78. 78. 78. 78. 78. 78. 78. 78. 78. 78. 78. 78. 78. 78.
   30  80. 80. 80. 80. 80. 80. 80. 80. 80. 80. 80. 79. 79. 79. 79. 79. 79. 79. 79. 79. 79. 79. 79. 79. 79. 79. 79. 79. 79. 79. 79. 79. 79. 79. 79. 79. 79. 79. 79. 79. 79. 79. 79. 79. 79. 79. 79. 79. 79. 79. 79. 79. 79. 79. 79. 79. 79. 79. 79. 79. 79. 79. 79. 79. 79. 79. 79. 79. 79. 79. 79. 79. 79. 79. 79. 79. 79. 79. 79. 79. 79. 79. 79. 79. 79. 79. 79. 79. 79. 79. 79. 79. 79. 79. 79. 79. 79. 79. 79. 79. 79. 79. 79. 79. 79. 79. 79. 79. 79. 79. 79. 78. 78. 78. 78. 78. 78. 78. 78. 78. 78. 79. 79. 79. 79. 79. 79. 79. 79. 79. 79. 79. 79. 79. 79. 78. 78. 78. 78. 78. 78. 78. 78. 78. 78. 78. 78. 78. 78. 78. 78.
   29  80. 80. 80. 80. 80. 80. 80. 80. 80. 80. 80. 79. 79. 79. 79. 79. 79. 79. 79. 79. 79. 79. 79. 79. 79. 79. 79. 79. 79. 79. 79. 79. 79. 79. 79. 79. 79. 79. 79. 79. 79. 79. 79. 79. 79. 79. 79. 79. 79. 79. 79. 79. 79. 79. 79. 79. 79. 79. 79. 79. 79. 79. 79. 79. 79. 79. 79. 79. 79. 79. 79. 79. 79. 79. 79. 79. 79. 79. 79. 79. 79. 79. 79. 79. 79. 79. 79. 79. 79. 79. 79. 79. 79. 79. 79. 79. 79. 79. 79. 79. 79. 79. 79. 79. 79. 79. 79. 79. 79. 79. 79. 78. 78. 78. 78. 78. 78. 78. 78. 78. 78. 79. 79. 79. 79. 79. 79. 79. 79. 79. 79. 79. 79. 79. 79. 78. 78. 78. 78. 78. 78. 78. 78. 78. 78. 78. 78. 78. 78. 78. 78.
   28  80. 80. 80. 80. 80. 80. 80. 80. 80. 80. 80. 79. 79. 79. 79. 79. 79. 79. 79. 79. 79. 79. 79. 79. 79. 79. 79. 79. 79. 79. 79. 79. 79. 79. 79. 79. 79. 79. 79. 79. 79. 79. 79. 79. 79. 79. 79. 79. 79. 79. 79. 79. 79. 79. 79. 79. 79. 79. 79. 79. 79. 79. 79. 79. 79. 79. 79. 79. 79. 79. 79. 79. 79. 79. 79. 79. 79. 79. 79. 79. 79. 79. 79. 79. 79. 79. 79. 79. 79. 79. 79. 79. 79. 79. 79. 79. 79. 79. 79. 79. 79. 79. 79. 79. 79. 79. 79. 79. 79. 79. 78. 78. 78. 78. 78. 78. 78. 78. 78. 78. 78. 78. 79. 79. 79. 79. 79. 79. 79. 79. 79. 79. 79. 79. 79. 78. 78. 78. 78. 78. 78. 78. 78. 78. 78. 78. 78. 78. 78. 78. 78.
   27  80. 80. 80. 80. 80. 80. 80. 80. 80. 80. 79. 79. 79. 79. 79. 79. 79. 79. 79. 79. 79. 79. 79. 79. 79. 79. 79. 79. 79. 79. 79. 79. 79. 79. 79. 79. 79. 79. 79. 79. 79. 79. 79. 79. 79. 79. 79. 79. 79. 79. 79. 79. 79. 79. 79. 79. 79. 79. 79. 79. 79. 79. 79. 79. 79. 79. 79. 79. 79. 79. 79. 79. 79. 79. 79. 79. 79. 79. 79. 79. 79. 79. 79. 79. 79. 79. 79. 79. 79. 79. 79. 79. 79. 79. 79. 79. 79. 79. 79. 79. 79. 79. 79. 79. 79. 79. 79. 79. 79. 79. 78. 78. 78. 78. 78. 78. 78. 78. 78. 78. 78. 78. 79. 79. 79. 79. 79. 79. 79. 79. 79. 79. 79. 79. 79. 78. 78. 78. 78. 78. 78. 78. 78. 78. 78. 78. 78. 78. 78. 78. 78.
   26  80. 80. 80. 80. 80. 80. 80. 80. 80. 80. 79. 79. 79. 79. 79. 79. 79. 79. 79. 79. 79. 79. 79. 79. 79. 79. 79. 79. 79. 79. 79. 79. 79. 79. 79. 79. 79. 79. 79. 79. 79. 79. 79. 79. 79. 79. 79. 79. 79. 79. 79. 79. 79. 79. 79. 79. 79. 79. 79. 79. 79. 79. 79. 79. 79. 79. 79. 79. 79. 79. 79. 79. 79. 79. 79. 79. 79. 79. 79. 79. 79. 79. 79. 79. 79. 79. 79. 79. 79. 79. 79. 79. 79. 79. 79. 79. 79. 79. 79. 79. 79. 79. 79. 79. 79. 79. 79. 79. 79. 79. 78. 78. 78. 78. 78. 78. 78. 78. 78. 78. 78. 78. 79. 79. 79. 79. 79. 79. 79. 79. 79. 79. 79. 79. 79. 78. 78. 78. 78. 78. 78. 78. 78. 78. 78. 78. 78. 78. 78. 78. 78.
   25  80. 80. 80. 80. 80. 80. 80. 80. 80. 80. 79. 79. 79. 79. 79. 79. 79. 79. 79. 79. 79. 79. 79. 79. 79. 79. 79. 79. 79. 79. 79. 79. 79. 79. 79. 79. 79. 79. 79. 79. 79. 79. 79. 79. 79. 79. 79. 79. 79. 79. 79. 79. 79. 79. 79. 79. 79. 79. 79. 79. 79. 79. 79. 79. 79. 79. 79. 79. 79. 79. 79. 79. 79. 79. 79. 79. 79. 79. 79. 79. 79. 79. 79. 79. 79. 79. 79. 79. 79. 79. 79. 79. 79. 79. 79. 79. 79. 79. 79. 79. 79. 79. 79. 79. 79. 79. 79. 79. 79. 79. 78. 78. 78. 78. 78. 78. 78. 78. 78. 78. 78. 78. 79. 79. 79. 79. 79. 79. 79. 79. 79. 79. 79. 79. 78. 78. 78. 78. 78. 78. 78. 78. 78. 78. 78. 78. 78. 78. 78. 78. 78.
   24  80. 80. 80. 80. 80. 80. 80. 80. 80. 80. 79. 79. 79. 79. 79. 79. 79. 79. 79. 79. 79. 79. 79. 79. 79. 79. 79. 79. 79. 79. 79. 79. 79. 79. 79. 79. 79. 79. 79. 79. 79. 79. 79. 79. 79. 79. 79. 79. 79. 79. 79. 79. 79. 79. 79. 79. 79. 79. 79. 79. 79. 79. 79. 79. 79. 79. 79. 79. 79. 79. 79. 79. 79. 79. 79. 79. 79. 79. 79. 79. 79. 79. 79. 79. 79. 79. 79. 79. 79. 79. 79. 79. 79. 79. 79. 79. 79. 79. 79. 79. 79. 79. 79. 79. 79. 79. 79. 79. 79. 78. 78. 78. 78. 78. 78. 78. 78. 78. 78. 78. 78. 78. 79. 79. 79. 79. 79. 79. 79. 79. 79. 79. 79. 79. 78. 78. 78. 78. 78. 78. 78. 78. 78. 78. 78. 78. 78. 78. 78. 78. 78.
   23  80. 80. 80. 80. 80. 80. 80. 80. 80. 80. 79. 79. 79. 79. 79. 79. 79. 79. 79. 79. 79. 79. 79. 79. 79. 79. 79. 79. 79. 79. 79. 79. 79. 79. 79. 79. 79. 79. 79. 79. 79. 79. 79. 79. 79. 79. 79. 79. 79. 79. 79. 79. 79. 79. 79. 79. 79. 79. 79. 79. 79. 79. 79. 79. 79. 79. 79. 79. 79. 79. 79. 79. 79. 79. 79. 79. 79. 79. 79. 79. 79. 79. 79. 79. 79. 79. 79. 79. 79. 79. 79. 79. 79. 79. 79. 79. 79. 79. 79. 79. 79. 79. 79. 79. 79. 79. 79. 79. 79. 78. 78. 78. 78. 78. 78. 78. 78. 78. 78. 78. 78. 78. 79. 79. 79. 79. 79. 79. 79. 79. 79. 79. 79. 79. 78. 78. 78. 78. 78. 78. 78. 78. 78. 78. 78. 78. 78. 78. 78. 78. 78.
   22  80. 80. 80. 80. 80. 80. 80. 80. 80. 80. 79. 79. 79. 79. 79. 79. 79. 79. 79. 79. 79. 79. 79. 79. 79. 79. 79. 79. 79. 79. 79. 79. 79. 79. 79. 79. 79. 79. 79. 79. 79. 79. 79. 79. 79. 79. 79. 79. 79. 79. 79. 79. 79. 79. 79. 79. 79. 79. 79. 79. 79. 79. 79. 79. 79. 79. 79. 79. 79. 79. 79. 79. 79. 79. 79. 79. 79. 79. 79. 79. 79. 79. 79. 79. 79. 79. 79. 79. 79. 79. 79. 79. 79. 79. 79. 79. 79. 79. 79. 79. 79. 79. 79. 79. 79. 79. 79. 79. 79. 78. 78. 78. 78. 78. 78. 78. 78. 78. 78. 78. 78. 78. 79. 79. 79. 79. 79. 79. 79. 79. 79. 79. 79. 79. 78. 78. 78. 78. 78. 78. 78. 78. 78. 78. 78. 78. 78. 78. 78. 78. 78.
   21  80. 80. 80. 80. 80. 80. 80. 80. 80. 80. 79. 79. 79. 79. 79. 79. 79. 79. 79. 79. 79. 79. 79. 79. 79. 79. 79. 79. 79. 79. 79. 79. 79. 79. 79. 79. 79. 79. 79. 79. 79. 79. 79. 79. 79. 79. 79. 79. 79. 79. 79. 79. 79. 79. 79. 79. 79. 79. 79. 79. 79. 79. 79. 79. 79. 79. 79. 79. 79. 79. 79. 79. 79. 79. 79. 79. 79. 79. 79. 79. 79. 79. 79. 79. 79. 79. 79. 79. 79. 79. 79. 79. 79. 79. 79. 79. 79. 79. 79. 79. 79. 79. 79. 79. 79. 79. 79. 79. 79. 78. 78. 78. 78. 78. 78. 78. 78. 78. 78. 78. 78. 78. 79. 79. 79. 79. 79. 79. 79. 79. 79. 79. 79. 79. 78. 78. 78. 78. 78. 78. 78. 78. 78. 78. 78. 78. 78. 78. 78. 78. 78.
   20  80. 80. 80. 80. 80. 80. 80. 80. 80. 80. 79. 79. 79. 79. 79. 79. 79. 79. 79. 79. 79. 79. 79. 79. 79. 79. 79. 79. 79. 79. 79. 79. 79. 79. 79. 79. 79. 79. 79. 79. 79. 79. 79. 79. 79. 79. 79. 79. 79. 79. 79. 79. 79. 79. 79. 79. 79. 79. 79. 79. 79. 79. 79. 79. 79. 79. 79. 79. 79. 79. 79. 79. 79. 79. 79. 79. 79. 79. 79. 79. 79. 79. 79. 79. 79. 79. 79. 79. 79. 79. 79. 79. 79. 79. 79. 79. 79. 79. 79. 79. 79. 79. 79. 79. 79. 79. 79. 79. 78. 78. 78. 78. 78. 78. 78. 78. 78. 78. 78. 78. 78. 78. 79. 79. 79. 79. 79. 79. 79. 79. 79. 79. 79. 79. 78. 78. 78. 78. 78. 78. 78. 78. 78. 78. 78. 78. 78. 78. 78. 78. 78.
   19  80. 80. 80. 80. 80. 80. 80. 80. 80. 80. 79. 79. 79. 79. 79. 79. 79. 79. 79. 79. 79. 79. 79. 79. 79. 79. 79. 79. 79. 79. 79. 79. 79. 79. 79. 79. 79. 79. 79. 79. 79. 79. 79. 79. 79. 79. 79. 79. 79. 79. 79. 79. 79. 79. 79. 79. 79. 79. 79. 79. 79. 79. 79. 79. 79. 79. 79. 79. 79. 79. 79. 79. 79. 79. 79. 79. 79. 79. 79. 79. 79. 79. 79. 79. 79. 79. 79. 79. 79. 79. 79. 79. 79. 79. 79. 79. 79. 79. 79. 79. 79. 79. 79. 79. 79. 79. 79. 79. 78. 78. 78. 78. 78. 78. 78. 78. 78. 78. 78. 78. 78. 78. 79. 79. 79. 79. 79. 79. 79. 79. 79. 79. 79. 79. 78. 78. 78. 78. 78. 78. 78. 78. 78. 78. 78. 78. 78. 78. 78. 78. 78.
   18  80. 80. 80. 80. 80. 80. 80. 80. 80. 80. 79. 79. 79. 79. 79. 79. 79. 79. 79. 79. 79. 79. 79. 79. 79. 79. 79. 79. 79. 79. 79. 79. 79. 79. 79. 79. 79. 79. 79. 79. 79. 79. 79. 79. 79. 79. 79. 79. 79. 79. 79. 79. 79. 79. 79. 79. 79. 79. 79. 79. 79. 79. 79. 79. 79. 79. 79. 79. 79. 79. 79. 79. 79. 79. 79. 79. 79. 79. 79. 79. 79. 79. 79. 79. 79. 79. 79. 79. 79. 79. 79. 79. 79. 79. 79. 79. 79. 79. 79. 79. 79. 79. 79. 79. 79. 79. 79. 79. 78. 78. 78. 78. 78. 78. 78. 78. 78. 78. 78. 78. 78. 78. 79. 79. 79. 79. 79. 79. 79. 79. 79. 79. 79. 79. 78. 78. 78. 78. 78. 78. 78. 78. 78. 78. 78. 78. 78. 78. 78. 78. 78.
   17  80. 80. 80. 80. 80. 80. 80. 80. 80. 80. 79. 79. 79. 79. 79. 79. 79. 79. 79. 79. 79. 79. 79. 79. 79. 79. 79. 79. 79. 79. 79. 79. 79. 79. 79. 79. 79. 79. 79. 79. 79. 79. 79. 79. 79. 79. 79. 79. 79. 79. 79. 79. 79. 79. 79. 79. 79. 79. 79. 79. 79. 79. 79. 79. 79. 79. 79. 79. 79. 79. 79. 79. 79. 79. 79. 79. 79. 79. 79. 79. 79. 79. 79. 79. 79. 79. 79. 79. 79. 79. 79. 79. 79. 79. 79. 79. 79. 79. 79. 79. 79. 79. 79. 79. 79. 79. 79. 79. 78. 78. 78. 78. 78. 78. 78. 78. 78. 78. 78. 78. 78. 78. 79. 79. 79. 79. 79. 79. 79. 79. 79. 79. 79. 79. 78. 78. 78. 78. 78. 78. 78. 78. 78. 78. 78. 78. 78. 78. 78. 78. 78.
   16  80. 80. 80. 80. 80. 80. 80. 80. 80. 80. 79. 79. 79. 79. 79. 79. 79. 79. 79. 79. 79. 79. 79. 79. 79. 79. 79. 79. 79. 79. 79. 79. 79. 79. 79. 79. 79. 79. 79. 79. 79. 79. 79. 79. 79. 79. 79. 79. 79. 79. 79. 79. 79. 79. 79. 79. 79. 79. 79. 79. 79. 79. 79. 79. 79. 79. 79. 79. 79. 79. 79. 79. 79. 79. 79. 79. 79. 79. 79. 79. 79. 79. 79. 79. 79. 79. 79. 79. 79. 79. 79. 79. 79. 79. 79. 79. 79. 79. 79. 79. 79. 79. 79. 79. 79. 79. 79. 79. 78. 78. 78. 78. 78. 78. 78. 78. 78. 78. 78. 78. 78. 78. 79. 79. 79. 79. 79. 79. 79. 79. 79. 79. 79. 79. 78. 78. 78. 78. 78. 78. 78. 78. 78. 78. 78. 78. 78. 78. 78. 78. 78.
   15  80. 80. 80. 80. 80. 80. 80. 80. 80. 80. 79. 79. 79. 79. 79. 79. 79. 79. 79. 79. 79. 79. 79. 79. 79. 79. 79. 79. 79. 79. 79. 79. 79. 79. 79. 79. 79. 79. 79. 79. 79. 79. 79. 79. 79. 79. 79. 79. 79. 79. 79. 79. 79. 79. 79. 79. 79. 79. 79. 79. 79. 79. 79. 79. 79. 79. 79. 79. 79. 79. 79. 79. 79. 79. 79. 79. 79. 79. 79. 79. 79. 79. 79. 79. 79. 79. 79. 79. 79. 79. 79. 79. 79. 79. 79. 79. 79. 79. 79. 79. 79. 79. 79. 79. 79. 79. 79. 78. 78. 78. 78. 78. 78. 78. 78. 78. 78. 78. 78. 78. 78. 78. 79. 79. 79. 79. 79. 79. 79. 79. 79. 79. 79. 79. 78. 78. 78. 78. 78. 78. 78. 78. 78. 78. 78. 78. 78. 78. 78. 78. 78.
   14  80. 80. 80. 80. 80. 80. 80. 80. 80. 80. 79. 79. 79. 79. 79. 79. 79. 79. 79. 79. 79. 79. 79. 79. 79. 79. 79. 79. 79. 79. 79. 79. 79. 79. 79. 79. 79. 79. 79. 79. 79. 79. 79. 79. 79. 79. 79. 79. 79. 79. 79. 79. 79. 79. 79. 79. 79. 79. 79. 79. 79. 79. 79. 79. 79. 79. 79. 79. 79. 79. 79. 79. 79. 79. 79. 79. 79. 79. 79. 79. 79. 79. 79. 79. 79. 79. 79. 79. 79. 79. 79. 79. 79. 79. 79. 79. 79. 79. 79. 79. 79. 79. 79. 79. 79. 79. 79. 78. 78. 78. 78. 78. 78. 78. 78. 78. 78. 78. 78. 78. 78. 78. 79. 79. 79. 79. 79. 79. 79. 79. 79. 79. 79. 79. 78. 78. 78. 78. 78. 78. 78. 78. 78. 78. 78. 78. 78. 78. 78. 78. 78.
   13  80. 80. 80. 80. 80. 80. 80. 80. 80. 80. 79. 79. 79. 79. 79. 79. 79. 79. 79. 79. 79. 79. 79. 79. 79. 79. 79. 79. 79. 79. 79. 79. 79. 79. 79. 79. 79. 79. 79. 79. 79. 79. 79. 79. 79. 79. 79. 79. 79. 79. 79. 79. 79. 79. 79. 79. 79. 79. 79. 79. 79. 79. 79. 79. 79. 79. 79. 79. 79. 79. 79. 79. 79. 79. 79. 79. 79. 79. 79. 79. 79. 79. 79. 79. 79. 79. 79. 79. 79. 79. 79. 79. 79. 79. 79. 79. 79. 79. 79. 79. 79. 79. 79. 79. 79. 79. 79. 78. 78. 78. 78. 78. 78. 78. 78. 78. 78. 78. 78. 78. 78. 78. 79. 79. 79. 79. 79. 79. 79. 79. 79. 79. 79. 78. 78. 78. 78. 78. 78. 78. 78. 78. 78. 78. 78. 78. 78. 78. 78. 78. 78.
   12  80. 80. 80. 80. 80. 80. 80. 80. 80. 80. 79. 79. 79. 79. 79. 79. 79. 79. 79. 79. 79. 79. 79. 79. 79. 79. 79. 79. 79. 79. 79. 79. 79. 79. 79. 79. 79. 79. 79. 79. 79. 79. 79. 79. 79. 79. 79. 79. 79. 79. 79. 79. 79. 79. 79. 79. 79. 79. 79. 79. 79. 79. 79. 79. 79. 79. 79. 79. 79. 79. 79. 79. 79. 79. 79. 79. 79. 79. 79. 79. 79. 79. 79. 79. 79. 79. 79. 79. 79. 79. 79. 79. 79. 79. 79. 79. 79. 79. 79. 79. 79. 79. 79. 79. 79. 79. 79. 78. 78. 78. 78. 78. 78. 78. 78. 78. 78. 78. 78. 78. 78. 78. 79. 79. 79. 79. 79. 79. 79. 79. 79. 79. 79. 78. 78. 78. 78. 78. 78. 78. 78. 78. 78. 78. 78. 78. 78. 78. 78. 78. 78.
   11  80. 80. 80. 80. 80. 80. 80. 80. 80. 80. 79. 79. 79. 79. 79. 79. 79. 79. 79. 79. 79. 79. 79. 79. 79. 79. 79. 79. 79. 79. 79. 79. 79. 79. 79. 79. 79. 79. 79. 79. 79. 79. 79. 79. 79. 79. 79. 79. 79. 79. 79. 79. 79. 79. 79. 79. 79. 79. 79. 79. 79. 79. 79. 79. 79. 79. 79. 79. 79. 79. 79. 79. 79. 79. 79. 79. 79. 79. 79. 79. 79. 79. 79. 79. 79. 79. 79. 79. 79. 79. 79. 79. 79. 79. 79. 79. 79. 79. 79. 79. 79. 79. 79. 79. 79. 79. 78. 78. 78. 78. 78. 78. 78. 78. 78. 78. 78. 78. 78. 78. 78. 78. 79. 79. 79. 79. 79. 79. 79. 79. 79. 79. 79. 78. 78. 78. 78. 78. 78. 78. 78. 78. 78. 78. 78. 78. 78. 78. 78. 78. 78.
   10  80. 80. 80. 80. 80. 80. 80. 80. 80. 80. 79. 79. 79. 79. 79. 79. 79. 79. 79. 79. 79. 79. 79. 79. 79. 79. 79. 79. 79. 79. 79. 79. 79. 79. 79. 79. 79. 79. 79. 79. 79. 79. 79. 79. 79. 79. 79. 79. 79. 79. 79. 79. 79. 79. 79. 79. 79. 79. 79. 79. 79. 79. 79. 79. 79. 79. 79. 79. 79. 79. 79. 79. 79. 79. 79. 79. 79. 79. 79. 79. 79. 79. 79. 79. 79. 79. 79. 79. 79. 79. 79. 79. 79. 79. 79. 79. 79. 79. 79. 79. 79. 79. 79. 79. 79. 79. 78. 78. 78. 78. 78. 78. 78. 78. 78. 78. 78. 78. 78. 78. 78. 78. 79. 79. 79. 79. 79. 79. 79. 79. 79. 79. 79. 78. 78. 78. 78. 78. 78. 78. 78. 78. 78. 78. 78. 78. 78. 78. 78. 78. 78.
    9  80. 80. 80. 80. 80. 80. 80. 80. 80. 80. 79. 79. 79. 79. 79. 79. 79. 79. 79. 79. 79. 79. 79. 79. 79. 79. 79. 79. 79. 79. 79. 79. 79. 79. 79. 79. 79. 79. 79. 79. 79. 79. 79. 79. 79. 79. 79. 79. 79. 79. 79. 79. 79. 79. 79. 79. 79. 79. 79. 79. 79. 79. 79. 79. 79. 79. 79. 79. 79. 79. 79. 79. 79. 79. 79. 79. 79. 79. 79. 79. 79. 79. 79. 79. 79. 79. 79. 79. 79. 79. 79. 79. 79. 79. 79. 79. 79. 79. 79. 79. 79. 79. 79. 79. 79. 79. 78. 78. 78. 78. 78. 78. 78. 78. 78. 78. 78. 78. 78. 78. 78. 78. 79. 79. 79. 79. 79. 79. 79. 79. 79. 79. 79. 78. 78. 78. 78. 78. 78. 78. 78. 78. 78. 78. 78. 78. 78. 78. 78. 78. 78.
    8  80. 80. 80. 80. 80. 80. 80. 80. 80. 80. 79. 79. 79. 79. 79. 79. 79. 79. 79. 79. 79. 79. 79. 79. 79. 79. 79. 79. 79. 79. 79. 79. 79. 79. 79. 79. 79. 79. 79. 79. 79. 79. 79. 79. 79. 79. 79. 79. 79. 79. 79. 79. 79. 79. 79. 79. 79. 79. 79. 79. 79. 79. 79. 79. 79. 79. 79. 79. 79. 79. 79. 79. 79. 79. 79. 79. 79. 79. 79. 79. 79. 79. 79. 79. 79. 79. 79. 79. 79. 79. 79. 79. 79. 79. 79. 79. 79. 79. 79. 79. 79. 79. 79. 79. 79. 79. 78. 78. 78. 78. 78. 78. 78. 78. 78. 78. 78. 78. 78. 78. 78. 78. 79. 79. 79. 79. 79. 79. 79. 79. 79. 79. 79. 78. 78. 78. 78. 78. 78. 78. 78. 78. 78. 78. 78. 78. 78. 78. 78. 78. 78.
    7  80. 80. 80. 80. 80. 80. 80. 80. 80. 80. 79. 79. 79. 79. 79. 79. 79. 79. 79. 79. 79. 79. 79. 79. 79. 79. 79. 79. 79. 79. 79. 79. 79. 79. 79. 79. 79. 79. 79. 79. 79. 79. 79. 79. 79. 79. 79. 79. 79. 79. 79. 79. 79. 79. 79. 79. 79. 79. 79. 79. 79. 79. 79. 79. 79. 79. 79. 79. 79. 79. 79. 79. 79. 79. 79. 79. 79. 79. 79. 79. 79. 79. 79. 79. 79. 79. 79. 79. 79. 79. 79. 79. 79. 79. 79. 79. 79. 79. 79. 79. 79. 79. 79. 79. 79. 79. 78. 78. 78. 78. 78. 78. 78. 78. 78. 78. 78. 78. 78. 78. 78. 78. 79. 79. 79. 79. 79. 79. 79. 79. 79. 79. 79. 78. 78. 78. 78. 78. 78. 78. 78. 78. 78. 78. 78. 78. 78. 78. 78. 78. 78.
    6  80. 80. 80. 80. 80. 80. 80. 80. 80. 79. 79. 79. 79. 79. 79. 79. 79. 79. 79. 79. 79. 79. 79. 79. 79. 79. 79. 79. 79. 79. 79. 79. 79. 79. 79. 79. 79. 79. 79. 79. 79. 79. 79. 79. 79. 79. 79. 79. 79. 79. 79. 79. 79. 79. 79. 79. 79. 79. 79. 79. 79. 79. 79. 79. 79. 79. 79. 79. 79. 79. 79. 79. 79. 79. 79. 79. 79. 79. 79. 79. 79. 79. 79. 79. 79. 79. 79. 79. 79. 79. 79. 79. 79. 79. 79. 79. 79. 79. 79. 79. 79. 79. 79. 79. 79. 78. 78. 78. 78. 78. 78. 78. 78. 78. 78. 78. 78. 78. 78. 78. 78. 78. 79. 79. 79. 79. 79. 79. 79. 79. 79. 79. 79. 78. 78. 78. 78. 78. 78. 78. 78. 78. 78. 78. 78. 78. 78. 78. 78. 78. 78.
    5  80. 80. 80. 80. 80. 80. 80. 80. 80. 79. 79. 79. 79. 79. 79. 79. 79. 79. 79. 79. 79. 79. 79. 79. 79. 79. 79. 79. 79. 79. 79. 79. 79. 79. 79. 79. 79. 79. 79. 79. 79. 79. 79. 79. 79. 79. 79. 79. 79. 79. 79. 79. 79. 79. 79. 79. 79. 79. 79. 79. 79. 79. 79. 79. 79. 79. 79. 79. 79. 79. 79. 79. 79. 79. 79. 79. 79. 79. 79. 79. 79. 79. 79. 79. 79. 79. 79. 79. 79. 79. 79. 79. 79. 79. 79. 79. 79. 79. 79. 79. 79. 79. 79. 79. 79. 78. 78. 78. 78. 78. 78. 78. 78. 78. 78. 78. 78. 78. 78. 78. 78. 78. 79. 79. 79. 79. 79. 79. 79. 79. 79. 79. 79. 78. 78. 78. 78. 78. 78. 78. 78. 78. 78. 78. 78. 78. 78. 78. 78. 78. 78.
    4  80. 80. 80. 80. 80. 80. 80. 80. 80. 79. 79. 79. 79. 79. 79. 79. 79. 79. 79. 79. 79. 79. 79. 79. 79. 79. 79. 79. 79. 79. 79. 79. 79. 79. 79. 79. 79. 79. 79. 79. 79. 79. 79. 79. 79. 79. 79. 79. 79. 79. 79. 79. 79. 79. 79. 79. 79. 79. 79. 79. 79. 79. 79. 79. 79. 79. 79. 79. 79. 79. 79. 79. 79. 79. 79. 79. 79. 79. 79. 79. 79. 79. 79. 79. 79. 79. 79. 79. 79. 79. 79. 79. 79. 79. 79. 79. 79. 79. 79. 79. 79. 79. 79. 79. 79. 78. 78. 78. 78. 78. 78. 78. 78. 78. 78. 78. 78. 78. 78. 78. 78. 78. 79. 79. 79. 79. 79. 79. 79. 79. 79. 79. 79. 78. 78. 78. 78. 78. 78. 78. 78. 78. 78. 78. 78. 78. 78. 78. 78. 78. 78.
    3  80. 80. 80. 80. 80. 80. 80. 80. 80. 79. 79. 79. 79. 79. 79. 79. 79. 79. 79. 79. 79. 79. 79. 79. 79. 79. 79. 79. 79. 79. 79. 79. 79. 79. 79. 79. 79. 79. 79. 79. 79. 79. 79. 79. 79. 79. 79. 79. 79. 79. 79. 79. 79. 79. 79. 79. 79. 79. 79. 79. 79. 79. 79. 79. 79. 79. 79. 79. 79. 79. 79. 79. 79. 79. 79. 79. 79. 79. 79. 79. 79. 79. 79. 79. 79. 79. 79. 79. 79. 79. 79. 79. 79. 79. 79. 79. 79. 79. 79. 79. 79. 79. 79. 79. 79. 78. 78. 78. 78. 78. 78. 78. 78. 78. 78. 78. 78. 78. 78. 78. 78. 78. 79. 79. 79. 79. 79. 79. 79. 79. 79. 79. 79. 78. 78. 78. 78. 78. 78. 78. 78. 78. 78. 78. 78. 78. 78. 78. 78. 78. 78.
    2  80. 80. 80. 80. 80. 80. 80. 80. 80. 79. 79. 79. 79. 79. 79. 79. 79. 79. 79. 79. 79. 79. 79. 79. 79. 79. 79. 79. 79. 79. 79. 79. 79. 79. 79. 79. 79. 79. 79. 79. 79. 79. 79. 79. 79. 79. 79. 79. 79. 79. 79. 79. 79. 79. 79. 79. 79. 79. 79. 79. 79. 79. 79. 79. 79. 79. 79. 79. 79. 79. 79. 79. 79. 79. 79. 79. 79. 79. 79. 79. 79. 79. 79. 79. 79. 79. 79. 79. 79. 79. 79. 79. 79. 79. 79. 79. 79. 79. 79. 79. 79. 79. 79. 79. 78. 78. 78. 78. 78. 78. 78. 78. 78. 78. 78. 78. 78. 78. 78. 78. 78. 78. 79. 79. 79. 79. 79. 79. 79. 79. 79. 79. 78. 78. 78. 78. 78. 78. 78. 78. 78. 78. 78. 78. 78. 78. 78. 78. 78. 78. 78.
    1  80. 80. 80. 80. 80. 80. 80. 80. 80. 79. 79. 79. 79. 79. 79. 79. 79. 79. 79. 79. 79. 79. 79. 79. 79. 79. 79. 79. 79. 79. 79. 79. 79. 79. 79. 79. 79. 79. 79. 79. 79. 79. 79. 79. 79. 79. 79. 79. 79. 79. 79. 79. 79. 79. 79. 79. 79. 79. 79. 79. 79. 79. 79. 79. 79. 79. 79. 79. 79. 79. 79. 79. 79. 79. 79. 79. 79. 79. 79. 79. 79. 79. 79. 79. 79. 79. 79. 79. 79. 79. 79. 79. 79. 79. 79. 79. 79. 79. 79. 79. 79. 79. 79. 79. 78. 78. 78. 78. 78. 78. 78. 78. 78. 78. 78. 78. 78. 78. 78. 78. 78. 78. 78. 79. 79. 79. 79. 79. 79. 79. 79. 79. 78. 78. 78. 78. 78. 78. 78. 78. 78. 78. 78. 78. 78. 78. 78. 78. 78. 78. 78.
    0  80. 80. 80. 80. 80. 80. 80. 80. 80. 79. 79. 79. 79. 79. 79. 79. 79. 79. 79. 79. 79. 79. 79. 79. 79. 79. 79. 79. 79. 79. 79. 79. 79. 79. 79. 79. 79. 79. 79. 79. 79. 79. 79. 79. 79. 79. 79. 79. 79. 79. 79. 79. 79. 79. 79. 79. 79. 79. 79. 79. 79. 79. 79. 79. 79. 79. 79. 79. 79. 79. 79. 79. 79. 79. 79. 79. 79. 79. 79. 79. 79. 79. 79. 79. 79. 79. 79. 79. 79. 79. 79. 79. 79. 79. 79. 79. 79. 79. 79. 79. 79. 79. 79. 79. 78. 78. 78. 78. 78. 78. 78. 78. 78. 78. 78. 78. 78. 78. 78. 78. 78. 78. 78. 79. 79. 79. 79. 79. 79. 79. 79. 79. 78. 78. 78. 78. 78. 78. 78. 78. 78. 78. 78. 78. 78. 78. 78. 78. 78. 78. 78.
#         X --->
#
#   151 152 153 154 155 156 157 158 159 160 161 162 163 164 165 166 167 168 169 170 171 172 173 174 175 176 177 178 179 180 181 182 183 184 185 186 187 188 189 190 191 192 193 194 195 196 197 198 199 200 201 202 203 204 205 206 207 208 209 210 211 212 213 214 215 216 217 218 219 220 221 222 223 224 225 226 227 228 229 230 231 232 233 234 235 236 237 238 239 240 241 242 243 244 245 246 247 248 249 250 251 252 253 254 255 256 257 258 259 260 261 262 263 264 265 266 267 268 269 270 271 272 273 274 275 276 277 278 279 280 281 282 283 284 285 286 287 288 289 290 291 292 293 294 295 296 297 298 299 300
#Y
  500  81. 81. 81. 81. 81. 81. 81. 81. 81. 81. 81. 81. 81. 81. 81. 81. 81. 81. 81. 81. 81. 81. 81. 81. 81. 81. 81. 81. 81. 81. 81. 81. 81. 81. 81. 81. 81. 81. 81. 81. 81. 81. 81. 81. 81. 81. 81. 81. 81. 81. 81. 81. 81. 81. 81. 81. 81. 81. 81. 81. 81. 81. 81. 81. 81. 81. 81. 81. 81. 81. 81. 81. 81. 81. 81. 81. 81. 81. 81. 81. 81. 81. 81. 81. 81. 81. 81. 81. 81. 81. 81. 81. 81. 81. 81. 81. 81. 81. 81. 81. 81. 81. 81. 81. 81. 81. 81. 81. 81. 81. 81. 81. 81. 81. 81. 81. 81. 81. 81. 81. 81. 81. 81. 81. 81. 81. 81. 81. 81. 81. 81. 81. 81. 81. 81. 81. 81. 81. 81. 81. 81. 81. 81. 81. 81. 81. 81. 81. 81. 81.
  499  81. 81. 81. 81. 81. 81. 81. 81. 81. 81. 81. 81. 81. 81. 81. 81. 81. 81. 81. 81. 81. 81. 81. 81. 81. 81. 81. 81. 81. 81. 81. 81. 81. 81. 81. 81. 81. 81. 81. 81. 81. 81. 81. 81. 81. 81. 81. 81. 81. 81. 81. 81. 81. 81. 81. 81. 81. 81. 81. 81. 81. 81. 81. 81. 81. 81. 81. 81. 81. 81. 81. 81. 81. 81. 81. 81. 81. 81. 81. 81. 81. 81. 81. 81. 81. 81. 81. 81. 81. 81. 81. 81. 81. 81. 81. 81. 81. 81. 81. 81. 81. 81. 81. 81. 81. 81. 81. 81. 81. 81. 81. 81. 81. 81. 81. 81. 81. 81. 81. 81. 81. 81. 81. 81. 81. 81. 81. 81. 81. 81. 81. 81. 81. 81. 81. 81. 81. 81. 81. 81. 81. 81. 81. 81. 81. 81. 81. 81. 81. 81.
  498  81. 81. 81. 81. 81. 81. 81. 81. 81. 81. 81. 81. 81. 81. 81. 81. 81. 81. 81. 81. 81. 81. 81. 81. 81. 81. 81. 81. 81. 81. 81. 81. 81. 81. 81. 81. 81. 81. 81. 81. 81. 81. 81. 81. 81. 81. 81. 81. 81. 81. 81. 81. 81. 81. 81. 81. 81. 81. 81. 81. 81. 81. 81. 81. 81. 81. 81. 81. 81. 81. 81. 81. 81. 81. 81. 81. 81. 81. 81. 81. 81. 81. 81. 81. 81. 81. 81. 81. 81. 81. 81. 81. 81. 81. 81. 81. 81. 81. 81. 81. 81. 81. 81. 81. 81. 81. 81. 81. 81. 81. 81. 81. 81. 81. 81. 81. 81. 81. 81. 81. 81. 81. 81. 81. 81. 81. 81. 81. 81. 81. 81. 81. 81. 81. 81. 81. 81. 81. 81. 81. 81. 81. 81. 81. 80. 80. 80. 80. 80. 81.
  497  81. 81. 81. 81. 81. 81. 81. 81. 81. 81. 81. 81. 81. 81. 81. 81. 81. 81. 81. 81. 81. 81. 81. 81. 81. 81. 81. 81. 81. 81. 81. 81. 81. 81. 81. 81. 81. 81. 81. 81. 81. 81. 81. 81. 81. 81. 81. 81. 81. 81. 81. 81. 81. 81. 81. 81. 81. 81. 81. 81. 81. 81. 81. 81. 81. 81. 81. 81. 81. 81. 81. 81. 81. 81. 81. 81. 81. 81. 81. 81. 81. 81. 81. 81. 81. 81. 81. 81. 81. 81. 81. 81. 81. 81. 81. 81. 81. 81. 81. 81. 81. 81. 81. 81. 81. 81. 81. 81. 81. 81. 81. 81. 81. 81. 81. 81. 81. 81. 81. 81. 81. 81. 81. 81. 81. 81. 81. 81. 81. 81. 81. 81. 81. 80. 80. 80. 80. 80. 80. 80. 80. 80. 80. 80. 80. 80. 80. 80. 80. 80.
  496  81. 81. 81. 81. 81. 81. 81. 81. 81. 81. 81. 81. 81. 81. 81. 81. 81. 81. 81. 81. 81. 81. 81. 81. 81. 81. 81. 81. 81. 81. 81. 81. 81. 81. 81. 81. 81. 81. 81. 81. 81. 81. 81. 81. 81. 81. 81. 81. 81. 81. 81. 81. 81. 81. 81. 81. 81. 81. 81. 81. 81. 81. 81. 81. 81. 81. 81. 81. 81. 81. 81. 81. 81. 81. 81. 81. 81. 81. 81. 81. 81. 81. 81. 81. 81. 81. 81. 81. 81. 81. 81. 81. 81. 81. 81. 81. 81. 81. 81. 81. 81. 81. 81. 81. 81. 81. 81. 81. 81. 81. 81. 81. 81. 81. 81. 81. 81. 81. 81. 81. 81. 81. 81. 80. 80. 80. 80. 80. 80. 80. 80. 80. 80. 80. 80. 80. 80. 80. 80. 80. 80. 80. 80. 80. 80. 80. 80. 80. 80. 80.
  495  81. 81. 81. 81. 81. 81. 81. 81. 81. 81. 81. 81. 81. 81. 81. 81. 81. 81. 81. 81. 81. 81. 81. 81. 81. 81. 81. 81. 81. 81. 81. 81. 81. 81. 81. 81. 81. 81. 81. 81. 81. 81. 81. 81. 81. 81. 81. 81. 81. 81. 81. 81. 81. 81. 81. 81. 81. 81. 81. 81. 81. 81. 81. 81. 81. 81. 81. 81. 81. 81. 81. 81. 81. 81. 81. 81. 81. 81. 81. 81. 81. 81. 81. 81. 81. 81. 81. 81. 81. 81. 81. 81. 81. 81. 81. 81. 81. 81. 81. 81. 81. 81. 81. 81. 81. 81. 81. 81. 81. 81. 81. 81. 81. 81. 81. 80. 80. 80. 80. 80. 80. 80. 80. 80. 80. 80. 80. 80. 80. 80. 80. 80. 80. 80. 80. 80. 80. 80. 80. 80. 80. 80. 80. 80. 80. 80. 80. 80. 80. 80.
  494  81. 81. 81. 81. 81. 81. 81. 81. 81. 81. 81. 81. 81. 81. 81. 81. 81. 81. 81. 81. 81. 81. 81. 81. 81. 81. 81. 81. 81. 81. 81. 81. 81. 81. 81. 81. 81. 81. 81. 81. 81. 81. 81. 81. 81. 81. 81. 81. 81. 81. 81. 81. 81. 81. 81. 81. 81. 81. 81. 81. 81. 81. 81. 81. 81. 81. 81. 81. 81. 81. 81. 81. 81. 81. 81. 81. 81. 81. 81. 81. 81. 81. 81. 81. 81. 81. 81. 81. 81. 81. 81. 81. 81. 81. 81. 81. 81. 81. 81. 81. 81. 81. 81. 81. 81. 81. 81. 81. 81. 80. 80. 80. 80. 80. 80. 80. 80. 80. 80. 80. 80. 80. 80. 80. 80. 80. 80. 80. 80. 80. 80. 80. 80. 80. 80. 80. 80. 80. 80. 80. 80. 80. 80. 80. 80. 80. 80. 80. 80. 80.
  493  81. 81. 81. 81. 81. 81. 81. 81. 81. 81. 81. 81. 81. 81. 81. 81. 81. 81. 81. 81. 81. 81. 81. 81. 81. 81. 81. 81. 81. 81. 81. 81. 81. 81. 81. 81. 81. 81. 81. 81. 81. 81. 81. 81. 81. 81. 81. 81. 81. 81. 81. 81. 81. 81. 81. 81. 81. 81. 81. 81. 81. 81. 81. 81. 81. 81. 81. 81. 81. 81. 81. 81. 81. 81. 81. 81. 81. 81. 81. 81. 81. 81. 81. 81. 81. 81. 81. 81. 81. 81. 81. 81. 81. 81. 81. 81. 81. 81. 81. 81. 81. 81. 81. 80. 80. 80. 80. 80. 80. 80. 80. 80. 80. 80. 80. 80. 80. 80. 80. 80. 80. 80. 80. 80. 80. 80. 80. 80. 80. 80. 80. 80. 80. 80. 80. 80. 80. 80. 80. 80. 80. 80. 80. 80. 80. 80. 80. 80. 80. 80.
  492  81. 81. 81. 81. 81. 81. 81. 81. 81. 81. 81. 81. 81. 81. 81. 81. 81. 81. 81. 81. 81. 81. 81. 81. 81. 81. 81. 81. 81. 81. 81. 81. 81. 81. 81. 81. 81. 81. 81. 81. 81. 81. 81. 81. 81. 81. 81. 81. 81. 81. 81. 81. 81. 81. 81. 81. 81. 81. 81. 81. 81. 81. 81. 81. 81. 81. 81. 81. 81. 81. 81. 81. 81. 81. 81. 81. 81. 81. 81. 81. 81. 81. 81. 81. 81. 81. 81. 81. 81. 81. 81. 81. 81. 81. 81. 81. 81. 81. 80. 80. 80. 80. 80. 80. 80. 80. 80. 80. 80. 80. 80. 80. 80. 80. 80. 80. 80. 80. 80. 80. 80. 80. 80. 80. 80. 80. 80. 80. 80. 80. 80. 80. 80. 80. 80. 80. 80. 80. 80. 80. 80. 80. 80. 80. 80. 80. 80. 80. 80. 80.
  491  81. 81. 81. 81. 81. 81. 81. 81. 81. 81. 81. 81. 81. 81. 81. 81. 81. 81. 81. 81. 81. 81. 81. 81. 81. 81. 81. 81. 81. 81. 81. 81. 81. 81. 81. 81. 81. 81. 81. 81. 81. 81. 81. 81. 81. 81. 81. 81. 81. 81. 81. 81. 81. 81. 81. 81. 81. 81. 81. 81. 81. 81. 81. 81. 81. 81. 81. 81. 81. 81. 81. 81. 81. 81. 81. 81. 81. 81. 81. 81. 81. 81. 81. 81. 81. 81. 81. 81. 81. 81. 81. 81. 81. 80. 80. 80. 80. 80. 80. 80. 80. 80. 80. 80. 80. 80. 80. 80. 80. 80. 80. 80. 80. 80. 80. 80. 80. 80. 80. 80. 80. 80. 80. 80. 80. 80. 80. 80. 80. 80. 80. 80. 80. 80. 80. 80. 80. 80. 80. 80. 80. 80. 80. 80. 80. 80. 80. 80. 80. 80.
  490  81. 81. 81. 81. 81. 81. 81. 81. 81. 81. 81. 81. 81. 81. 81. 81. 81. 81. 81. 81. 81. 81. 81. 81. 81. 81. 81. 81. 81. 81. 81. 81. 81. 81. 81. 81. 81. 81. 81. 81. 81. 81. 81. 81. 81. 81. 81. 81. 81. 81. 81. 81. 81. 81. 81. 81. 81. 81. 81. 81. 81. 81. 81. 81. 81. 81. 81. 81. 81. 81. 81. 81. 81. 81. 81. 81. 81. 81. 81. 81. 81. 81. 81. 81. 81. 81. 81. 81. 81. 80. 80. 80. 80. 80. 80. 80. 80. 80. 80. 80. 80. 80. 80. 80. 80. 80. 80. 80. 80. 80. 80. 80. 80. 80. 80. 80. 80. 80. 80. 80. 80. 80. 80. 80. 80. 80. 80. 80. 80. 80. 80. 80. 80. 80. 80. 80. 80. 80. 80. 80. 80. 80. 80. 80. 80. 80. 80. 80. 80. 80.
  489  81. 81. 81. 81. 81. 81. 81. 81. 81. 81. 81. 81. 81. 81. 81. 81. 81. 81. 81. 81. 81. 81. 81. 81. 81. 81. 81. 81. 81. 81. 81. 81. 81. 81. 81. 81. 81. 81. 81. 81. 81. 81. 81. 81. 81. 81. 81. 81. 81. 81. 81. 81. 81. 81. 81. 81. 81. 81. 81. 81. 81. 81. 81. 81. 81. 81. 81. 81. 81. 81. 81. 81. 81. 81. 81. 81. 81. 81. 81. 81. 81. 81. 81. 81. 81. 80. 80. 80. 80. 80. 80. 80. 80. 80. 80. 80. 80. 80. 80. 80. 80. 80. 80. 80. 80. 80. 80. 80. 80. 80. 80. 80. 80. 80. 80. 80. 80. 80. 80. 80. 80. 80. 80. 80. 80. 80. 80. 80. 80. 80. 80. 80. 80. 80. 80. 80. 80. 80. 80. 80. 80. 80. 80. 80. 80. 80. 80. 80. 80. 80.
  488  81. 81. 81. 81. 81. 81. 81. 81. 81. 81. 81. 81. 81. 81. 81. 81. 81. 81. 81. 81. 81. 81. 81. 81. 81. 81. 81. 81. 81. 81. 81. 81. 81. 81. 81. 81. 81. 81. 81. 81. 81. 81. 81. 81. 81. 81. 81. 81. 81. 81. 81. 81. 81. 81. 81. 81. 81. 81. 81. 81. 81. 81. 81. 81. 81. 81. 81. 81. 81. 81. 81. 81. 81. 81. 81. 81. 81. 81. 81. 81. 81. 81. 80. 80. 80. 80. 80. 80. 80. 80. 80. 80. 80. 80. 80. 80. 80. 80. 80. 80. 80. 80. 80. 80. 80. 80. 80. 80. 80. 80. 80. 80. 80. 80. 80. 80. 80. 80. 80. 80. 80. 80. 80. 80. 80. 80. 80. 80. 80. 80. 80. 80. 80. 80. 80. 80. 80. 80. 80. 80. 80. 80. 80. 80. 80. 80. 80. 80. 80. 80.
  487  81. 81. 81. 81. 81. 81. 81. 81. 81. 81. 81. 81. 81. 81. 81. 81. 81. 81. 81. 81. 81. 81. 81. 81. 81. 81. 81. 81. 81. 81. 81. 81. 81. 81. 81. 81. 81. 81. 81. 81. 81. 81. 81. 81. 81. 81. 81. 81. 81. 81. 81. 81. 81. 81. 81. 81. 81. 81. 81. 81. 81. 81. 81. 81. 81. 81. 81. 81. 81. 81. 81. 81. 81. 81. 81. 81. 81. 81. 81. 80. 80. 80. 80. 80. 80. 80. 80. 80. 80. 80. 80. 80. 80. 80. 80. 80. 80. 80. 80. 80. 80. 80. 80. 80. 80. 80. 80. 80. 80. 80. 80. 80. 80. 80. 80. 80. 80. 80. 80. 80. 80. 80. 80. 80. 80. 80. 80. 80. 80. 80. 80. 80. 80. 80. 80. 80. 80. 80. 80. 80. 80. 80. 80. 80. 80. 80. 80. 80. 80. 80.
  486  81. 81. 81. 81. 81. 81. 81. 81. 81. 81. 81. 81. 81. 81. 81. 81. 81. 81. 81. 81. 81. 81. 81. 81. 81. 81. 81. 81. 81. 81. 81. 81. 81. 81. 81. 81. 81. 81. 81. 81. 81. 81. 81. 81. 81. 81. 81. 81. 81. 81. 81. 81. 81. 81. 81. 81. 81. 81. 81. 81. 81. 81. 81. 81. 81. 81. 81. 81. 81. 81. 81. 81. 81. 81. 81. 81. 80. 80. 80. 80. 80. 80. 80. 80. 80. 80. 80. 80. 80. 80. 80. 80. 80. 80. 80. 80. 80. 80. 80. 80. 80. 80. 80. 80. 80. 80. 80. 80. 80. 80. 80. 80. 80. 80. 80. 80. 80. 80. 80. 80. 80. 80. 80. 80. 80. 80. 80. 80. 80. 80. 80. 80. 80. 80. 80. 80. 80. 80. 80. 80. 80. 80. 80. 80. 80. 80. 80. 80. 80. 80.
  485  81. 81. 81. 81. 81. 81. 81. 81. 81. 81. 81. 81. 81. 81. 81. 81. 81. 81. 81. 81. 81. 81. 81. 81. 81. 81. 81. 81. 81. 81. 81. 81. 81. 81. 81. 81. 81. 81. 81. 81. 81. 81. 81. 81. 81. 81. 81. 81. 81. 81. 81. 81. 81. 81. 81. 81. 81. 81. 81. 81. 81. 81. 81. 81. 81. 81. 81. 81. 81. 81. 81. 81. 81. 80. 80. 80. 80. 80. 80. 80. 80. 80. 80. 80. 80. 80. 80. 80. 80. 80. 80. 80. 80. 80. 80. 80. 80. 80. 80. 80. 80. 80. 80. 80. 80. 80. 80. 80. 80. 80. 80. 80. 80. 80. 80. 80. 80. 80. 80. 80. 80. 80. 80. 80. 80. 80. 80. 80. 80. 80. 80. 80. 80. 80. 80. 80. 80. 80. 80. 80. 80. 80. 80. 80. 80. 80. 80. 80. 80. 80.
  484  81. 81. 81. 81. 81. 81. 81. 81. 81. 81. 81. 81. 81. 81. 81. 81. 81. 81. 81. 81. 81. 81. 81. 81. 81. 81. 81. 81. 81. 81. 81. 81. 81. 81. 81. 81. 81. 81. 81. 81. 81. 81. 81. 81. 81. 81. 81. 81. 81. 81. 81. 81. 81. 81. 81. 81. 81. 81. 81. 81. 81. 81. 81. 81. 81. 81. 81. 81. 81. 81. 80. 80. 80. 80. 80. 80. 80. 80. 80. 80. 80. 80. 80. 80. 80. 80. 80. 80. 80. 80. 80. 80. 80. 80. 80. 80. 80. 80. 80. 80. 80. 80. 80. 80. 80. 80. 80. 80. 80. 80. 80. 80. 80. 80. 80. 80. 80. 80. 80. 80. 80. 80. 80. 80. 80. 80. 80. 80. 80. 80. 80. 80. 80. 80. 80. 80. 80. 80. 80. 80. 80. 80. 80. 80. 80. 80. 80. 80. 80. 80.
  483  81. 81. 81. 81. 81. 81. 81. 81. 81. 81. 81. 81. 81. 81. 81. 81. 81. 81. 81. 81. 81. 81. 81. 81. 81. 81. 81. 81. 81. 81. 81. 81. 81. 81. 81. 81. 81. 81. 81. 81. 81. 81. 81. 81. 81. 81. 81. 81. 81. 81. 81. 81. 81. 81. 81. 81. 81. 81. 81. 81. 81. 81. 81. 81. 81. 81. 81. 81. 80. 80. 80. 80. 80. 80. 80. 80. 80. 80. 80. 80. 80. 80. 80. 80. 80. 80. 80. 80. 80. 80. 80. 80. 80. 80. 80. 80. 80. 80. 80. 80. 80. 80. 80. 80. 80. 80. 80. 80. 80. 80. 80. 80. 80. 80. 80. 80. 80. 80. 80. 80. 80. 80. 80. 80. 80. 80. 80. 80. 80. 80. 80. 80. 80. 80. 80. 80. 80. 80. 80. 80. 80. 80. 80. 80. 80. 80. 80. 80. 80. 80.
  482  81. 81. 81. 81. 81. 81. 81. 81. 81. 81. 81. 81. 81. 81. 81. 81. 81. 81. 81. 81. 81. 81. 81. 81. 81. 81. 81. 81. 81. 81. 81. 81. 81. 81. 81. 81. 81. 81. 81. 81. 81. 81. 81. 81. 81. 81. 81. 81. 81. 81. 81. 81. 81. 81. 81. 81. 81. 81. 81. 81. 81. 81. 81. 81. 81. 81. 80. 80. 80. 80. 80. 80. 80. 80. 80. 80. 80. 80. 80. 80. 80. 80. 80. 80. 80. 80. 80. 80. 80. 80. 80. 80. 80. 80. 80. 80. 80. 80. 80. 80. 80. 80. 80. 80. 80. 80. 80. 80. 80. 80. 80. 80. 80. 80. 80. 80. 80. 80. 80. 80. 80. 80. 80. 80. 80. 80. 80. 80. 80. 80. 80. 80. 80. 80. 80. 80. 80. 80. 80. 80. 80. 80. 80. 80. 80. 80. 80. 80. 80. 80.
  481  81. 81. 81. 81. 81. 81. 81. 81. 81. 81. 81. 81. 81. 81. 81. 81. 81. 81. 81. 81. 81. 81. 81. 81. 81. 81. 81. 81. 81. 81. 81. 81. 81. 81. 81. 81. 81. 81. 81. 81. 81. 81. 81. 81. 81. 81. 81. 81. 81. 81. 81. 81. 81. 81. 81. 81. 81. 81. 81. 81. 81. 81. 81. 80. 80. 80. 80. 80. 80. 80. 80. 80. 80. 80. 80. 80. 80. 80. 80. 80. 80. 80. 80. 80. 80. 80. 80. 80. 80. 80. 80. 80. 80. 80. 80. 80. 80. 80. 80. 80. 80. 80. 80. 80. 80. 80. 80. 80. 80. 80. 80. 80. 80. 80. 80. 80. 80. 80. 80. 80. 80. 80. 80. 80. 80. 80. 80. 80. 80. 80. 80. 80. 80. 80. 80. 80. 80. 80. 80. 80. 80. 80. 80. 80. 80. 80. 80. 80. 80. 80.
  480  81. 81. 81. 81. 81. 81. 81. 81. 81. 81. 81. 81. 81. 81. 81. 81. 81. 81. 81. 81. 81. 81. 81. 81. 81. 81. 81. 81. 81. 81. 81. 81. 81. 81. 81. 81. 81. 81. 81. 81. 81. 81. 81. 81. 81. 81. 81. 81. 81. 81. 81. 81. 81. 81. 81. 81. 81. 81. 81. 81. 81. 80. 80. 80. 80. 80. 80. 80. 80. 80. 80. 80. 80. 80. 80. 80. 80. 80. 80. 80. 80. 80. 80. 80. 80. 80. 80. 80. 80. 80. 80. 80. 80. 80. 80. 80. 80. 80. 80. 80. 80. 80. 80. 80. 80. 80. 80. 80. 80. 80. 80. 80. 80. 80. 80. 80. 80. 80. 80. 80. 80. 80. 80. 80. 80. 80. 80. 80. 80. 80. 80. 80. 80. 80. 80. 80. 80. 80. 80. 80. 80. 80. 80. 80. 80. 80. 80. 80. 80. 80.
  479  81. 81. 81. 81. 81. 81. 81. 81. 81. 81. 81. 81. 81. 81. 81. 81. 81. 81. 81. 81. 81. 81. 81. 81. 81. 81. 81. 81. 81. 81. 81. 81. 81. 81. 81. 81. 81. 81. 81. 81. 81. 81. 81. 81. 81. 81. 81. 81. 81. 81. 81. 81. 81. 81. 81. 81. 81. 81. 81. 80. 80. 80. 80. 80. 80. 80. 80. 80. 80. 80. 80. 80. 80. 80. 80. 80. 80. 80. 80. 80. 80. 80. 80. 80. 80. 80. 80. 80. 80. 80. 80. 80. 80. 80. 80. 80. 80. 80. 80. 80. 80. 80. 80. 80. 80. 80. 80. 80. 80. 80. 80. 80. 80. 80. 80. 80. 80. 80. 80. 80. 80. 80. 80. 80. 80. 80. 80. 80. 80. 80. 80. 80. 80. 80. 80. 80. 80. 80. 80. 80. 80. 80. 80. 80. 80. 80. 80. 80. 80. 80.
  478  81. 81. 81. 81. 81. 81. 81. 81. 81. 81. 81. 81. 81. 81. 81. 81. 81. 81. 81. 81. 81. 81. 81. 81. 81. 81. 81. 81. 81. 81. 81. 81. 81. 81. 81. 81. 81. 81. 81. 81. 81. 81. 81. 81. 81. 81. 81. 81. 81. 81. 81. 81. 81. 81. 81. 81. 81. 80. 80. 80. 80. 80. 80. 80. 80. 80. 80. 80. 80. 80. 80. 80. 80. 80. 80. 80. 80. 80. 80. 80. 80. 80. 80. 80. 80. 80. 80. 80. 80. 80. 80. 80. 80. 80. 80. 80. 80. 80. 80. 80. 80. 80. 80. 80. 80. 80. 80. 80. 80. 80. 80. 80. 80. 80. 80. 80. 80. 80. 80. 80. 80. 80. 80. 80. 80. 80. 80. 80. 80. 80. 80. 80. 80. 80. 80. 80. 80. 80. 80. 80. 80. 80. 80. 80. 80. 80. 80. 80. 80. 80.
  477  81. 81. 81. 81. 81. 81. 81. 81. 81. 81. 81. 81. 81. 81. 81. 81. 81. 81. 81. 81. 81. 81. 81. 81. 81. 81. 81. 81. 81. 81. 81. 81. 81. 81. 81. 81. 81. 81. 81. 81. 81. 81. 81. 81. 81. 81. 81. 81. 81. 81. 81. 81. 81. 81. 81. 80. 80. 80. 80. 80. 80. 80. 80. 80. 80. 80. 80. 80. 80. 80. 80. 80. 80. 80. 80. 80. 80. 80. 80. 80. 80. 80. 80. 80. 80. 80. 80. 80. 80. 80. 80. 80. 80. 80. 80. 80. 80. 80. 80. 80. 80. 80. 80. 80. 80. 80. 80. 80. 80. 80. 80. 80. 80. 80. 80. 80. 80. 80. 80. 80. 80. 80. 80. 80. 80. 80. 80. 80. 80. 80. 80. 80. 80. 80. 80. 80. 80. 80. 80. 80. 80. 80. 80. 80. 80. 80. 80. 80. 80. 80.
  476  81. 81. 81. 81. 81. 81. 81. 81. 81. 81. 81. 81. 81. 81. 81. 81. 81. 81. 81. 81. 81. 81. 81. 81. 81. 81. 81. 81. 81. 81. 81. 81. 81. 81. 81. 81. 81. 81. 81. 81. 81. 81. 81. 81. 81. 81. 81. 81. 81. 81. 81. 81. 81. 81. 80. 80. 80. 80. 80. 80. 80. 80. 80. 80. 80. 80. 80. 80. 80. 80. 80. 80. 80. 80. 80. 80. 80. 80. 80. 80. 80. 80. 80. 80. 80. 80. 80. 80. 80. 80. 80. 80. 80. 80. 80. 80. 80. 80. 80. 80. 80. 80. 80. 80. 80. 80. 80. 80. 80. 80. 80. 80. 80. 80. 80. 80. 80. 80. 80. 80. 80. 80. 80. 80. 80. 80. 80. 80. 80. 80. 80. 80. 80. 80. 80. 80. 80. 80. 80. 80. 80. 80. 80. 80. 80. 80. 80. 80. 80. 80.
  475  81. 81. 81. 81. 81. 81. 81. 81. 81. 81. 81. 81. 81. 81. 81. 81. 81. 81. 81. 81. 81. 81. 81. 81. 81. 81. 81. 81. 81. 81. 81. 81. 81. 81. 81. 81. 81. 81. 81. 81. 81. 81. 81. 81. 81. 81. 81. 81. 81. 81. 81. 81. 80. 80. 80. 80. 80. 80. 80. 80. 80. 80. 80. 80. 80. 80. 80. 80. 80. 80. 80. 80. 80. 80. 80. 80. 80. 80. 80. 80. 80. 80. 80. 80. 80. 80. 80. 80. 80. 80. 80. 80. 80. 80. 80. 80. 80. 80. 80. 80. 80. 80. 80. 80. 80. 80. 80. 80. 80. 80. 80. 80. 80. 80. 80. 80. 80. 80. 80. 80. 80. 80. 80. 80. 80. 80. 80. 80. 80. 80. 80. 80. 80. 80. 80. 80. 80. 80. 80. 80. 80. 80. 80. 80. 80. 80. 80. 80. 80. 80.
  474  81. 81. 81. 81. 81. 81. 81. 81. 81. 81. 81. 81. 81. 81. 81. 81. 81. 81. 81. 81. 81. 81. 81. 81. 81. 81. 81. 81. 81. 81. 81. 81. 81. 81. 81. 81. 81. 81. 81. 81. 81. 81. 81. 81. 81. 81. 81. 81. 81. 81. 80. 80. 80. 80. 80. 80. 80. 80. 80. 80. 80. 80. 80. 80. 80. 80. 80. 80. 80. 80. 80. 80. 80. 80. 80. 80. 80. 80. 80. 80. 80. 80. 80. 80. 80. 80. 80. 80. 80. 80. 80. 80. 80. 80. 80. 80. 80. 80. 80. 80. 80. 80. 80. 80. 80. 80. 80. 80. 80. 80. 80. 80. 80. 80. 80. 80. 80. 80. 80. 80. 80. 80. 80. 80. 80. 80. 80. 80. 80. 80. 80. 80. 80. 80. 80. 80. 80. 80. 80. 80. 80. 80. 80. 80. 80. 80. 80. 80. 80. 80.
  473  81. 81. 81. 81. 81. 81. 81. 81. 81. 81. 81. 81. 81. 81. 81. 81. 81. 81. 81. 81. 81. 81. 81. 81. 81. 81. 81. 81. 81. 81. 81. 81. 81. 81. 81. 81. 81. 81. 81. 81. 81. 81. 81. 81. 81. 81. 81. 81. 81. 80. 80. 80. 80. 80. 80. 80. 80. 80. 80. 80. 80. 80. 80. 80. 80. 80. 80. 80. 80. 80. 80. 80. 80. 80. 80. 80. 80. 80. 80. 80. 80. 80. 80. 80. 80. 80. 80. 80. 80. 80. 80. 80. 80. 80. 80. 80. 80. 80. 80. 80. 80. 80. 80. 80. 80. 80. 80. 80. 80. 80. 80. 80. 80. 80. 80. 80. 80. 80. 80. 80. 80. 80. 80. 80. 80. 80. 80. 80. 80. 80. 80. 80. 80. 80. 80. 80. 80. 80. 80. 80. 80. 80. 80. 80. 80. 80. 80. 80. 80. 80.
  472  81. 81. 81. 81. 81. 81. 81. 81. 81. 81. 81. 81. 81. 81. 81. 81. 81. 81. 81. 81. 81. 81. 81. 81. 81. 81. 81. 81. 81. 81. 81. 81. 81. 81. 81. 81. 81. 81. 81. 81. 81. 81. 81. 81. 81. 81. 81. 80. 80. 80. 80. 80. 80. 80. 80. 80. 80. 80. 80. 80. 80. 80. 80. 80. 80. 80. 80. 80. 80. 80. 80. 80. 80. 80. 80. 80. 80. 80. 80. 80. 80. 80. 80. 80. 80. 80. 80. 80. 80. 80. 80. 80. 80. 80. 80. 80. 80. 80. 80. 80. 80. 80. 80. 80. 80. 80. 80. 80. 80. 80. 80. 80. 80. 80. 80. 80. 80. 80. 80. 80. 80. 80. 80. 80. 80. 80. 80. 80. 80. 80. 80. 80. 80. 80. 80. 80. 80. 80. 80. 80. 80. 80. 80. 80. 80. 80. 80. 80. 80. 80.
  471  81. 81. 81. 81. 81. 81. 81. 81. 81. 81. 81. 81. 81. 81. 81. 81. 81. 81. 81. 81. 81. 81. 81. 81. 81. 81. 81. 81. 81. 81. 81. 81. 81. 81. 81. 81. 81. 81. 81. 81. 81. 81. 81. 81. 81. 81. 80. 80. 80. 80. 80. 80. 80. 80. 80. 80. 80. 80. 80. 80. 80. 80. 80. 80. 80. 80. 80. 80. 80. 80. 80. 80. 80. 80. 80. 80. 80. 80. 80. 80. 80. 80. 80. 80. 80. 80. 80. 80. 80. 80. 80. 80. 80. 80. 80. 80. 80. 80. 80. 80. 80. 80. 80. 80. 80. 80. 80. 80. 80. 80. 80. 80. 80. 80. 80. 80. 80. 80. 80. 80. 80. 80. 80. 80. 80. 80. 80. 80. 80. 80. 80. 80. 80. 80. 80. 80. 80. 80. 80. 80. 80. 80. 80. 80. 80. 80. 80. 80. 80. 80.
  470  81. 81. 81. 81. 81. 81. 81. 81. 81. 81. 81. 81. 81. 81. 81. 81. 81. 81. 81. 81. 81. 81. 81. 81. 81. 81. 81. 81. 81. 81. 81. 81. 81. 81. 81. 81. 81. 81. 81. 81. 81. 81. 81. 81. 80. 80. 80. 80. 80. 80. 80. 80. 80. 80. 80. 80. 80. 80. 80. 80. 80. 80. 80. 80. 80. 80. 80. 80. 80. 80. 80. 80. 80. 80. 80. 80. 80. 80. 80. 80. 80. 80. 80. 80. 80. 80. 80. 80. 80. 80. 80. 80. 80. 80. 80. 80. 80. 80. 80. 80. 80. 80. 80. 80. 80. 80. 80. 80. 80. 80. 80. 80. 80. 80. 80. 80. 80. 80. 80. 80. 80. 80. 80. 80. 80. 80. 80. 80. 80. 80. 80. 80. 80. 80. 80. 80. 80. 80. 80. 80. 80. 80. 80. 80. 80. 80. 80. 80. 80. 80.
  469  81. 81. 81. 81. 81. 81. 81. 81. 81. 81. 81. 81. 81. 81. 81. 81. 81. 81. 81. 81. 81. 81. 81. 81. 81. 81. 81. 81. 81. 81. 81. 81. 81. 81. 81. 81. 81. 81. 81. 81. 81. 81. 81. 80. 80. 80. 80. 80. 80. 80. 80. 80. 80. 80. 80. 80. 80. 80. 80. 80. 80. 80. 80. 80. 80. 80. 80. 80. 80. 80. 80. 80. 80. 80. 80. 80. 80. 80. 80. 80. 80. 80. 80. 80. 80. 80. 80. 80. 80. 80. 80. 80. 80. 80. 80. 80. 80. 80. 80. 80. 80. 80. 80. 80. 80. 80. 80. 80. 80. 80. 80. 80. 80. 80. 80. 80. 80. 80. 80. 80. 80. 80. 80. 80. 80. 80. 80. 80. 80. 80. 80. 80. 80. 80. 80. 80. 80. 80. 80. 80. 80. 80. 80. 80. 80. 80. 80. 80. 80. 80.
  468  81. 81. 81. 81. 81. 81. 81. 81. 81. 81. 81. 81. 81. 81. 81. 81. 81. 81. 81. 81. 81. 81. 81. 81. 81. 81. 81. 81. 81. 81. 81. 81. 81. 81. 81. 81. 81. 81. 81. 81. 81. 80. 80. 80. 80. 80. 80. 80. 80. 80. 80. 80. 80. 80. 80. 80. 80. 80. 80. 80. 80. 80. 80. 80. 80. 80. 80. 80. 80. 80. 80. 80. 80. 80. 80. 80. 80. 80. 80. 80. 80. 80. 80. 80. 80. 80. 80. 80. 80. 80. 80. 80. 80. 80. 80. 80. 80. 80. 80. 80. 80. 80. 80. 80. 80. 80. 80. 80. 80. 80. 80. 80. 80. 80. 80. 80. 80. 80. 80. 80. 80. 80. 80. 80. 80. 80. 80. 80. 80. 80. 80. 80. 80. 80. 80. 80. 80. 80. 80. 80. 80. 80. 80. 80. 80. 80. 80. 80. 80. 80.
  467  81. 81. 81. 81. 81. 81. 81. 81. 81. 81. 81. 81. 81. 81. 81. 81. 81. 81. 81. 81. 81. 81. 81. 81. 81. 81. 81. 81. 81. 81. 81. 81. 81. 81. 81. 81. 81. 81. 81. 81. 80. 80. 80. 80. 80. 80. 80. 80. 80. 80. 80. 80. 80. 80. 80. 80. 80. 80. 80. 80. 80. 80. 80. 80. 80. 80. 80. 80. 80. 80. 80. 80. 80. 80. 80. 80. 80. 80. 80. 80. 80. 80. 80. 80. 80. 80. 80. 80. 80. 80. 80. 80. 80. 80. 80. 80. 80. 80. 80. 80. 80. 80. 80. 80. 80. 80. 80. 80. 80. 80. 80. 80. 80. 80. 80. 80. 80. 80. 80. 80. 80. 80. 80. 80. 80. 80. 80. 80. 80. 80. 80. 80. 80. 80. 80. 80. 80. 80. 80. 80. 80. 80. 80. 80. 80. 80. 80. 80. 80. 80.
  466  81. 81. 81. 81. 81. 81. 81. 81. 81. 81. 81. 81. 81. 81. 81. 81. 81. 81. 81. 81. 81. 81. 81. 81. 81. 81. 81. 81. 81. 81. 81. 81. 81. 81. 81. 81. 81. 81. 81. 80. 80. 80. 80. 80. 80. 80. 80. 80. 80. 80. 80. 80. 80. 80. 80. 80. 80. 80. 80. 80. 80. 80. 80. 80. 80. 80. 80. 80. 80. 80. 80. 80. 80. 80. 80. 80. 80. 80. 80. 80. 80. 80. 80. 80. 80. 80. 80. 80. 80. 80. 80. 80. 80. 80. 80. 80. 80. 80. 80. 80. 80. 80. 80. 80. 80. 80. 80. 80. 80. 80. 80. 80. 80. 80. 80. 80. 80. 80. 80. 80. 80. 80. 80. 80. 80. 80. 80. 80. 80. 80. 80. 80. 80. 80. 80. 80. 80. 80. 80. 80. 80. 80. 80. 80. 80. 80. 80. 80. 80. 80.
  465  81. 81. 81. 81. 81. 81. 81. 81. 81. 81. 81. 81. 81. 81. 81. 81. 81. 81. 81. 81. 81. 81. 81. 81. 81. 81. 81. 81. 81. 81. 81. 81. 81. 81. 81. 81. 81. 80. 80. 80. 80. 80. 80. 80. 80. 80. 80. 80. 80. 80. 80. 80. 80. 80. 80. 80. 80. 80. 80. 80. 80. 80. 80. 80. 80. 80. 80. 80. 80. 80. 80. 80. 80. 80. 80. 80. 80. 80. 80. 80. 80. 80. 80. 80. 80. 80. 80. 80. 80. 80. 80. 80. 80. 80. 80. 80. 80. 80. 80. 80. 80. 80. 80. 80. 80. 80. 80. 80. 80. 80. 80. 80. 80. 80. 80. 80. 80. 80. 80. 80. 80. 80. 80. 80. 80. 80. 80. 80. 80. 80. 80. 80. 80. 80. 80. 80. 80. 80. 80. 80. 80. 80. 80. 80. 80. 80. 80. 80. 80. 80.
  464  81. 81. 81. 81. 81. 81. 81. 81. 81. 81. 81. 81. 81. 81. 81. 81. 81. 81. 81. 81. 81. 81. 81. 81. 81. 81. 81. 81. 81. 81. 81. 81. 81. 81. 81. 81. 80. 80. 80. 80. 80. 80. 80. 80. 80. 80. 80. 80. 80. 80. 80. 80. 80. 80. 80. 80. 80. 80. 80. 80. 80. 80. 80. 80. 80. 80. 80. 80. 80. 80. 80. 80. 80. 80. 80. 80. 80. 80. 80. 80. 80. 80. 80. 80. 80. 80. 80. 80. 80. 80. 80. 80. 80. 80. 80. 80. 80. 80. 80. 80. 80. 80. 80. 80. 80. 80. 80. 80. 80. 80. 80. 80. 80. 80. 80. 80. 80. 80. 80. 80. 80. 80. 80. 80. 80. 80. 80. 80. 80. 80. 80. 80. 80. 80. 80. 80. 80. 80. 80. 80. 80. 80. 80. 80. 80. 80. 80. 80. 80. 80.
  463  81. 81. 81. 81. 81. 81. 81. 81. 81. 81. 81. 81. 81. 81. 81. 81. 81. 81. 81. 81. 81. 81. 81. 81. 81. 81. 81. 81. 81. 81. 81. 81. 81. 81. 81. 80. 80. 80. 80. 80. 80. 80. 80. 80. 80. 80. 80. 80. 80. 80. 80. 80. 80. 80. 80. 80. 80. 80. 80. 80. 80. 80. 80. 80. 80. 80. 80. 80. 80. 80. 80. 80. 80. 80. 80. 80. 80. 80. 80. 80. 80. 80. 80. 80. 80. 80. 80. 80. 80. 80. 80. 80. 80. 80. 80. 80. 80. 80. 80. 80. 80. 80. 80. 80. 80. 80. 80. 80. 80. 80. 80. 80. 80. 80. 80. 80. 80. 80. 80. 80. 80. 80. 80. 80. 80. 80. 80. 80. 80. 80. 80. 80. 80. 80. 80. 80. 80. 80. 80. 80. 80. 80. 80. 80. 80. 80. 80. 80. 80. 80.
  462  81. 81. 81. 81. 81. 81. 81. 81. 81. 81. 81. 81. 81. 81. 81. 81. 81. 81. 81. 81. 81. 81. 81. 81. 81. 81. 81. 81. 81. 81. 81. 81. 81. 80. 80. 80. 80. 80. 80. 80. 80. 80. 80. 80. 80. 80. 80. 80. 80. 80. 80. 80. 80. 80. 80. 80. 80. 80. 80. 80. 80. 80. 80. 80. 80. 80. 80. 80. 80. 80. 80. 80. 80. 80. 80. 80. 80. 80. 80. 80. 80. 80. 80. 80. 80. 80. 80. 80. 80. 80. 80. 80. 80. 80. 80. 80. 80. 80. 80. 80. 80. 80. 80. 80. 80. 80. 80. 80. 80. 80. 80. 80. 80. 80. 80. 80. 80. 80. 80. 80. 80. 80. 80. 80. 80. 80. 80. 80. 80. 80. 80. 80. 80. 80. 80. 80. 80. 80. 80. 80. 80. 80. 80. 80. 80. 80. 80. 80. 80. 80.
  461  81. 81. 81. 81. 81. 81. 81. 81. 81. 81. 81. 81. 81. 81. 81. 81. 81. 81. 81. 81. 81. 81. 81. 81. 81. 81. 81. 81. 81. 81. 81. 81. 80. 80. 80. 80. 80. 80. 80. 80. 80. 80. 80. 80. 80. 80. 80. 80. 80. 80. 80. 80. 80. 80. 80. 80. 80. 80. 80. 80. 80. 80. 80. 80. 80. 80. 80. 80. 80. 80. 80. 80. 80. 80. 80. 80. 80. 80. 80. 80. 80. 80. 80. 80. 80. 80. 80. 80. 80. 80. 80. 80. 80. 80. 80. 80. 80. 80. 80. 80. 80. 80. 80. 80. 80. 80. 80. 80. 80. 80. 80. 80. 80. 80. 80. 80. 80. 80. 80. 80. 80. 80. 80. 80. 80. 80. 80. 80. 80. 80. 80. 80. 80. 80. 80. 80. 80. 80. 80. 80. 80. 80. 80. 80. 80. 80. 80. 80. 80. 80.
  460  81. 81. 81. 81. 81. 81. 81. 81. 81. 81. 81. 81. 81. 81. 81. 81. 81. 81. 81. 81. 81. 81. 81. 81. 81. 81. 81. 81. 81. 81. 81. 80. 80. 80. 80. 80. 80. 80. 80. 80. 80. 80. 80. 80. 80. 80. 80. 80. 80. 80. 80. 80. 80. 80. 80. 80. 80. 80. 80. 80. 80. 80. 80. 80. 80. 80. 80. 80. 80. 80. 80. 80. 80. 80. 80. 80. 80. 80. 80. 80. 80. 80. 80. 80. 80. 80. 80. 80. 80. 80. 80. 80. 80. 80. 80. 80. 80. 80. 80. 80. 80. 80. 80. 80. 80. 80. 80. 80. 80. 80. 80. 80. 80. 80. 80. 80. 80. 80. 80. 80. 80. 80. 80. 80. 80. 80. 80. 80. 80. 80. 80. 80. 80. 80. 80. 80. 80. 80. 80. 80. 80. 80. 80. 80. 80. 80. 80. 80. 80. 80.
  459  81. 81. 81. 81. 81. 81. 81. 81. 81. 81. 81. 81. 81. 81. 81. 81. 81. 81. 81. 81. 81. 81. 81. 81. 81. 81. 81. 81. 81. 80. 80. 80. 80. 80. 80. 80. 80. 80. 80. 80. 80. 80. 80. 80. 80. 80. 80. 80. 80. 80. 80. 80. 80. 80. 80. 80. 80. 80. 80. 80. 80. 80. 80. 80. 80. 80. 80. 80. 80. 80. 80. 80. 80. 80. 80. 80. 80. 80. 80. 80. 80. 80. 80. 80. 80. 80. 80. 80. 80. 80. 80. 80. 80. 80. 80. 80. 80. 80. 80. 80. 80. 80. 80. 80. 80. 80. 80. 80. 80. 80. 80. 80. 80. 80. 80. 80. 80. 80. 80. 80. 80. 80. 80. 80. 80. 80. 80. 80. 80. 80. 80. 80. 80. 80. 80. 80. 80. 80. 80. 80. 80. 80. 80. 80. 80. 80. 80. 80. 80. 80.
  458  81. 81. 81. 81. 81. 81. 81. 81. 81. 81. 81. 81. 81. 81. 81. 81. 81. 81. 81. 81. 81. 81. 81. 81. 81. 81. 81. 81. 80. 80. 80. 80. 80. 80. 80. 80. 80. 80. 80. 80. 80. 80. 80. 80. 80. 80. 80. 80. 80. 80. 80. 80. 80. 80. 80. 80. 80. 80. 80. 80. 80. 80. 80. 80. 80. 80. 80. 80. 80. 80. 80. 80. 80. 80. 80. 80. 80. 80. 80. 80. 80. 80. 80. 80. 80. 80. 80. 80. 80. 80. 80. 80. 80. 80. 80. 80. 80. 80. 80. 80. 80. 80. 80. 80. 80. 80. 80. 80. 80. 80. 80. 80. 80. 80. 80. 80. 80. 80. 80. 80. 80. 80. 80. 80. 80. 80. 80. 80. 80. 80. 80. 80. 80. 80. 80. 80. 80. 80. 80. 80. 80. 80. 80. 80. 80. 80. 80. 80. 80. 80.
  457  81. 81. 81. 81. 82. 82. 81. 81. 81. 81. 81. 81. 81. 81. 81. 81. 81. 81. 81. 81. 81. 81. 81. 81. 81. 81. 81. 80. 80. 80. 80. 80. 80. 80. 80. 80. 80. 80. 80. 80. 80. 80. 80. 80. 80. 80. 80. 80. 80. 80. 80. 80. 80. 80. 80. 80. 80. 80. 80. 80. 80. 80. 80. 80. 80. 80. 80. 80. 80. 80. 80. 80. 80. 80. 80. 80. 80. 80. 80. 80. 80. 80. 80. 80. 80. 80. 80. 80. 80. 80. 80. 80. 80. 80. 80. 80. 80. 80. 80. 80. 80. 80. 80. 80. 80. 80. 80. 80. 80. 80. 80. 80. 80. 80. 80. 80. 80. 80. 80. 80. 80. 80. 80. 80. 80. 80. 80. 80. 80. 80. 80. 80. 80. 80. 80. 80. 80. 80. 80. 80. 80. 80. 80. 80. 80. 80. 80. 80. 80. 80.
  456  81. 81. 81. 81. 82. 82. 81. 81. 81. 81. 82. 81. 81. 81. 81. 81. 81. 81. 81. 81. 81. 81. 81. 81. 81. 80. 80. 80. 80. 80. 80. 80. 80. 80. 80. 80. 80. 80. 80. 80. 80. 80. 80. 80. 80. 80. 80. 80. 80. 80. 80. 80. 80. 80. 80. 80. 80. 80. 80. 80. 80. 80. 80. 80. 80. 80. 80. 80. 80. 80. 80. 80. 80. 80. 80. 80. 80. 80. 80. 80. 80. 80. 80. 80. 80. 80. 80. 80. 80. 80. 80. 80. 80. 80. 80. 80. 80. 80. 80. 80. 80. 80. 80. 80. 80. 80. 80. 80. 80. 80. 80. 80. 80. 80. 80. 80. 80. 80. 80. 80. 80. 80. 80. 80. 80. 80. 80. 80. 80. 80. 80. 80. 80. 80. 80. 80. 80. 80. 80. 80. 80. 80. 80. 80. 80. 80. 80. 80. 80. 80.
  455  81. 81. 81. 81. 82. 82. 81. 81. 81. 81. 82. 82. 81. 81. 81. 81. 81. 81. 81. 81. 81. 81. 81. 81. 80. 80. 80. 80. 80. 80. 80. 80. 80. 80. 80. 80. 80. 80. 80. 80. 80. 80. 80. 80. 80. 80. 80. 80. 80. 80. 80. 80. 80. 80. 80. 80. 80. 80. 80. 80. 80. 80. 80. 80. 80. 80. 80. 80. 80. 80. 80. 80. 80. 80. 80. 80. 80. 80. 80. 80. 80. 80. 80. 80. 80. 80. 80. 80. 80. 80. 80. 80. 80. 80. 80. 80. 80. 80. 80. 80. 80. 80. 80. 80. 80. 80. 80. 80. 80. 80. 80. 80. 80. 80. 80. 80. 80. 80. 80. 80. 80. 80. 80. 80. 80. 80. 80. 80. 80. 80. 80. 80. 80. 80. 80. 80. 80. 80. 80. 80. 80. 80. 80. 80. 80. 80. 80. 80. 80. 80.
  454  81. 81. 81. 81. 82. 82. 81. 81. 81. 81. 82. 82. 81. 81. 81. 81. 81. 81. 81. 81. 81. 81. 80. 80. 80. 80. 80. 80. 80. 80. 80. 80. 80. 80. 80. 80. 80. 80. 80. 80. 80. 80. 80. 80. 80. 80. 80. 80. 80. 80. 80. 80. 80. 80. 80. 80. 80. 80. 80. 80. 80. 80. 80. 80. 80. 80. 80. 80. 80. 80. 80. 80. 80. 80. 80. 80. 80. 80. 80. 80. 80. 80. 80. 80. 80. 80. 80. 80. 80. 80. 80. 80. 80. 80. 80. 80. 80. 80. 80. 80. 80. 80. 80. 80. 80. 80. 80. 80. 80. 80. 80. 80. 80. 80. 80. 80. 80. 80. 80. 80. 80. 80. 80. 80. 80. 80. 80. 80. 80. 80. 80. 80. 80. 80. 80. 80. 80. 80. 80. 80. 80. 80. 80. 80. 80. 80. 80. 80. 80. 80.
  453  81. 81. 81. 81. 82. 82. 81. 81. 81. 81. 82. 82. 81. 81. 81. 81. 81. 81. 81. 81. 80. 80. 80. 80. 80. 80. 80. 80. 80. 80. 80. 80. 80. 80. 80. 80. 80. 80. 80. 80. 80. 80. 80. 80. 80. 80. 80. 80. 80. 80. 80. 80. 80. 80. 80. 80. 80. 80. 80. 80. 80. 80. 80. 80. 80. 80. 80. 80. 80. 80. 80. 80. 80. 80. 80. 80. 80. 80. 80. 80. 80. 80. 80. 80. 80. 80. 80. 80. 80. 80. 80. 80. 80. 80. 80. 80. 80. 80. 80. 80. 80. 80. 80. 80. 80. 80. 80. 80. 80. 80. 80. 80. 80. 80. 80. 80. 80. 80. 80. 80. 80. 80. 80. 80. 80. 80. 80. 80. 80. 80. 80. 80. 80. 80. 80. 80. 80. 80. 80. 80. 80. 80. 80. 80. 80. 80. 80. 80. 80. 80.
  452  81. 81. 81. 81. 82. 82. 81. 81. 81. 81. 82. 82. 81. 81. 81. 81. 81. 81. 81. 80. 80. 80. 80. 80. 80. 80. 80. 80. 80. 80. 80. 80. 80. 80. 80. 80. 80. 80. 80. 80. 80. 80. 80. 80. 80. 80. 80. 80. 80. 80. 80. 80. 80. 80. 80. 80. 80. 80. 80. 80. 80. 80. 80. 80. 80. 80. 80. 80. 80. 80. 80. 80. 80. 80. 80. 80. 80. 80. 80. 80. 80. 80. 80. 80. 80. 80. 80. 80. 80. 80. 80. 80. 80. 80. 80. 80. 80. 80. 80. 80. 80. 80. 80. 80. 80. 80. 80. 80. 80. 80. 80. 80. 80. 80. 80. 80. 80. 80. 80. 80. 80. 80. 80. 80. 80. 80. 80. 80. 80. 80. 80. 80. 80. 80. 80. 80. 80. 80. 80. 80. 80. 80. 80. 80. 80. 80. 80. 80. 80. 80.
  451  81. 81. 81. 81. 83. 83. 81. 81. 81. 81. 83. 83. 81. 81. 81. 81. 81. 80. 80. 80. 80. 80. 80. 80. 80. 80. 80. 80. 80. 80. 80. 80. 80. 80. 80. 80. 80. 80. 80. 80. 80. 80. 80. 80. 80. 80. 80. 80. 80. 80. 80. 80. 80. 80. 80. 80. 80. 80. 80. 80. 80. 80. 80. 80. 80. 80. 80. 80. 80. 80. 80. 80. 80. 80. 80. 80. 80. 80. 80. 80. 80. 80. 80. 80. 80. 80. 80. 80. 80. 80. 80. 80. 80. 80. 80. 80. 80. 80. 80. 80. 80. 80. 80. 80. 80. 80. 80. 80. 80. 80. 80. 80. 80. 80. 80. 80. 80. 80. 80. 80. 80. 80. 80. 80. 80. 80. 80. 80. 80. 80. 80. 80. 80. 80. 80. 80. 80. 80. 80. 80. 80. 80. 80. 80. 80. 80. 80. 80. 80. 80.
  450  81. 81. 81. 81. 83. 83. 81. 81. 81. 81. 83. 83. 81. 81. 81. 80. 80. 80. 80. 80. 80. 80. 80. 80. 80. 80. 80. 80. 80. 80. 80. 80. 80. 80. 80. 80. 80. 80. 80. 80. 80. 80. 80. 80. 80. 80. 80. 80. 80. 80. 80. 80. 80. 80. 80. 80. 80. 80. 80. 80. 80. 80. 80. 80. 80. 80. 80. 80. 80. 80. 80. 80. 80. 80. 80. 80. 80. 80. 80. 80. 80. 80. 80. 80. 80. 80. 80. 80. 80. 80. 80. 80. 80. 80. 80. 80. 80. 80. 80. 80. 80. 80. 80. 80. 80. 80. 80. 80. 80. 80. 80. 80. 80. 80. 80. 80. 80. 80. 80. 80. 80. 80. 80. 80. 80. 80. 80. 80. 80. 80. 80. 80. 80. 80. 80. 80. 80. 80. 80. 80. 80. 80. 80. 80. 80. 80. 80. 80. 80. 80.
  449  78. 80. 80. 78. 55. 55. 78. 80. 80. 78. 55. 55. 79. 80. 80. 80. 80. 80. 80. 80. 80. 80. 80. 80. 80. 80. 80. 80. 80. 80. 80. 80. 80. 80. 80. 80. 80. 80. 80. 80. 80. 80. 80. 80. 80. 80. 80. 80. 80. 80. 80. 80. 80. 80. 80. 80. 80. 80. 80. 80. 80. 80. 80. 80. 80. 80. 80. 80. 80. 80. 80. 80. 80. 80. 80. 80. 80. 80. 80. 80. 80. 80. 80. 80. 80. 80. 80. 80. 80. 80. 80. 80. 80. 80. 80. 80. 80. 80. 80. 80. 80. 80. 80. 80. 80. 80. 80. 80. 80. 80. 80. 80. 80. 80. 80. 80. 80. 80. 80. 80. 80. 80. 80. 80. 80. 80. 80. 80. 80. 80. 80. 80. 80. 80. 80. 80. 80. 80. 80. 80. 80. 80. 80. 80. 80. 80. 80. 80. 80. 80.
  448  77. 79. 79. 77. 58. 58. 77. 79. 79. 77. 58. 58. 77. 79. 80. 80. 80. 80. 80. 80. 80. 80. 80. 80. 80. 80. 80. 80. 80. 80. 80. 80. 80. 80. 80. 80. 80. 80. 80. 80. 80. 80. 80. 80. 80. 80. 80. 80. 80. 80. 80. 80. 80. 80. 80. 80. 80. 80. 80. 80. 80. 80. 80. 80. 80. 80. 80. 80. 80. 80. 80. 80. 80. 80. 80. 80. 80. 80. 80. 80. 80. 80. 80. 80. 80. 80. 80. 80. 80. 80. 80. 80. 80. 80. 80. 80. 80. 80. 80. 80. 80. 80. 80. 80. 80. 80. 80. 80. 80. 80. 80. 80. 80. 80. 80. 80. 80. 80. 80. 80. 80. 80. 80. 80. 80. 80. 80. 80. 80. 80. 80. 80. 80. 80. 80. 80. 80. 80. 80. 80. 80. 80. 80. 80. 80. 80. 80. 80. 80. 80.
  447  76. 78. 78. 76. 61. 61. 76. 78. 78. 76. 61. 61. 76. 79. 80. 80. 80. 80. 80. 80. 80. 80. 80. 80. 80. 80. 80. 80. 80. 80. 80. 80. 80. 80. 80. 80. 80. 80. 80. 80. 80. 80. 80. 80. 80. 80. 80. 80. 80. 80. 80. 80. 80. 80. 80. 80. 80. 80. 80. 80. 80. 80. 80. 80. 80. 80. 80. 80. 80. 80. 80. 80. 80. 80. 80. 80. 80. 80. 80. 80. 80. 80. 80. 80. 80. 80. 80. 80. 80. 80. 80. 80. 80. 80. 80. 80. 80. 80. 80. 80. 80. 80. 80. 80. 80. 80. 80. 80. 80. 80. 80. 80. 80. 80. 80. 80. 80. 80. 80. 80. 80. 80. 80. 80. 80. 80. 80. 80. 80. 80. 80. 80. 80. 80. 80. 80. 80. 80. 80. 80. 80. 80. 80. 80. 80. 80. 80. 80. 80. 80.
  446  75. 77. 77. 75. 63. 63. 75. 77. 77. 75. 63. 63. 76. 78. 79. 80. 80. 80. 80. 80. 80. 80. 80. 80. 80. 80. 80. 80. 80. 80. 80. 80. 80. 80. 80. 80. 80. 80. 80. 80. 80. 80. 80. 80. 80. 80. 80. 80. 80. 80. 80. 80. 80. 80. 80. 80. 80. 80. 80. 80. 80. 80. 80. 80. 80. 80. 80. 80. 80. 80. 80. 80. 80. 80. 80. 80. 80. 80. 80. 80. 80. 80. 80. 80. 80. 80. 80. 80. 80. 80. 80. 80. 80. 80. 80. 80. 80. 80. 80. 80. 80. 80. 80. 80. 80. 80. 80. 80. 80. 80. 80. 80. 80. 80. 80. 80. 80. 80. 80. 80. 80. 80. 80. 80. 80. 80. 80. 80. 80. 80. 80. 80. 80. 80. 80. 80. 80. 80. 80. 80. 80. 80. 80. 80. 80. 80. 80. 80. 80. 80.
  445  75. 76. 76. 75. 65. 65. 75. 76. 76. 75. 65. 65. 75. 78. 79. 80. 80. 80. 80. 80. 80. 80. 80. 80. 80. 80. 80. 80. 80. 80. 80. 80. 80. 80. 80. 80. 80. 80. 80. 80. 80. 80. 80. 80. 80. 80. 80. 80. 80. 80. 80. 80. 80. 80. 80. 80. 80. 80. 80. 80. 80. 80. 80. 80. 80. 80. 80. 80. 80. 80. 80. 80. 80. 80. 80. 80. 80. 80. 80. 80. 80. 80. 80. 80. 80. 80. 80. 80. 80. 80. 80. 80. 80. 80. 80. 80. 80. 80. 80. 80. 80. 80. 80. 80. 80. 80. 80. 80. 80. 80. 80. 80. 80. 80. 80. 80. 80. 80. 80. 80. 80. 80. 80. 80. 80. 80. 80. 80. 80. 80. 80. 80. 80. 80. 80. 80. 80. 80. 80. 80. 80. 80. 80. 80. 80. 80. 80. 80. 80. 80.
  444  74. 76. 76. 74. 66. 66. 74. 76. 76. 74. 66. 66. 75. 77. 79. 79. 80. 80. 80. 80. 80. 80. 80. 80. 80. 80. 80. 80. 80. 80. 80. 80. 80. 80. 80. 80. 80. 80. 80. 80. 80. 80. 80. 80. 80. 80. 80. 80. 80. 80. 80. 80. 80. 80. 80. 80. 80. 80. 80. 80. 80. 80. 80. 80. 80. 80. 80. 80. 80. 80. 80. 80. 80. 80. 80. 80. 80. 80. 80. 80. 80. 80. 80. 80. 80. 80. 80. 80. 80. 80. 80. 80. 80. 80. 80. 80. 80. 80. 80. 80. 80. 80. 80. 80. 80. 80. 80. 80. 80. 80. 80. 80. 80. 80. 80. 80. 80. 80. 80. 80. 80. 80. 80. 80. 80. 80. 80. 80. 80. 80. 80. 80. 80. 80. 80. 80. 80. 80. 80. 80. 80. 80. 80. 80. 80. 80. 80. 80. 80. 80.
  443  74. 75. 75. 74. 67. 67. 74. 75. 75. 74. 67. 68. 75. 77. 78. 79. 80. 80. 80. 80. 80. 80. 80. 80. 80. 80. 80. 80. 80. 80. 80. 80. 80. 80. 80. 80. 80. 80. 80. 80. 80. 80. 80. 80. 80. 80. 80. 80. 80. 80. 80. 80. 80. 80. 80. 80. 80. 80. 80. 80. 80. 80. 80. 80. 80. 80. 80. 80. 80. 80. 80. 80. 80. 80. 80. 80. 80. 80. 80. 80. 80. 80. 80. 80. 80. 80. 80. 80. 80. 80. 80. 80. 80. 80. 80. 80. 80. 80. 80. 80. 80. 80. 80. 80. 80. 80. 80. 80. 80. 80. 80. 80. 80. 80. 80. 80. 80. 80. 80. 80. 80. 80. 80. 80. 80. 80. 80. 80. 80. 80. 80. 80. 80. 80. 80. 80. 80. 80. 80. 80. 80. 80. 80. 80. 80. 80. 80. 80. 80. 80.
  442  74. 75. 75. 74. 68. 68. 74. 75. 75. 74. 68. 69. 75. 77. 78. 79. 80. 80. 80. 80. 80. 80. 80. 80. 80. 80. 80. 80. 80. 80. 80. 80. 80. 80. 80. 80. 80. 80. 80. 80. 80. 80. 80. 80. 80. 80. 80. 80. 80. 80. 80. 80. 80. 80. 80. 80. 80. 80. 80. 80. 80. 80. 80. 80. 80. 80. 80. 80. 80. 80. 80. 80. 80. 80. 80. 80. 80. 80. 80. 80. 80. 80. 80. 80. 80. 80. 80. 80. 80. 80. 80. 80. 80. 80. 80. 80. 80. 80. 80. 80. 80. 80. 80. 80. 80. 80. 80. 80. 80. 80. 80. 80. 80. 80. 80. 80. 80. 80. 80. 80. 80. 80. 80. 80. 80. 80. 80. 80. 80. 80. 80. 80. 80. 80. 80. 80. 80. 80. 80. 80. 80. 80. 80. 80. 80. 80. 80. 80. 80. 80.
  441  74. 75. 75. 74. 68. 68. 74. 75. 75. 74. 69. 69. 75. 77. 78. 79. 79. 80. 80. 80. 80. 80. 80. 80. 80. 80. 80. 80. 80. 80. 80. 80. 80. 80. 80. 80. 80. 80. 80. 80. 80. 80. 80. 80. 80. 80. 80. 80. 80. 80. 80. 80. 80. 80. 80. 80. 80. 80. 80. 80. 80. 80. 80. 80. 80. 80. 80. 80. 80. 80. 80. 80. 80. 80. 80. 80. 80. 80. 80. 80. 80. 80. 80. 80. 80. 80. 80. 80. 80. 80. 80. 80. 80. 80. 80. 80. 80. 80. 80. 80. 80. 80. 80. 80. 80. 80. 80. 80. 80. 80. 80. 80. 80. 80. 80. 80. 80. 80. 80. 80. 80. 80. 80. 80. 80. 80. 80. 80. 80. 80. 80. 80. 80. 80. 80. 80. 80. 80. 80. 80. 80. 80. 80. 80. 80. 80. 80. 80. 80. 80.
  440  74. 74. 74. 74. 69. 69. 74. 74. 74. 74. 70. 70. 75. 77. 78. 79. 79. 80. 80. 80. 80. 80. 80. 80. 80. 80. 80. 80. 80. 80. 80. 80. 80. 80. 80. 80. 80. 80. 80. 80. 80. 80. 80. 80. 80. 80. 80. 80. 80. 80. 80. 80. 80. 80. 80. 80. 80. 80. 80. 80. 80. 80. 80. 80. 80. 80. 80. 80. 80. 80. 80. 80. 80. 80. 80. 80. 80. 80. 80. 80. 80. 80. 80. 80. 80. 80. 80. 80. 80. 80. 80. 80. 80. 80. 80. 80. 80. 80. 80. 80. 80. 80. 80. 80. 80. 80. 80. 80. 80. 80. 80. 80. 80. 80. 80. 80. 80. 80. 80. 80. 80. 80. 80. 80. 80. 80. 80. 80. 80. 80. 80. 80. 80. 80. 80. 80. 80. 80. 80. 80. 80. 80. 80. 80. 80. 80. 80. 80. 80. 80.
  439  74. 74. 74. 73. 69. 69. 73. 74. 74. 74. 70. 71. 75. 77. 78. 78. 79. 79. 80. 80. 80. 80. 80. 80. 80. 80. 80. 80. 80. 80. 80. 80. 80. 80. 80. 80. 80. 80. 80. 80. 80. 80. 80. 80. 80. 80. 80. 80. 80. 80. 80. 80. 80. 80. 80. 80. 80. 80. 80. 80. 80. 80. 80. 80. 80. 80. 80. 80. 80. 80. 80. 80. 80. 80. 80. 80. 80. 80. 80. 80. 80. 80. 80. 80. 80. 80. 80. 80. 80. 80. 80. 80. 80. 80. 80. 80. 80. 80. 80. 80. 80. 80. 80. 80. 80. 80. 80. 80. 80. 80. 80. 80. 80. 80. 80. 80. 80. 80. 80. 80. 80. 80. 80. 80. 80. 80. 80. 80. 80. 80. 80. 80. 80. 80. 80. 80. 80. 80. 80. 80. 80. 80. 80. 80. 80. 80. 80. 80. 80. 80.
  438  74. 74. 74. 73. 70. 70. 73. 74. 74. 74. 71. 71. 75. 77. 78. 78. 79. 79. 80. 80. 80. 80. 80. 80. 80. 80. 80. 80. 80. 80. 80. 80. 80. 80. 80. 80. 80. 80. 80. 80. 80. 80. 80. 80. 80. 80. 80. 80. 80. 80. 80. 80. 80. 80. 80. 80. 80. 80. 80. 80. 80. 80. 80. 80. 80. 80. 80. 80. 80. 80. 80. 80. 80. 80. 80. 80. 80. 80. 80. 80. 80. 80. 80. 80. 80. 80. 80. 80. 80. 80. 80. 80. 80. 80. 80. 80. 80. 80. 80. 80. 80. 80. 80. 80. 80. 80. 80. 80. 80. 80. 80. 80. 80. 80. 80. 80. 80. 80. 80. 80. 80. 80. 80. 80. 80. 80. 80. 80. 80. 80. 80. 80. 80. 80. 80. 80. 80. 80. 80. 80. 80. 80. 80. 80. 80. 80. 80. 80. 80. 80.
  437  74. 74. 74. 73. 70. 70. 73. 74. 74. 74. 71. 71. 75. 77. 77. 78. 79. 79. 80. 80. 80. 80. 80. 80. 80. 80. 80. 80. 80. 80. 80. 80. 80. 80. 80. 80. 80. 80. 80. 80. 80. 80. 80. 80. 80. 80. 80. 80. 80. 80. 80. 80. 80. 80. 80. 80. 80. 80. 80. 80. 80. 80. 80. 80. 80. 80. 80. 80. 80. 80. 80. 80. 80. 80. 80. 80. 80. 80. 80. 80. 80. 80. 80. 80. 80. 80. 80. 80. 80. 80. 80. 80. 80. 80. 80. 80. 80. 80. 80. 80. 80. 80. 80. 80. 80. 80. 80. 80. 80. 80. 80. 80. 80. 80. 80. 80. 80. 80. 80. 80. 80. 80. 80. 80. 80. 80. 80. 80. 80. 80. 80. 80. 80. 80. 80. 80. 80. 80. 80. 80. 80. 80. 80. 80. 80. 80. 80. 80. 80. 80.
  436  74. 74. 74. 73. 70. 70. 73. 74. 74. 74. 71. 72. 75. 76. 77. 78. 79. 79. 79. 80. 80. 80. 80. 80. 80. 80. 80. 80. 80. 80. 80. 80. 80. 80. 80. 80. 80. 80. 80. 80. 80. 80. 80. 80. 80. 80. 80. 80. 80. 80. 80. 80. 80. 80. 80. 80. 80. 80. 80. 80. 80. 80. 80. 80. 80. 80. 80. 80. 80. 80. 80. 80. 80. 80. 80. 80. 80. 80. 80. 80. 80. 80. 80. 80. 80. 80. 80. 80. 80. 80. 80. 80. 80. 80. 80. 80. 80. 80. 80. 80. 80. 80. 80. 80. 80. 80. 80. 80. 80. 80. 80. 80. 80. 80. 80. 80. 80. 80. 80. 80. 80. 80. 80. 80. 80. 80. 80. 80. 80. 80. 80. 80. 80. 80. 80. 80. 80. 80. 80. 80. 80. 80. 80. 80. 80. 80. 80. 80. 80. 80.
  435  74. 74. 74. 73. 71. 71. 73. 74. 74. 74. 72. 72. 75. 76. 77. 78. 79. 79. 79. 80. 80. 80. 80. 80. 80. 80. 80. 80. 80. 80. 80. 80. 80. 80. 80. 80. 80. 80. 80. 80. 80. 80. 80. 80. 80. 80. 80. 80. 80. 80. 80. 80. 80. 80. 80. 80. 80. 80. 80. 80. 80. 80. 80. 80. 80. 80. 80. 80. 80. 80. 80. 80. 80. 80. 80. 80. 80. 80. 80. 80. 80. 80. 80. 80. 80. 80. 80. 80. 80. 80. 80. 80. 80. 80. 80. 80. 80. 80. 80. 80. 80. 80. 80. 80. 80. 80. 80. 80. 80. 80. 80. 80. 80. 80. 80. 80. 80. 80. 80. 80. 80. 80. 80. 80. 80. 80. 80. 80. 80. 80. 80. 80. 80. 80. 80. 80. 80. 80. 80. 80. 80. 80. 80. 80. 80. 80. 80. 80. 80. 80.
  434  74. 74. 74. 74. 71. 71. 74. 74. 74. 74. 72. 72. 75. 76. 77. 78. 78. 79. 79. 80. 80. 80. 80. 80. 80. 80. 80. 80. 80. 80. 80. 80. 80. 80. 80. 80. 80. 80. 80. 80. 80. 80. 80. 80. 80. 80. 80. 80. 80. 80. 80. 80. 80. 80. 80. 80. 80. 80. 80. 80. 80. 80. 80. 80. 80. 80. 80. 80. 80. 80. 80. 80. 80. 80. 80. 80. 80. 80. 80. 80. 80. 80. 80. 80. 80. 80. 80. 80. 80. 80. 80. 80. 80. 80. 80. 80. 80. 80. 80. 80. 80. 80. 80. 80. 80. 80. 80. 80. 80. 80. 80. 80. 80. 80. 80. 80. 80. 80. 80. 80. 80. 80. 80. 80. 80. 80. 80. 80. 80. 80. 80. 80. 80. 80. 80. 80. 80. 80. 80. 80. 80. 80. 80. 80. 80. 80. 80. 80. 80. 80.
  433  74. 74. 74. 74. 71. 71. 74. 74. 74. 74. 72. 73. 76. 76. 77. 78. 78. 79. 79. 79. 80. 80. 80. 80. 80. 80. 80. 80. 80. 80. 80. 80. 80. 80. 80. 80. 80. 80. 80. 80. 80. 80. 80. 80. 80. 80. 80. 80. 80. 80. 80. 80. 80. 80. 80. 80. 80. 80. 80. 80. 80. 80. 80. 80. 80. 80. 80. 80. 80. 80. 80. 80. 80. 80. 80. 80. 80. 80. 80. 80. 80. 80. 80. 80. 80. 80. 80. 80. 80. 80. 80. 80. 80. 80. 80. 80. 80. 80. 80. 80. 80. 80. 80. 80. 80. 80. 80. 80. 80. 80. 80. 80. 80. 80. 80. 80. 80. 80. 80. 80. 80. 80. 80. 80. 80. 80. 80. 80. 80. 80. 80. 80. 80. 80. 80. 80. 80. 80. 80. 80. 80. 80. 80. 80. 80. 80. 80. 80. 80. 80.
  432  74. 74. 74. 74. 71. 71. 74. 74. 74. 74. 73. 73. 76. 76. 77. 78. 78. 79. 79. 79. 80. 80. 80. 80. 80. 80. 80. 80. 80. 80. 80. 80. 80. 80. 80. 80. 80. 80. 80. 80. 80. 80. 80. 80. 80. 80. 80. 80. 80. 80. 80. 80. 80. 80. 80. 80. 80. 80. 80. 80. 80. 80. 80. 80. 80. 80. 80. 80. 80. 80. 80. 80. 80. 80. 80. 80. 80. 80. 80. 80. 80. 80. 80. 80. 80. 80. 80. 80. 80. 80. 80. 80. 80. 80. 80. 80. 80. 80. 80. 80. 80. 80. 80. 80. 80. 80. 80. 80. 80. 80. 80. 80. 80. 80. 80. 80. 80. 80. 80. 80. 80. 80. 80. 80. 80. 80. 80. 80. 80. 80. 80. 80. 80. 80. 80. 80. 80. 80. 80. 80. 80. 80. 80. 80. 80. 80. 80. 80. 80. 80.
  431  74. 74. 74. 74. 72. 72. 74. 74. 74. 74. 73. 73. 76. 76. 77. 78. 78. 79. 79. 79. 79. 80. 80. 80. 80. 80. 80. 80. 80. 80. 80. 80. 80. 80. 80. 80. 80. 80. 80. 80. 80. 80. 80. 80. 80. 80. 80. 80. 80. 80. 80. 80. 80. 80. 80. 80. 80. 80. 80. 80. 80. 80. 80. 80. 80. 80. 80. 80. 80. 80. 80. 80. 80. 80. 80. 80. 80. 80. 80. 80. 80. 80. 80. 80. 80. 80. 80. 80. 80. 80. 80. 80. 80. 80. 80. 80. 80. 80. 80. 80. 80. 80. 80. 80. 80. 80. 80. 80. 80. 80. 80. 80. 80. 80. 80. 80. 80. 80. 80. 80. 80. 80. 80. 80. 80. 80. 80. 80. 80. 80. 80. 80. 80. 80. 80. 80. 80. 80. 80. 80. 80. 80. 80. 80. 80. 80. 80. 80. 80. 80.
  430  74. 74. 74. 74. 72. 72. 74. 74. 74. 74. 73. 73. 76. 76. 77. 78. 78. 79. 79. 79. 79. 80. 80. 80. 80. 80. 80. 80. 80. 80. 80. 80. 80. 80. 80. 80. 80. 80. 80. 80. 80. 80. 80. 80. 80. 80. 80. 80. 80. 80. 80. 80. 80. 80. 80. 80. 80. 80. 80. 80. 80. 80. 80. 80. 80. 80. 80. 80. 80. 80. 80. 80. 80. 80. 80. 80. 80. 80. 80. 80. 80. 80. 80. 80. 80. 80. 80. 80. 80. 80. 80. 80. 80. 80. 80. 80. 80. 80. 80. 80. 80. 80. 80. 80. 80. 80. 80. 80. 80. 80. 80. 80. 80. 80. 80. 80. 80. 80. 80. 80. 80. 80. 80. 80. 80. 80. 80. 80. 80. 80. 80. 80. 80. 80. 80. 80. 80. 80. 80. 80. 80. 80. 80. 80. 80. 80. 80. 80. 80. 80.
  429  74. 74. 74. 74. 72. 72. 74. 74. 74. 74. 73. 74. 76. 76. 77. 78. 78. 78. 79. 79. 79. 80. 80. 80. 80. 80. 80. 80. 80. 80. 80. 80. 80. 80. 80. 80. 80. 80. 80. 80. 80. 80. 80. 80. 80. 80. 80. 80. 80. 80. 80. 80. 80. 80. 80. 80. 80. 80. 80. 80. 80. 80. 80. 80. 80. 80. 80. 80. 80. 80. 80. 80. 80. 80. 80. 80. 80. 80. 80. 80. 80. 80. 80. 80. 80. 80. 80. 80. 80. 80. 80. 80. 80. 80. 80. 80. 80. 80. 80. 80. 80. 80. 80. 80. 80. 80. 80. 80. 80. 80. 80. 80. 80. 80. 80. 80. 80. 80. 80. 80. 80. 80. 80. 80. 80. 80. 80. 80. 80. 80. 80. 80. 80. 80. 80. 80. 80. 80. 80. 80. 80. 80. 80. 80. 80. 80. 80. 80. 80. 80.
  428  75. 75. 74. 74. 72. 72. 74. 74. 75. 75. 73. 74. 76. 76. 77. 78. 78. 78. 79. 79. 79. 79. 80. 80. 80. 80. 80. 80. 80. 80. 80. 80. 80. 80. 80. 80. 80. 80. 80. 80. 80. 80. 80. 80. 80. 80. 80. 80. 80. 80. 80. 80. 80. 80. 80. 80. 80. 80. 80. 80. 80. 80. 80. 80. 80. 80. 80. 80. 80. 80. 80. 80. 80. 80. 80. 80. 80. 80. 80. 80. 80. 80. 80. 80. 80. 80. 80. 80. 80. 80. 80. 80. 80. 80. 80. 80. 80. 80. 80. 80. 80. 80. 80. 80. 80. 80. 80. 80. 80. 80. 80. 80. 80. 80. 80. 80. 80. 80. 80. 80. 80. 80. 80. 80. 80. 80. 80. 80. 80. 80. 80. 80. 80. 80. 80. 80. 80. 80. 80. 80. 80. 80. 80. 80. 80. 80. 80. 80. 80. 80.
  427  75. 75. 74. 74. 73. 73. 74. 74. 75. 75. 74. 74. 76. 76. 77. 77. 78. 78. 79. 79. 79. 79. 80. 80. 80. 80. 80. 80. 80. 80. 80. 80. 80. 80. 80. 80. 80. 80. 80. 80. 80. 80. 80. 80. 80. 80. 80. 80. 80. 80. 80. 80. 80. 80. 80. 80. 80. 80. 80. 80. 80. 80. 80. 80. 80. 80. 80. 80. 80. 80. 80. 80. 80. 80. 80. 80. 80. 80. 80. 80. 80. 80. 80. 80. 80. 80. 80. 80. 80. 80. 80. 80. 80. 80. 80. 80. 80. 80. 80. 80. 80. 80. 80. 80. 80. 80. 80. 80. 80. 80. 80. 80. 80. 80. 80. 80. 80. 80. 80. 80. 80. 80. 80. 80. 80. 80. 80. 80. 80. 80. 80. 80. 80. 80. 80. 80. 80. 80. 80. 80. 80. 80. 80. 80. 80. 80. 80. 80. 80. 80.
  426  75. 75. 74. 74. 73. 73. 74. 74. 75. 75. 74. 74. 76. 76. 77. 77. 78. 78. 79. 79. 79. 79. 80. 80. 80. 80. 80. 80. 80. 80. 80. 80. 80. 80. 80. 80. 80. 80. 80. 80. 80. 80. 80. 80. 80. 80. 80. 80. 80. 80. 80. 80. 80. 80. 80. 80. 80. 80. 80. 80. 80. 80. 80. 80. 80. 80. 80. 80. 80. 80. 80. 80. 80. 80. 80. 80. 80. 80. 80. 80. 80. 80. 80. 80. 80. 80. 80. 80. 80. 80. 80. 80. 80. 80. 80. 80. 80. 80. 80. 80. 80. 80. 80. 80. 80. 80. 80. 80. 80. 80. 80. 80. 80. 80. 80. 80. 80. 80. 80. 80. 80. 80. 80. 80. 80. 80. 80. 80. 80. 80. 80. 80. 80. 80. 80. 80. 80. 80. 80. 80. 80. 80. 80. 80. 80. 80. 80. 80. 80. 80.
  425  75. 75. 75. 74. 73. 73. 74. 75. 75. 75. 74. 74. 76. 76. 77. 77. 78. 78. 79. 79. 79. 79. 79. 80. 80. 80. 80. 80. 80. 80. 80. 80. 80. 80. 80. 80. 80. 80. 80. 80. 80. 80. 80. 80. 80. 80. 80. 80. 80. 80. 80. 80. 80. 80. 80. 80. 80. 80. 80. 80. 80. 80. 80. 80. 80. 80. 80. 80. 80. 80. 80. 80. 80. 80. 80. 80. 80. 80. 80. 80. 80. 80. 80. 80. 80. 80. 80. 80. 80. 80. 80. 80. 80. 80. 80. 80. 80. 80. 80. 80. 80. 80. 80. 80. 80. 80. 80. 80. 80. 80. 80. 80. 80. 80. 80. 80. 80. 80. 80. 80. 80. 80. 80. 80. 80. 80. 80. 80. 80. 80. 80. 80. 80. 80. 80. 80. 80. 80. 80. 80. 80. 80. 80. 80. 80. 80. 80. 80. 80. 80.
  424  75. 75. 75. 74. 73. 73. 74. 75. 75. 75. 74. 74. 76. 76. 77. 77. 78. 78. 78. 79. 79. 79. 79. 80. 80. 80. 80. 80. 80. 80. 80. 80. 80. 80. 80. 80. 80. 80. 80. 80. 80. 80. 80. 80. 80. 80. 80. 80. 80. 80. 80. 80. 80. 80. 80. 80. 80. 80. 80. 80. 80. 80. 80. 80. 80. 80. 80. 80. 80. 80. 80. 80. 80. 80. 80. 80. 80. 80. 80. 80. 80. 80. 80. 80. 80. 80. 80. 80. 80. 80. 80. 80. 80. 80. 80. 80. 80. 80. 80. 80. 80. 80. 80. 80. 80. 80. 80. 80. 80. 80. 80. 80. 80. 80. 80. 80. 80. 80. 80. 80. 80. 80. 80. 80. 80. 80. 80. 80. 80. 80. 80. 80. 80. 80. 80. 80. 80. 80. 80. 80. 80. 80. 80. 80. 80. 80. 80. 80. 80. 80.
  423  75. 75. 75. 74. 73. 73. 74. 75. 75. 75. 74. 74. 76. 76. 77. 77. 78. 78. 78. 79. 79. 79. 79. 80. 80. 80. 80. 80. 80. 80. 80. 80. 80. 80. 80. 80. 80. 80. 80. 80. 80. 80. 80. 80. 80. 80. 80. 80. 80. 80. 80. 80. 80. 80. 80. 80. 80. 80. 80. 80. 80. 80. 80. 80. 80. 80. 80. 80. 80. 80. 80. 80. 80. 80. 80. 80. 80. 80. 80. 80. 80. 80. 80. 80. 80. 80. 80. 80. 80. 80. 80. 80. 80. 80. 80. 80. 80. 80. 80. 80. 80. 80. 80. 80. 80. 80. 80. 80. 80. 80. 80. 80. 80. 80. 80. 80. 80. 80. 80. 80. 80. 80. 80. 80. 80. 80. 80. 80. 80. 80. 80. 80. 80. 80. 80. 80. 80. 80. 80. 80. 80. 80. 80. 80. 80. 80. 80. 80. 80. 80.
  422  75. 75. 75. 75. 73. 73. 75. 75. 75. 75. 74. 75. 76. 77. 77. 77. 78. 78. 78. 79. 79. 79. 79. 79. 80. 80. 80. 80. 80. 80. 80. 80. 80. 80. 80. 80. 80. 80. 80. 80. 80. 80. 80. 80. 80. 80. 80. 80. 80. 80. 80. 80. 80. 80. 80. 80. 80. 80. 80. 80. 80. 80. 80. 80. 80. 80. 80. 80. 80. 80. 80. 80. 80. 80. 80. 80. 80. 80. 80. 80. 80. 80. 80. 80. 80. 80. 80. 80. 80. 80. 80. 80. 80. 80. 80. 80. 80. 80. 80. 80. 80. 80. 80. 80. 80. 80. 80. 80. 80. 80. 80. 80. 80. 80. 80. 80. 80. 80. 80. 80. 80. 80. 80. 80. 80. 80. 80. 80. 80. 80. 80. 80. 80. 80. 80. 80. 80. 80. 80. 80. 80. 80. 80. 80. 80. 80. 80. 80. 80. 80.
  421  75. 75. 75. 75. 74. 74. 75. 75. 75. 75. 74. 75. 76. 77. 77. 77. 78. 78. 78. 79. 79. 79. 79. 79. 80. 80. 80. 80. 80. 80. 80. 80. 80. 80. 80. 80. 80. 80. 80. 80. 80. 80. 80. 80. 80. 80. 80. 80. 80. 80. 80. 80. 80. 80. 80. 80. 80. 80. 80. 80. 80. 80. 80. 80. 80. 80. 80. 80. 80. 80. 80. 80. 80. 80. 80. 80. 80. 80. 80. 80. 80. 80. 80. 80. 80. 80. 80. 80. 80. 80. 80. 80. 80. 80. 80. 80. 80. 80. 80. 80. 80. 80. 80. 80. 80. 80. 80. 80. 80. 80. 80. 80. 80. 80. 80. 80. 80. 80. 80. 80. 80. 80. 80. 80. 80. 80. 80. 80. 80. 80. 80. 80. 80. 80. 80. 80. 80. 80. 80. 80. 80. 80. 80. 80. 80. 80. 80. 80. 80. 80.
  420  75. 75. 75. 75. 74. 74. 75. 75. 75. 75. 75. 75. 76. 77. 77. 77. 78. 78. 78. 79. 79. 79. 79. 79. 80. 80. 80. 80. 80. 80. 80. 80. 80. 80. 80. 80. 80. 80. 80. 80. 80. 80. 80. 80. 80. 80. 80. 80. 80. 80. 80. 80. 80. 80. 80. 80. 80. 80. 80. 80. 80. 80. 80. 80. 80. 80. 80. 80. 80. 80. 80. 80. 80. 80. 80. 80. 80. 80. 80. 80. 80. 80. 80. 80. 80. 80. 80. 80. 80. 80. 80. 80. 80. 80. 80. 80. 80. 80. 80. 80. 80. 80. 80. 80. 80. 80. 80. 80. 80. 80. 80. 80. 80. 80. 80. 80. 80. 80. 80. 80. 80. 80. 80. 80. 80. 80. 80. 80. 80. 80. 80. 80. 80. 80. 80. 80. 80. 80. 80. 80. 80. 80. 80. 80. 80. 80. 80. 80. 80. 80.
  419  75. 75. 75. 75. 74. 74. 75. 75. 75. 75. 75. 75. 76. 77. 77. 77. 78. 78. 78. 79. 79. 79. 79. 79. 79. 80. 80. 80. 80. 80. 80. 80. 80. 80. 80. 80. 80. 80. 80. 80. 80. 80. 80. 80. 80. 80. 80. 80. 80. 80. 80. 80. 80. 80. 80. 80. 80. 80. 80. 80. 80. 80. 80. 80. 80. 80. 80. 80. 80. 80. 80. 80. 80. 80. 80. 80. 80. 80. 80. 80. 80. 80. 80. 80. 80. 80. 80. 80. 80. 80. 80. 80. 80. 80. 80. 80. 80. 80. 80. 80. 80. 80. 80. 80. 80. 80. 80. 80. 80. 80. 80. 80. 80. 80. 80. 80. 80. 80. 80. 80. 80. 80. 80. 80. 80. 80. 80. 80. 80. 80. 80. 80. 80. 80. 80. 80. 80. 80. 80. 80. 80. 80. 80. 80. 80. 80. 80. 80. 80. 80.
  418  75. 75. 75. 75. 74. 74. 75. 75. 75. 75. 75. 75. 76. 77. 77. 77. 78. 78. 78. 78. 79. 79. 79. 79. 79. 80. 80. 80. 80. 80. 80. 80. 80. 80. 80. 80. 80. 80. 80. 80. 80. 80. 80. 80. 80. 80. 80. 80. 80. 80. 80. 80. 80. 80. 80. 80. 80. 80. 80. 80. 80. 80. 80. 80. 80. 80. 80. 80. 80. 80. 80. 80. 80. 80. 80. 80. 80. 80. 80. 80. 80. 80. 80. 80. 80. 80. 80. 80. 80. 80. 80. 80. 80. 80. 80. 80. 80. 80. 80. 80. 80. 80. 80. 80. 80. 80. 80. 80. 80. 80. 80. 80. 80. 80. 80. 80. 80. 80. 80. 80. 80. 80. 80. 80. 80. 80. 80. 80. 80. 80. 80. 80. 80. 80. 80. 80. 80. 80. 80. 80. 80. 80. 80. 80. 80. 80. 80. 80. 80. 80.
  417  75. 75. 75. 75. 74. 74. 75. 75. 75. 75. 75. 75. 76. 77. 77. 77. 78. 78. 78. 78. 79. 79. 79. 79. 79. 80. 80. 80. 80. 80. 80. 80. 80. 80. 80. 80. 80. 80. 80. 80. 80. 80. 80. 80. 80. 80. 80. 80. 80. 80. 80. 80. 80. 80. 80. 80. 80. 80. 80. 80. 80. 80. 80. 80. 80. 80. 80. 80. 80. 80. 80. 80. 80. 80. 80. 80. 80. 80. 80. 80. 80. 80. 80. 80. 80. 80. 80. 80. 80. 80. 80. 80. 80. 80. 80. 80. 80. 80. 80. 80. 80. 80. 80. 80. 80. 80. 80. 80. 80. 80. 80. 80. 80. 80. 80. 80. 80. 80. 80. 80. 80. 80. 80. 80. 80. 80. 80. 80. 80. 80. 80. 80. 80. 80. 80. 80. 80. 80. 80. 80. 80. 80. 80. 80. 80. 80. 80. 80. 80. 80.
  416  76. 76. 75. 75. 74. 74. 75. 75. 76. 76. 75. 75. 76. 77. 77. 77. 78. 78. 78. 78. 79. 79. 79. 79. 79. 79. 80. 80. 80. 80. 80. 80. 80. 80. 80. 80. 80. 80. 80. 80. 80. 80. 80. 80. 80. 80. 80. 80. 80. 80. 80. 80. 80. 80. 80. 80. 80. 80. 80. 80. 80. 80. 80. 80. 80. 80. 80. 80. 80. 80. 80. 80. 80. 80. 80. 80. 80. 80. 80. 80. 80. 80. 80. 80. 80. 80. 80. 80. 80. 80. 80. 80. 80. 80. 80. 80. 80. 80. 80. 80. 80. 80. 80. 80. 80. 80. 80. 80. 80. 80. 80. 80. 80. 80. 80. 80. 80. 80. 80. 80. 80. 80. 80. 80. 80. 80. 80. 80. 80. 80. 80. 80. 80. 80. 80. 80. 80. 80. 80. 80. 80. 80. 80. 80. 80. 80. 80. 80. 80. 80.
  415  76. 76. 75. 75. 75. 75. 75. 75. 76. 76. 75. 75. 76. 77. 77. 77. 78. 78. 78. 78. 79. 79. 79. 79. 79. 79. 80. 80. 80. 80. 80. 80. 80. 80. 80. 80. 80. 80. 80. 80. 80. 80. 80. 80. 80. 80. 80. 80. 80. 80. 80. 80. 80. 80. 80. 80. 80. 80. 80. 80. 80. 80. 80. 80. 80. 80. 80. 80. 80. 80. 80. 80. 80. 80. 80. 80. 80. 80. 80. 80. 80. 80. 80. 80. 80. 80. 80. 80. 80. 80. 80. 80. 80. 80. 80. 80. 80. 80. 80. 80. 80. 80. 80. 80. 80. 80. 80. 80. 80. 80. 80. 80. 80. 80. 80. 80. 80. 80. 80. 80. 80. 80. 80. 80. 80. 80. 80. 80. 80. 80. 80. 80. 80. 80. 80. 80. 80. 80. 80. 80. 80. 80. 80. 80. 80. 80. 80. 80. 80. 80.
  414  76. 76. 76. 75. 75. 75. 75. 76. 76. 76. 75. 75. 76. 77. 77. 77. 78. 78. 78. 78. 79. 79. 79. 79. 79. 79. 80. 80. 80. 80. 80. 80. 80. 80. 80. 80. 80. 80. 80. 80. 80. 80. 80. 80. 80. 80. 80. 80. 80. 80. 80. 80. 80. 80. 80. 80. 80. 80. 80. 80. 80. 80. 80. 80. 80. 80. 80. 80. 80. 80. 80. 80. 80. 80. 80. 80. 80. 80. 80. 80. 80. 80. 80. 80. 80. 80. 80. 80. 80. 80. 80. 80. 80. 80. 80. 80. 80. 80. 80. 80. 80. 80. 80. 80. 80. 80. 80. 80. 80. 80. 80. 80. 80. 80. 80. 80. 80. 80. 80. 80. 80. 80. 80. 80. 80. 80. 80. 80. 80. 80. 80. 80. 80. 80. 80. 80. 80. 80. 80. 80. 80. 80. 80. 80. 80. 80. 80. 80. 80. 80.
  413  76. 76. 76. 75. 75. 75. 75. 76. 76. 76. 75. 76. 76. 77. 77. 77. 78. 78. 78. 78. 79. 79. 79. 79. 79. 79. 79. 80. 80. 80. 80. 80. 80. 80. 80. 80. 80. 80. 80. 80. 80. 80. 80. 80. 80. 80. 80. 80. 80. 80. 80. 80. 80. 80. 80. 80. 80. 80. 80. 80. 80. 80. 80. 80. 80. 80. 80. 80. 80. 80. 80. 80. 80. 80. 80. 80. 80. 80. 80. 80. 80. 80. 80. 80. 80. 80. 80. 80. 80. 80. 80. 80. 80. 80. 80. 80. 80. 80. 80. 80. 80. 80. 80. 80. 80. 80. 80. 80. 80. 80. 80. 80. 80. 80. 80. 80. 80. 80. 80. 80. 80. 80. 80. 80. 80. 80. 80. 80. 80. 80. 80. 80. 80. 80. 80. 80. 80. 80. 80. 80. 80. 80. 80. 80. 80. 80. 80. 80. 80. 80.
  412  76. 76. 76. 75. 75. 75. 75. 76. 76. 76. 75. 76. 76. 77. 77. 77. 78. 78. 78. 78. 78. 79. 79. 79. 79. 79. 79. 80. 80. 80. 80. 80. 80. 80. 80. 80. 80. 80. 80. 80. 80. 80. 80. 80. 80. 80. 80. 80. 80. 80. 80. 80. 80. 80. 80. 80. 80. 80. 80. 80. 80. 80. 80. 80. 80. 80. 80. 80. 80. 80. 80. 80. 80. 80. 80. 80. 80. 80. 80. 80. 80. 80. 80. 80. 80. 80. 80. 80. 80. 80. 80. 80. 80. 80. 80. 80. 80. 80. 80. 80. 80. 80. 80. 80. 80. 80. 80. 80. 80. 80. 80. 80. 80. 80. 80. 80. 80. 80. 80. 80. 80. 80. 80. 80. 80. 80. 80. 80. 80. 80. 80. 80. 80. 80. 80. 80. 80. 80. 80. 80. 80. 80. 80. 80. 80. 80. 80. 80. 80. 80.
  411  76. 76. 76. 76. 75. 75. 76. 76. 76. 76. 76. 76. 76. 77. 77. 77. 78. 78. 78. 78. 78. 79. 79. 79. 79. 79. 79. 80. 80. 80. 80. 80. 80. 80. 80. 80. 80. 80. 80. 80. 80. 80. 80. 80. 80. 80. 80. 80. 80. 80. 80. 80. 80. 80. 80. 80. 80. 80. 80. 80. 80. 80. 80. 80. 80. 80. 80. 80. 80. 80. 80. 80. 80. 80. 80. 80. 80. 80. 80. 80. 80. 80. 80. 80. 80. 80. 80. 80. 80. 80. 80. 80. 80. 80. 80. 80. 80. 80. 80. 80. 80. 80. 80. 80. 80. 80. 80. 80. 80. 80. 80. 80. 80. 80. 80. 80. 80. 80. 80. 80. 80. 80. 80. 80. 80. 80. 80. 80. 80. 80. 80. 80. 80. 80. 80. 80. 80. 80. 80. 80. 80. 80. 80. 80. 80. 80. 80. 80. 80. 80.
  410  76. 76. 76. 76. 75. 75. 76. 76. 76. 76. 76. 76. 76. 77. 77. 77. 78. 78. 78. 78. 78. 79. 79. 79. 79. 79. 79. 79. 80. 80. 80. 80. 80. 80. 80. 80. 80. 80. 80. 80. 80. 80. 80. 80. 80. 80. 80. 80. 80. 80. 80. 80. 80. 80. 80. 80. 80. 80. 80. 80. 80. 80. 80. 80. 80. 80. 80. 80. 80. 80. 80. 80. 80. 80. 80. 80. 80. 80. 80. 80. 80. 80. 80. 80. 80. 80. 80. 80. 80. 80. 80. 80. 80. 80. 80. 80. 80. 80. 80. 80. 80. 80. 80. 80. 80. 80. 80. 80. 80. 80. 80. 80. 80. 80. 80. 80. 80. 80. 80. 80. 80. 80. 80. 80. 80. 80. 80. 80. 80. 80. 80. 80. 80. 80. 80. 80. 80. 80. 80. 80. 80. 80. 80. 80. 80. 80. 80. 80. 80. 80.
  409  76. 76. 76. 76. 75. 75. 76. 76. 76. 76. 76. 76. 76. 77. 77. 77. 78. 78. 78. 78. 78. 79. 79. 79. 79. 79. 79. 79. 80. 80. 80. 80. 80. 80. 80. 80. 80. 80. 80. 80. 80. 80. 80. 80. 80. 80. 80. 80. 80. 80. 80. 80. 80. 80. 80. 80. 80. 80. 80. 80. 80. 80. 80. 80. 80. 80. 80. 80. 80. 80. 80. 80. 80. 80. 80. 80. 80. 80. 80. 80. 80. 80. 80. 80. 80. 80. 80. 80. 80. 80. 80. 80. 80. 80. 80. 80. 80. 80. 80. 80. 80. 80. 80. 80. 80. 80. 80. 80. 80. 80. 80. 80. 80. 80. 80. 80. 80. 80. 80. 80. 80. 80. 80. 80. 80. 80. 80. 80. 80. 80. 80. 80. 80. 80. 80. 80. 80. 80. 80. 80. 80. 80. 80. 80. 80. 80. 80. 80. 80. 80.
  408  76. 76. 76. 76. 75. 75. 76. 76. 76. 76. 76. 76. 77. 77. 77. 77. 78. 78. 78. 78. 78. 79. 79. 79. 79. 79. 79. 79. 80. 80. 80. 80. 80. 80. 80. 80. 80. 80. 80. 80. 80. 80. 80. 80. 80. 80. 80. 80. 80. 80. 80. 80. 80. 80. 80. 80. 80. 80. 80. 80. 80. 80. 80. 80. 80. 80. 80. 80. 80. 80. 80. 80. 80. 80. 80. 80. 80. 80. 80. 80. 80. 80. 80. 80. 80. 80. 80. 80. 80. 80. 80. 80. 80. 80. 80. 80. 80. 80. 80. 80. 80. 80. 80. 80. 80. 80. 80. 80. 80. 80. 80. 80. 80. 80. 80. 80. 80. 80. 80. 80. 80. 80. 80. 80. 80. 80. 80. 80. 80. 80. 80. 80. 80. 80. 80. 80. 80. 80. 80. 80. 80. 80. 80. 80. 80. 80. 80. 80. 80. 80.
  407  76. 76. 76. 76. 75. 75. 76. 76. 76. 76. 76. 76. 77. 77. 77. 77. 78. 78. 78. 78. 78. 79. 79. 79. 79. 79. 79. 79. 79. 80. 80. 80. 80. 80. 80. 80. 80. 80. 80. 80. 80. 80. 80. 80. 80. 80. 80. 80. 80. 80. 80. 80. 80. 80. 80. 80. 80. 80. 80. 80. 80. 80. 80. 80. 80. 80. 80. 80. 80. 80. 80. 80. 80. 80. 80. 80. 80. 80. 80. 80. 80. 80. 80. 80. 80. 80. 80. 80. 80. 80. 80. 80. 80. 80. 80. 80. 80. 80. 80. 80. 80. 80. 80. 80. 80. 80. 80. 80. 80. 80. 80. 80. 80. 80. 80. 80. 80. 80. 80. 80. 80. 80. 80. 80. 80. 80. 80. 80. 80. 80. 80. 80. 80. 80. 80. 80. 80. 80. 80. 80. 80. 80. 80. 80. 80. 80. 80. 80. 80. 80.
  406  76. 76. 76. 76. 76. 76. 76. 76. 76. 76. 76. 76. 77. 77. 77. 77. 78. 78. 78. 78. 78. 79. 79. 79. 79. 79. 79. 79. 79. 80. 80. 80. 80. 80. 80. 80. 80. 80. 80. 80. 80. 80. 80. 80. 80. 80. 80. 80. 80. 80. 80. 80. 80. 80. 80. 80. 80. 80. 80. 80. 80. 80. 80. 80. 80. 80. 80. 80. 80. 80. 80. 80. 80. 80. 80. 80. 80. 80. 80. 80. 80. 80. 80. 80. 80. 80. 80. 80. 80. 80. 80. 80. 80. 80. 80. 80. 80. 80. 80. 80. 80. 80. 80. 80. 80. 80. 80. 80. 80. 80. 80. 80. 80. 80. 80. 80. 80. 80. 80. 80. 80. 80. 80. 80. 80. 80. 80. 80. 80. 80. 80. 80. 80. 80. 80. 80. 80. 80. 80. 80. 80. 80. 80. 80. 80. 80. 80. 80. 80. 80.
  405  76. 76. 76. 76. 76. 76. 76. 76. 76. 76. 76. 76. 77. 77. 77. 77. 78. 78. 78. 78. 78. 79. 79. 79. 79. 79. 79. 79. 79. 80. 80. 80. 80. 80. 80. 80. 80. 80. 80. 80. 80. 80. 80. 80. 80. 80. 80. 80. 80. 80. 80. 80. 80. 80. 80. 80. 80. 80. 80. 80. 80. 80. 80. 80. 80. 80. 80. 80. 80. 80. 80. 80. 80. 80. 80. 80. 80. 80. 80. 80. 80. 80. 80. 80. 80. 80. 80. 80. 80. 80. 80. 80. 80. 80. 80. 80. 80. 80. 80. 80. 80. 80. 80. 80. 80. 80. 80. 80. 80. 80. 80. 80. 80. 80. 80. 80. 80. 80. 80. 80. 80. 80. 80. 80. 80. 80. 80. 80. 80. 80. 80. 80. 80. 80. 80. 80. 80. 80. 80. 80. 80. 80. 80. 80. 80. 80. 80. 80. 80. 80.
  404  76. 76. 76. 76. 76. 76. 76. 76. 76. 76. 76. 76. 77. 77. 77. 77. 78. 78. 78. 78. 78. 78. 79. 79. 79. 79. 79. 79. 79. 79. 80. 80. 80. 80. 80. 80. 80. 80. 80. 80. 80. 80. 80. 80. 80. 80. 80. 80. 80. 80. 80. 80. 80. 80. 80. 80. 80. 80. 80. 80. 80. 80. 80. 80. 80. 80. 80. 80. 80. 80. 80. 80. 80. 80. 80. 80. 80. 80. 80. 80. 80. 80. 80. 80. 80. 80. 80. 80. 80. 80. 80. 80. 80. 80. 80. 80. 80. 80. 80. 80. 80. 80. 80. 80. 80. 80. 80. 80. 80. 80. 80. 80. 80. 80. 80. 80. 80. 80. 80. 80. 80. 80. 80. 80. 80. 80. 80. 80. 80. 80. 80. 80. 80. 80. 80. 80. 80. 80. 80. 80. 80. 80. 80. 80. 80. 80. 80. 80. 80. 80.
  403  76. 76. 76. 76. 76. 76. 76. 76. 76. 76. 76. 76. 77. 77. 77. 77. 78. 78. 78. 78. 78. 78. 79. 79. 79. 79. 79. 79. 79. 79. 80. 80. 80. 80. 80. 80. 80. 80. 80. 80. 80. 80. 80. 80. 80. 80. 80. 80. 80. 80. 80. 80. 80. 80. 80. 80. 80. 80. 80. 80. 80. 80. 80. 80. 80. 80. 80. 80. 80. 80. 80. 80. 80. 80. 80. 80. 80. 80. 80. 80. 80. 80. 80. 80. 80. 80. 80. 80. 80. 80. 80. 80. 80. 80. 80. 80. 80. 80. 80. 80. 80. 80. 80. 80. 80. 80. 80. 80. 80. 80. 80. 80. 80. 80. 80. 80. 80. 80. 80. 80. 80. 80. 80. 80. 80. 80. 80. 80. 80. 80. 80. 80. 80. 80. 80. 80. 80. 80. 80. 80. 80. 80. 80. 80. 80. 80. 80. 80. 80. 80.
  402  76. 76. 76. 76. 76. 76. 76. 76. 76. 76. 76. 76. 77. 77. 77. 78. 78. 78. 78. 78. 78. 78. 79. 79. 79. 79. 79. 79. 79. 79. 80. 80. 80. 80. 80. 80. 80. 80. 80. 80. 80. 80. 80. 80. 80. 80. 80. 80. 80. 80. 80. 80. 80. 80. 80. 80. 80. 80. 80. 80. 80. 80. 80. 80. 80. 80. 80. 80. 80. 80. 80. 80. 80. 80. 80. 80. 80. 80. 80. 80. 80. 80. 80. 80. 80. 80. 80. 80. 80. 80. 80. 80. 80. 80. 80. 80. 80. 80. 80. 80. 80. 80. 80. 80. 80. 80. 80. 80. 80. 80. 80. 80. 80. 80. 80. 80. 80. 80. 80. 80. 80. 80. 80. 80. 80. 80. 80. 80. 80. 80. 80. 80. 80. 80. 80. 80. 80. 80. 80. 80. 80. 80. 80. 80. 80. 80. 80. 80. 80. 80.
  401  76. 76. 76. 76. 76. 76. 76. 76. 76. 76. 76. 76. 77. 77. 77. 78. 78. 78. 78. 78. 78. 78. 79. 79. 79. 79. 79. 79. 79. 79. 79. 80. 80. 80. 80. 80. 80. 80. 80. 80. 80. 80. 80. 80. 80. 80. 80. 80. 80. 80. 80. 80. 80. 80. 80. 80. 80. 80. 80. 80. 80. 80. 80. 80. 80. 80. 80. 80. 80. 80. 80. 80. 80. 80. 80. 80. 80. 80. 80. 80. 80. 80. 80. 80. 80. 80. 80. 80. 80. 80. 80. 80. 80. 80. 80. 80. 80. 80. 80. 80. 80. 80. 80. 80. 80. 80. 80. 80. 80. 80. 80. 80. 80. 80. 80. 80. 80. 80. 80. 80. 80. 80. 80. 80. 80. 80. 80. 80. 80. 80. 80. 80. 80. 80. 80. 80. 80. 80. 80. 80. 80. 80. 80. 80. 80. 80. 80. 80. 80. 80.
  400  76. 76. 76. 76. 76. 76. 76. 76. 76. 76. 76. 77. 77. 77. 77. 78. 78. 78. 78. 78. 78. 78. 79. 79. 79. 79. 79. 79. 79. 79. 79. 80. 80. 80. 80. 80. 80. 80. 80. 80. 80. 80. 80. 80. 80. 80. 80. 80. 80. 80. 80. 80. 80. 80. 80. 80. 80. 80. 80. 80. 80. 80. 80. 80. 80. 80. 80. 80. 80. 80. 80. 80. 80. 80. 80. 80. 80. 80. 80. 80. 80. 80. 80. 80. 80. 80. 80. 80. 80. 80. 80. 80. 80. 80. 80. 80. 80. 80. 80. 80. 80. 80. 80. 80. 80. 80. 80. 80. 80. 80. 80. 80. 80. 80. 80. 80. 80. 80. 80. 80. 80. 80. 80. 80. 80. 80. 80. 80. 80. 80. 80. 80. 80. 80. 80. 80. 80. 80. 80. 80. 80. 80. 80. 80. 80. 80. 80. 80. 80. 80.
  399  77. 77. 76. 76. 76. 76. 76. 76. 77. 77. 76. 77. 77. 77. 77. 78. 78. 78. 78. 78. 78. 78. 79. 79. 79. 79. 79. 79. 79. 79. 79. 80. 80. 80. 80. 80. 80. 80. 80. 80. 80. 80. 80. 80. 80. 80. 80. 80. 80. 80. 80. 80. 80. 80. 80. 80. 80. 80. 80. 80. 80. 80. 80. 80. 80. 80. 80. 80. 80. 80. 80. 80. 80. 80. 80. 80. 80. 80. 80. 80. 80. 80. 80. 80. 80. 80. 80. 80. 80. 80. 80. 80. 80. 80. 80. 80. 80. 80. 80. 80. 80. 80. 80. 80. 80. 80. 80. 80. 80. 80. 80. 80. 80. 80. 80. 80. 80. 80. 80. 80. 80. 80. 80. 80. 80. 80. 80. 80. 80. 80. 80. 80. 80. 80. 80. 80. 80. 80. 80. 80. 80. 80. 80. 80. 80. 80. 80. 80. 80. 80.
  398  77. 77. 77. 76. 76. 76. 76. 77. 77. 77. 77. 77. 77. 77. 77. 78. 78. 78. 78. 78. 78. 78. 79. 79. 79. 79. 79. 79. 79. 79. 79. 80. 80. 80. 80. 80. 80. 80. 80. 80. 80. 80. 80. 80. 80. 80. 80. 80. 80. 80. 80. 80. 80. 80. 80. 80. 80. 80. 80. 80. 80. 80. 80. 80. 80. 80. 80. 80. 80. 80. 80. 80. 80. 80. 80. 80. 80. 80. 80. 80. 80. 80. 80. 80. 80. 80. 80. 80. 80. 80. 80. 80. 80. 80. 80. 80. 80. 80. 80. 80. 80. 80. 80. 80. 80. 80. 80. 80. 80. 80. 80. 80. 80. 80. 80. 80. 80. 80. 80. 80. 80. 80. 80. 80. 80. 80. 80. 80. 80. 80. 80. 80. 80. 80. 80. 80. 80. 80. 80. 80. 80. 80. 80. 80. 80. 80. 80. 80. 80. 80.
  397  77. 77. 77. 76. 76. 76. 76. 77. 77. 77. 77. 77. 77. 77. 77. 78. 78. 78. 78. 78. 78. 78. 79. 79. 79. 79. 79. 79. 79. 79. 79. 79. 80. 80. 80. 80. 80. 80. 80. 80. 80. 80. 80. 80. 80. 80. 80. 80. 80. 80. 80. 80. 80. 80. 80. 80. 80. 80. 80. 80. 80. 80. 80. 80. 80. 80. 80. 80. 80. 80. 80. 80. 80. 80. 80. 80. 80. 80. 80. 80. 80. 80. 80. 80. 80. 80. 80. 80. 80. 80. 80. 80. 80. 80. 80. 80. 80. 80. 80. 80. 80. 80. 80. 80. 80. 80. 80. 80. 80. 80. 80. 80. 80. 80. 80. 80. 80. 80. 80. 80. 80. 80. 80. 80. 80. 80. 80. 80. 80. 80. 80. 80. 80. 80. 80. 80. 80. 80. 80. 80. 80. 80. 80. 80. 80. 80. 80. 80. 80. 80.
  396  77. 77. 77. 77. 76. 76. 77. 77. 77. 77. 77. 77. 77. 77. 77. 78. 78. 78. 78. 78. 78. 78. 79. 79. 79. 79. 79. 79. 79. 79. 79. 79. 80. 80. 80. 80. 80. 80. 80. 80. 80. 80. 80. 80. 80. 80. 80. 80. 80. 80. 80. 80. 80. 80. 80. 80. 80. 80. 80. 80. 80. 80. 80. 80. 80. 80. 80. 80. 80. 80. 80. 80. 80. 80. 80. 80. 80. 80. 80. 80. 80. 80. 80. 80. 80. 80. 80. 80. 80. 80. 80. 80. 80. 80. 80. 80. 80. 80. 80. 80. 80. 80. 80. 80. 80. 80. 80. 80. 80. 80. 80. 80. 80. 80. 80. 80. 80. 80. 80. 80. 80. 80. 80. 80. 80. 80. 80. 80. 80. 80. 80. 80. 80. 80. 80. 80. 80. 80. 80. 80. 80. 80. 80. 80. 80. 80. 80. 80. 80. 80.
  395  77. 77. 77. 77. 77. 77. 77. 77. 77. 77. 77. 77. 77. 77. 77. 78. 78. 78. 78. 78. 78. 78. 79. 79. 79. 79. 79. 79. 79. 79. 79. 79. 80. 80. 80. 80. 80. 80. 80. 80. 80. 80. 80. 80. 80. 80. 80. 80. 80. 80. 80. 80. 80. 80. 80. 80. 80. 80. 80. 80. 80. 80. 80. 80. 80. 80. 80. 80. 80. 80. 80. 80. 80. 80. 80. 80. 80. 80. 80. 80. 80. 80. 80. 80. 80. 80. 80. 80. 80. 80. 80. 80. 80. 80. 80. 80. 80. 80. 80. 80. 80. 80. 80. 80. 80. 80. 80. 80. 80. 80. 80. 80. 80. 80. 80. 80. 80. 80. 80. 80. 80. 80. 80. 80. 80. 80. 80. 80. 80. 80. 80. 80. 80. 80. 80. 80. 80. 80. 80. 80. 80. 80. 80. 80. 80. 80. 80. 80. 80. 80.
  394  77. 77. 77. 77. 77. 77. 77. 77. 77. 77. 77. 77. 77. 77. 77. 78. 78. 78. 78. 78. 78. 78. 79. 79. 79. 79. 79. 79. 79. 79. 79. 79. 79. 80. 80. 80. 80. 80. 80. 80. 80. 80. 80. 80. 80. 80. 80. 80. 80. 80. 80. 80. 80. 80. 80. 80. 80. 80. 80. 80. 80. 80. 80. 80. 80. 80. 80. 80. 80. 80. 80. 80. 80. 80. 80. 80. 80. 80. 80. 80. 80. 80. 80. 80. 80. 80. 80. 80. 80. 80. 80. 80. 80. 80. 80. 80. 80. 80. 80. 80. 80. 80. 80. 80. 80. 80. 80. 80. 80. 80. 80. 80. 80. 80. 80. 80. 80. 80. 80. 80. 80. 80. 80. 80. 80. 80. 80. 80. 80. 80. 80. 80. 80. 80. 80. 80. 80. 80. 80. 80. 80. 80. 80. 80. 80. 80. 80. 80. 80. 80.
  393  77. 77. 77. 77. 77. 77. 77. 77. 77. 77. 77. 77. 77. 77. 78. 78. 78. 78. 78. 78. 78. 78. 79. 79. 79. 79. 79. 79. 79. 79. 79. 79. 79. 80. 80. 80. 80. 80. 80. 80. 80. 80. 80. 80. 80. 80. 80. 80. 80. 80. 80. 80. 80. 80. 80. 80. 80. 80. 80. 80. 80. 80. 80. 80. 80. 80. 80. 80. 80. 80. 80. 80. 80. 80. 80. 80. 80. 80. 80. 80. 80. 80. 80. 80. 80. 80. 80. 80. 80. 80. 80. 80. 80. 80. 80. 80. 80. 80. 80. 80. 80. 80. 80. 80. 80. 80. 80. 80. 80. 80. 80. 80. 80. 80. 80. 80. 80. 80. 80. 80. 80. 80. 80. 80. 80. 80. 80. 80. 80. 80. 80. 80. 80. 80. 80. 80. 80. 80. 80. 80. 80. 80. 80. 80. 80. 80. 80. 80. 80. 80.
  392  77. 77. 77. 77. 77. 77. 77. 77. 77. 77. 77. 77. 77. 77. 78. 78. 78. 78. 78. 78. 78. 78. 79. 79. 79. 79. 79. 79. 79. 79. 79. 79. 79. 80. 80. 80. 80. 80. 80. 80. 80. 80. 80. 80. 80. 80. 80. 80. 80. 80. 80. 80. 80. 80. 80. 80. 80. 80. 80. 80. 80. 80. 80. 80. 80. 80. 80. 80. 80. 80. 80. 80. 80. 80. 80. 80. 80. 80. 80. 80. 80. 80. 80. 80. 80. 80. 80. 80. 80. 80. 80. 80. 80. 80. 80. 80. 80. 80. 80. 80. 80. 80. 80. 80. 80. 80. 80. 80. 80. 80. 80. 80. 80. 80. 80. 80. 80. 80. 80. 80. 80. 80. 80. 80. 80. 80. 80. 80. 80. 80. 80. 80. 80. 80. 80. 80. 80. 80. 80. 80. 80. 80. 80. 80. 80. 80. 80. 80. 80. 80.
  391  77. 77. 77. 77. 77. 77. 77. 77. 77. 77. 77. 77. 77. 77. 78. 78. 78. 78. 78. 78. 78. 78. 79. 79. 79. 79. 79. 79. 79. 79. 79. 79. 79. 79. 80. 80. 80. 80. 80. 80. 80. 80. 80. 80. 80. 80. 80. 80. 80. 80. 80. 80. 80. 80. 80. 80. 80. 80. 80. 80. 80. 80. 80. 80. 80. 80. 80. 80. 80. 80. 80. 80. 80. 80. 80. 80. 80. 80. 80. 80. 80. 80. 80. 80. 80. 80. 80. 80. 80. 80. 80. 80. 80. 80. 80. 80. 80. 80. 80. 80. 80. 80. 80. 80. 80. 80. 80. 80. 80. 80. 80. 80. 80. 80. 80. 80. 80. 80. 80. 80. 80. 80. 80. 80. 80. 80. 80. 80. 80. 80. 80. 80. 80. 80. 80. 80. 80. 80. 80. 80. 80. 80. 80. 80. 80. 80. 80. 80. 80. 80.
  390  77. 77. 77. 77. 77. 77. 77. 77. 77. 77. 77. 77. 77. 77. 78. 78. 78. 78. 78. 78. 78. 78. 79. 79. 79. 79. 79. 79. 79. 79. 79. 79. 79. 79. 80. 80. 80. 80. 80. 80. 80. 80. 80. 80. 80. 80. 80. 80. 80. 80. 80. 80. 80. 80. 80. 80. 80. 80. 80. 80. 80. 80. 80. 80. 80. 80. 80. 80. 80. 80. 80. 80. 80. 80. 80. 80. 80. 80. 80. 80. 80. 80. 80. 80. 80. 80. 80. 80. 80. 80. 80. 80. 80. 80. 80. 80. 80. 80. 80. 80. 80. 80. 80. 80. 80. 80. 80. 80. 80. 80. 80. 80. 80. 80. 80. 80. 80. 80. 80. 80. 80. 80. 80. 80. 80. 80. 80. 80. 80. 80. 80. 80. 80. 80. 80. 80. 80. 80. 80. 80. 80. 80. 80. 80. 80. 80. 80. 80. 80. 80.
  389  77. 77. 77. 77. 77. 77. 77. 77. 77. 77. 77. 77. 77. 77. 78. 78. 78. 78. 78. 78. 78. 78. 79. 79. 79. 79. 79. 79. 79. 79. 79. 79. 79. 79. 80. 80. 80. 80. 80. 80. 80. 80. 80. 80. 80. 80. 80. 80. 80. 80. 80. 80. 80. 80. 80. 80. 80. 80. 80. 80. 80. 80. 80. 80. 80. 80. 80. 80. 80. 80. 80. 80. 80. 80. 80. 80. 80. 80. 80. 80. 80. 80. 80. 80. 80. 80. 80. 80. 80. 80. 80. 80. 80. 80. 80. 80. 80. 80. 80. 80. 80. 80. 80. 80. 80. 80. 80. 80. 80. 80. 80. 80. 80. 80. 80. 80. 80. 80. 80. 80. 80. 80. 80. 80. 80. 80. 80. 80. 80. 80. 80. 80. 80. 80. 80. 80. 80. 80. 80. 80. 80. 80. 80. 80. 80. 80. 80. 80. 80. 80.
  388  77. 77. 77. 77. 77. 77. 77. 77. 77. 77. 77. 77. 77. 77. 78. 78. 78. 78. 78. 78. 78. 78. 79. 79. 79. 79. 79. 79. 79. 79. 79. 79. 79. 79. 80. 80. 80. 80. 80. 80. 80. 80. 80. 80. 80. 80. 80. 80. 80. 80. 80. 80. 80. 80. 80. 80. 80. 80. 80. 80. 80. 80. 80. 80. 80. 80. 80. 80. 80. 80. 80. 80. 80. 80. 80. 80. 80. 80. 80. 80. 80. 80. 80. 80. 80. 80. 80. 80. 80. 80. 80. 80. 80. 80. 80. 80. 80. 80. 80. 80. 80. 80. 80. 80. 80. 80. 80. 80. 80. 80. 80. 80. 80. 80. 80. 80. 80. 80. 80. 80. 80. 80. 80. 80. 80. 80. 80. 80. 80. 80. 80. 80. 80. 80. 80. 80. 80. 80. 80. 80. 80. 80. 80. 80. 80. 80. 80. 80. 80. 80.
  387  77. 77. 77. 77. 77. 77. 77. 77. 77. 77. 77. 77. 77. 77. 78. 78. 78. 78. 78. 78. 78. 78. 78. 79. 79. 79. 79. 79. 79. 79. 79. 79. 79. 79. 79. 80. 80. 80. 80. 80. 80. 80. 80. 80. 80. 80. 80. 80. 80. 80. 80. 80. 80. 80. 80. 80. 80. 80. 80. 80. 80. 80. 80. 80. 80. 80. 80. 80. 80. 80. 80. 80. 80. 80. 80. 80. 80. 80. 80. 80. 80. 80. 80. 80. 80. 80. 80. 80. 80. 80. 80. 80. 80. 80. 80. 80. 80. 80. 80. 80. 80. 80. 80. 80. 80. 80. 80. 80. 80. 80. 80. 80. 80. 80. 80. 80. 80. 80. 80. 80. 80. 80. 80. 80. 80. 80. 80. 80. 80. 80. 80. 80. 80. 80. 80. 80. 80. 80. 80. 80. 80. 80. 80. 80. 80. 80. 80. 80. 80. 80.
  386  77. 77. 77. 77. 77. 77. 77. 77. 77. 77. 77. 77. 77. 77. 78. 78. 78. 78. 78. 78. 78. 78. 78. 79. 79. 79. 79. 79. 79. 79. 79. 79. 79. 79. 79. 80. 80. 80. 80. 80. 80. 80. 80. 80. 80. 80. 80. 80. 80. 80. 80. 80. 80. 80. 80. 80. 80. 80. 80. 80. 80. 80. 80. 80. 80. 80. 80. 80. 80. 80. 80. 80. 80. 80. 80. 80. 80. 80. 80. 80. 80. 80. 80. 80. 80. 80. 80. 80. 80. 80. 80. 80. 80. 80. 80. 80. 80. 80. 80. 80. 80. 80. 80. 80. 80. 80. 80. 80. 80. 80. 80. 80. 80. 80. 80. 80. 80. 80. 80. 80. 80. 80. 80. 80. 80. 80. 80. 80. 80. 80. 80. 80. 80. 80. 80. 80. 80. 80. 80. 80. 80. 80. 80. 80. 80. 80. 80. 80. 80. 80.
  385  77. 77. 77. 77. 77. 77. 77. 77. 77. 77. 77. 77. 77. 77. 78. 78. 78. 78. 78. 78. 78. 78. 78. 79. 79. 79. 79. 79. 79. 79. 79. 79. 79. 79. 79. 80. 80. 80. 80. 80. 80. 80. 80. 80. 80. 80. 80. 80. 80. 80. 80. 80. 80. 80. 80. 80. 80. 80. 80. 80. 80. 80. 80. 80. 80. 80. 80. 80. 80. 80. 80. 80. 80. 80. 80. 80. 80. 80. 80. 80. 80. 80. 80. 80. 80. 80. 80. 80. 80. 80. 80. 80. 80. 80. 80. 80. 80. 80. 80. 80. 80. 80. 80. 80. 80. 80. 80. 80. 80. 80. 80. 80. 80. 80. 80. 80. 80. 80. 80. 80. 80. 80. 80. 80. 80. 80. 80. 80. 80. 80. 80. 80. 80. 80. 80. 80. 80. 80. 80. 80. 80. 80. 80. 80. 80. 80. 80. 80. 80. 80.
  384  77. 77. 77. 77. 77. 77. 77. 77. 77. 77. 77. 77. 77. 77. 78. 78. 78. 78. 78. 78. 78. 78. 78. 79. 79. 79. 79. 79. 79. 79. 79. 79. 79. 79. 79. 79. 80. 80. 80. 80. 80. 80. 80. 80. 80. 80. 80. 80. 80. 80. 80. 80. 80. 80. 80. 80. 80. 80. 80. 80. 80. 80. 80. 80. 80. 80. 80. 80. 80. 80. 80. 80. 80. 80. 80. 80. 80. 80. 80. 80. 80. 80. 80. 80. 80. 80. 80. 80. 80. 80. 80. 80. 80. 80. 80. 80. 80. 80. 80. 80. 80. 80. 80. 80. 80. 80. 80. 80. 80. 80. 80. 80. 80. 80. 80. 80. 80. 80. 80. 80. 80. 80. 80. 80. 80. 80. 80. 80. 80. 80. 80. 80. 80. 80. 80. 80. 80. 80. 80. 80. 80. 80. 80. 80. 80. 80. 80. 80. 80. 80.
  383  77. 77. 77. 77. 77. 77. 77. 77. 77. 77. 77. 77. 77. 77. 78. 78. 78. 78. 78. 78. 78. 78. 78. 79. 79. 79. 79. 79. 79. 79. 79. 79. 79. 79. 79. 79. 80. 80. 80. 80. 80. 80. 80. 80. 80. 80. 80. 80. 80. 80. 80. 80. 80. 80. 80. 80. 80. 80. 80. 80. 80. 80. 80. 80. 80. 80. 80. 80. 80. 80. 80. 80. 80. 80. 80. 80. 80. 80. 80. 80. 80. 80. 80. 80. 80. 80. 80. 80. 80. 80. 80. 80. 80. 80. 80. 80. 80. 80. 80. 80. 80. 80. 80. 80. 80. 80. 80. 80. 80. 80. 80. 80. 80. 80. 80. 80. 80. 80. 80. 80. 80. 80. 80. 80. 80. 80. 80. 80. 80. 80. 80. 80. 80. 80. 80. 80. 80. 80. 80. 80. 80. 80. 80. 80. 80. 80. 80. 80. 80. 80.
  382  77. 77. 77. 77. 77. 77. 77. 77. 77. 77. 77. 77. 77. 77. 78. 78. 78. 78. 78. 78. 78. 78. 78. 79. 79. 79. 79. 79. 79. 79. 79. 79. 79. 79. 79. 79. 80. 80. 80. 80. 80. 80. 80. 80. 80. 80. 80. 80. 80. 80. 80. 80. 80. 80. 80. 80. 80. 80. 80. 80. 80. 80. 80. 80. 80. 80. 80. 80. 80. 80. 80. 80. 80. 80. 80. 80. 80. 80. 80. 80. 80. 80. 80. 80. 80. 80. 80. 80. 80. 80. 80. 80. 80. 80. 80. 80. 80. 80. 80. 80. 80. 80. 80. 80. 80. 80. 80. 80. 80. 80. 80. 80. 80. 80. 80. 80. 80. 80. 80. 80. 80. 80. 80. 80. 80. 80. 80. 80. 80. 80. 80. 80. 80. 80. 80. 80. 80. 80. 80. 80. 80. 80. 80. 80. 80. 80. 80. 80. 80. 80.
  381  77. 77. 77. 77. 77. 77. 77. 77. 77. 77. 78. 78. 77. 77. 78. 78. 78. 78. 78. 78. 78. 78. 78. 79. 79. 79. 79. 79. 79. 79. 79. 79. 79. 79. 79. 79. 80. 80. 80. 80. 80. 80. 80. 80. 80. 80. 80. 80. 80. 80. 80. 80. 80. 80. 80. 80. 80. 80. 80. 80. 80. 80. 80. 80. 80. 80. 80. 80. 80. 80. 80. 80. 80. 80. 80. 80. 80. 80. 80. 80. 80. 80. 80. 80. 80. 80. 80. 80. 80. 80. 80. 80. 80. 80. 80. 80. 80. 80. 80. 80. 80. 80. 80. 80. 80. 80. 80. 80. 80. 80. 80. 80. 80. 80. 80. 80. 80. 80. 80. 80. 80. 80. 80. 80. 80. 80. 80. 80. 80. 80. 80. 80. 80. 80. 80. 80. 80. 80. 80. 80. 80. 80. 80. 80. 80. 80. 80. 80. 80. 80.
  380  77. 77. 77. 77. 77. 77. 77. 77. 77. 77. 78. 78. 77. 78. 78. 78. 78. 78. 78. 78. 78. 78. 79. 79. 79. 79. 79. 79. 79. 79. 79. 79. 79. 79. 79. 79. 79. 80. 80. 80. 80. 80. 80. 80. 80. 80. 80. 80. 80. 80. 80. 80. 80. 80. 80. 80. 80. 80. 80. 80. 80. 80. 80. 80. 80. 80. 80. 80. 80. 80. 80. 80. 80. 80. 80. 80. 80. 80. 80. 80. 80. 80. 80. 80. 80. 80. 80. 80. 80. 80. 80. 80. 80. 80. 80. 80. 80. 80. 80. 80. 80. 80. 80. 80. 80. 80. 80. 80. 80. 80. 80. 80. 80. 80. 80. 80. 80. 80. 80. 80. 80. 80. 80. 80. 80. 80. 80. 80. 80. 80. 80. 80. 80. 80. 80. 80. 80. 80. 80. 80. 80. 80. 80. 80. 80. 80. 80. 80. 80. 80.
  379  77. 77. 77. 77. 77. 77. 77. 77. 77. 77. 78. 78. 78. 78. 78. 78. 78. 78. 78. 78. 78. 78. 79. 79. 79. 79. 79. 79. 79. 79. 79. 79. 79. 79. 79. 79. 79. 80. 80. 80. 80. 80. 80. 80. 80. 80. 80. 80. 80. 80. 80. 80. 80. 80. 80. 80. 80. 80. 80. 80. 80. 80. 80. 80. 80. 80. 80. 80. 80. 80. 80. 80. 80. 80. 80. 80. 80. 80. 80. 80. 80. 80. 80. 80. 80. 80. 80. 80. 80. 80. 80. 80. 80. 80. 80. 80. 80. 80. 80. 80. 80. 80. 80. 80. 80. 80. 80. 80. 80. 80. 80. 80. 80. 80. 80. 80. 80. 80. 80. 80. 80. 80. 80. 80. 80. 80. 80. 80. 80. 80. 80. 80. 80. 80. 80. 80. 80. 80. 80. 80. 80. 80. 80. 80. 80. 80. 80. 80. 80. 80.
  378  77. 77. 77. 77. 78. 78. 77. 77. 77. 77. 78. 78. 78. 78. 78. 78. 78. 78. 78. 78. 78. 78. 79. 79. 79. 79. 79. 79. 79. 79. 79. 79. 79. 79. 79. 79. 79. 80. 80. 80. 80. 80. 80. 80. 80. 80. 80. 80. 80. 80. 80. 80. 80. 80. 80. 80. 80. 80. 80. 80. 80. 80. 80. 80. 80. 80. 80. 80. 80. 80. 80. 80. 80. 80. 80. 80. 80. 80. 80. 80. 80. 80. 80. 80. 80. 80. 80. 80. 80. 80. 80. 80. 80. 80. 80. 80. 80. 80. 80. 80. 80. 80. 80. 80. 80. 80. 80. 80. 80. 80. 80. 80. 80. 80. 80. 80. 80. 80. 80. 80. 80. 80. 80. 80. 80. 80. 80. 80. 80. 80. 80. 80. 80. 80. 80. 80. 80. 80. 80. 80. 80. 80. 80. 80. 80. 80. 80. 80. 80. 80.
  377  77. 77. 77. 77. 78. 78. 77. 77. 77. 77. 78. 78. 78. 78. 78. 78. 78. 78. 78. 78. 78. 78. 79. 79. 79. 79. 79. 79. 79. 79. 79. 79. 79. 79. 79. 79. 79. 80. 80. 80. 80. 80. 80. 80. 80. 80. 80. 80. 80. 80. 80. 80. 80. 80. 80. 80. 80. 80. 80. 80. 80. 80. 80. 80. 80. 80. 80. 80. 80. 80. 80. 80. 80. 80. 80. 80. 80. 80. 80. 80. 80. 80. 80. 80. 80. 80. 80. 80. 80. 80. 80. 80. 80. 80. 80. 80. 80. 80. 80. 80. 80. 80. 80. 80. 80. 80. 80. 80. 80. 80. 80. 80. 80. 80. 80. 80. 80. 80. 80. 80. 80. 80. 80. 80. 80. 80. 80. 80. 80. 80. 80. 80. 80. 80. 80. 80. 80. 80. 80. 80. 80. 80. 80. 80. 80. 80. 80. 80. 80. 80.
  376  77. 77. 77. 77. 78. 78. 77. 77. 77. 77. 78. 78. 78. 78. 78. 78. 78. 78. 78. 78. 78. 78. 79. 79. 79. 79. 79. 79. 79. 79. 79. 79. 79. 79. 79. 79. 79. 79. 80. 80. 80. 80. 80. 80. 80. 80. 80. 80. 80. 80. 80. 80. 80. 80. 80. 80. 80. 80. 80. 80. 80. 80. 80. 80. 80. 80. 80. 80. 80. 80. 80. 80. 80. 80. 80. 80. 80. 80. 80. 80. 80. 80. 80. 80. 80. 80. 80. 80. 80. 80. 80. 80. 80. 80. 80. 80. 80. 80. 80. 80. 80. 80. 80. 80. 80. 80. 80. 80. 80. 80. 80. 80. 80. 80. 80. 80. 80. 80. 80. 80. 80. 80. 80. 80. 80. 80. 80. 80. 80. 80. 80. 80. 80. 80. 80. 80. 80. 80. 80. 80. 80. 80. 80. 80. 80. 80. 80. 80. 80. 80.
  375  77. 77. 77. 77. 78. 78. 77. 77. 77. 77. 78. 78. 78. 78. 78. 78. 78. 78. 78. 78. 78. 78. 79. 79. 79. 79. 79. 79. 79. 79. 79. 79. 79. 79. 79. 79. 79. 79. 80. 80. 80. 80. 80. 80. 80. 80. 80. 80. 80. 80. 80. 80. 80. 80. 80. 80. 80. 80. 80. 80. 80. 80. 80. 80. 80. 80. 80. 80. 80. 80. 80. 80. 80. 80. 80. 80. 80. 80. 80. 80. 80. 80. 80. 80. 80. 80. 80. 80. 80. 80. 80. 80. 80. 80. 80. 80. 80. 80. 80. 80. 80. 80. 80. 80. 80. 80. 80. 80. 80. 80. 80. 80. 80. 80. 80. 80. 80. 80. 80. 80. 80. 80. 80. 80. 80. 80. 80. 80. 80. 80. 80. 80. 80. 80. 80. 80. 80. 80. 80. 80. 80. 80. 80. 80. 80. 80. 80. 80. 80. 80.
  374  78. 77. 77. 77. 78. 78. 77. 77. 77. 78. 78. 78. 78. 78. 78. 78. 78. 78. 78. 78. 78. 78. 79. 79. 79. 79. 79. 79. 79. 79. 79. 79. 79. 79. 79. 79. 79. 79. 80. 80. 80. 80. 80. 80. 80. 80. 80. 80. 80. 80. 80. 80. 80. 80. 80. 80. 80. 80. 80. 80. 80. 80. 80. 80. 80. 80. 80. 80. 80. 80. 80. 80. 80. 80. 80. 80. 80. 80. 80. 80. 80. 80. 80. 80. 80. 80. 80. 80. 80. 80. 80. 80. 80. 80. 80. 80. 80. 80. 80. 80. 80. 80. 80. 80. 80. 80. 80. 80. 80. 80. 80. 80. 80. 80. 80. 80. 80. 80. 80. 80. 80. 80. 80. 80. 80. 80. 80. 80. 80. 80. 80. 80. 80. 80. 80. 80. 80. 80. 80. 80. 80. 80. 80. 80. 80. 80. 80. 80. 80. 80.
  373  78. 77. 77. 77. 78. 78. 78. 77. 77. 78. 78. 78. 78. 78. 78. 78. 78. 78. 78. 78. 78. 78. 79. 79. 79. 79. 79. 79. 79. 79. 79. 79. 79. 79. 79. 79. 79. 79. 79. 80. 80. 80. 80. 80. 80. 80. 80. 80. 80. 80. 80. 80. 80. 80. 80. 80. 80. 80. 80. 80. 80. 80. 80. 80. 80. 80. 80. 80. 80. 80. 80. 80. 80. 80. 80. 80. 80. 80. 80. 80. 80. 80. 80. 80. 80. 80. 80. 80. 80. 80. 80. 80. 80. 80. 80. 80. 80. 80. 80. 80. 80. 80. 80. 80. 80. 80. 80. 80. 80. 80. 80. 80. 80. 80. 80. 80. 80. 80. 80. 80. 80. 80. 80. 80. 80. 80. 80. 80. 80. 80. 80. 80. 80. 80. 80. 80. 80. 80. 80. 80. 80. 80. 80. 80. 80. 80. 80. 80. 80. 80.
  372  78. 77. 77. 78. 78. 78. 78. 77. 77. 78. 78. 78. 78. 78. 78. 78. 78. 78. 78. 78. 78. 78. 79. 79. 79. 79. 79. 79. 79. 79. 79. 79. 79. 79. 79. 79. 79. 79. 79. 80. 80. 80. 80. 80. 80. 80. 80. 80. 80. 80. 80. 80. 80. 80. 80. 80. 80. 80. 80. 80. 80. 80. 80. 80. 80. 80. 80. 80. 80. 80. 80. 80. 80. 80. 80. 80. 80. 80. 80. 80. 80. 80. 80. 80. 80. 80. 80. 80. 80. 80. 80. 80. 80. 80. 80. 80. 80. 80. 80. 80. 80. 80. 80. 80. 80. 80. 80. 80. 80. 80. 80. 80. 80. 80. 80. 80. 80. 80. 80. 80. 80. 80. 80. 80. 80. 80. 80. 80. 80. 80. 80. 80. 80. 80. 80. 80. 80. 80. 80. 80. 80. 80. 80. 80. 80. 80. 80. 80. 80. 80.
  371  78. 77. 77. 78. 78. 78. 78. 77. 77. 78. 78. 78. 78. 78. 78. 78. 78. 78. 78. 78. 78. 78. 79. 79. 79. 79. 79. 79. 79. 79. 79. 79. 79. 79. 79. 79. 79. 79. 79. 80. 80. 80. 80. 80. 80. 80. 80. 80. 80. 80. 80. 80. 80. 80. 80. 80. 80. 80. 80. 80. 80. 80. 80. 80. 80. 80. 80. 80. 80. 80. 80. 80. 80. 80. 80. 80. 80. 80. 80. 80. 80. 80. 80. 80. 80. 80. 80. 80. 80. 80. 80. 80. 80. 80. 80. 80. 80. 80. 80. 80. 80. 80. 80. 80. 80. 80. 80. 80. 80. 80. 80. 80. 80. 80. 80. 80. 80. 80. 80. 80. 80. 80. 80. 80. 80. 80. 80. 80. 80. 80. 80. 80. 80. 80. 80. 80. 80. 80. 80. 80. 80. 80. 80. 80. 80. 80. 80. 80. 80. 80.
  370  78. 77. 77. 78. 78. 78. 78. 77. 77. 78. 78. 78. 78. 78. 78. 78. 78. 78. 78. 78. 78. 78. 79. 79. 79. 79. 79. 79. 79. 79. 79. 79. 79. 79. 79. 79. 79. 79. 79. 80. 80. 80. 80. 80. 80. 80. 80. 80. 80. 80. 80. 80. 80. 80. 80. 80. 80. 80. 80. 80. 80. 80. 80. 80. 80. 80. 80. 80. 80. 80. 80. 80. 80. 80. 80. 80. 80. 80. 80. 80. 80. 80. 80. 80. 80. 80. 80. 80. 80. 80. 80. 80. 80. 80. 80. 80. 80. 80. 80. 80. 80. 80. 80. 80. 80. 80. 80. 80. 80. 80. 80. 80. 80. 80. 80. 80. 80. 80. 80. 80. 80. 80. 80. 80. 80. 80. 80. 80. 80. 80. 80. 80. 80. 80. 80. 80. 80. 80. 80. 80. 80. 80. 80. 80. 80. 80. 80. 80. 80. 80.
  369  78. 77. 77. 78. 78. 78. 78. 77. 77. 78. 78. 78. 78. 78. 78. 78. 78. 78. 78. 78. 78. 78. 79. 79. 79. 79. 79. 79. 79. 79. 79. 79. 79. 79. 79. 79. 79. 79. 79. 79. 80. 80. 80. 80. 80. 80. 80. 80. 80. 80. 80. 80. 80. 80. 80. 80. 80. 80. 80. 80. 80. 80. 80. 80. 80. 80. 80. 80. 80. 80. 80. 80. 80. 80. 80. 80. 80. 80. 80. 80. 80. 80. 80. 80. 80. 80. 80. 80. 80. 80. 80. 80. 80. 80. 80. 80. 80. 80. 80. 80. 80. 80. 80. 80. 80. 80. 80. 80. 80. 80. 80. 80. 80. 80. 80. 80. 80. 80. 80. 80. 80. 80. 80. 80. 80. 80. 80. 80. 80. 80. 80. 80. 80. 80. 80. 80. 80. 80. 80. 80. 80. 80. 80. 80. 80. 80. 80. 80. 80. 80.
  368  78. 77. 77. 78. 78. 78. 78. 77. 77. 78. 78. 78. 78. 78. 78. 78. 78. 78. 78. 78. 78. 78. 79. 79. 79. 79. 79. 79. 79. 79. 79. 79. 79. 79. 79. 79. 79. 79. 79. 79. 80. 80. 80. 80. 80. 80. 80. 80. 80. 80. 80. 80. 80. 80. 80. 80. 80. 80. 80. 80. 80. 80. 80. 80. 80. 80. 80. 80. 80. 80. 80. 80. 80. 80. 80. 80. 80. 80. 80. 80. 80. 80. 80. 80. 80. 80. 80. 80. 80. 80. 80. 80. 80. 80. 80. 80. 80. 80. 80. 80. 80. 80. 80. 80. 80. 80. 80. 80. 80. 80. 80. 80. 80. 80. 80. 80. 80. 80. 80. 80. 80. 80. 80. 80. 80. 80. 80. 80. 80. 80. 80. 80. 80. 80. 80. 80. 80. 80. 80. 80. 80. 80. 80. 80. 80. 80. 80. 80. 80. 80.
  367  78. 77. 77. 78. 78. 78. 78. 77. 77. 78. 78. 78. 78. 78. 78. 78. 78. 78. 78. 78. 78. 78. 79. 79. 79. 79. 79. 79. 79. 79. 79. 79. 79. 79. 79. 79. 79. 79. 79. 79. 80. 80. 80. 80. 80. 80. 80. 80. 80. 80. 80. 80. 80. 80. 80. 80. 80. 80. 80. 80. 80. 80. 80. 80. 80. 80. 80. 80. 80. 80. 80. 80. 80. 80. 80. 80. 80. 80. 80. 80. 80. 80. 80. 80. 80. 80. 80. 80. 80. 80. 80. 80. 80. 80. 80. 80. 80. 80. 80. 80. 80. 80. 80. 80. 80. 80. 80. 80. 80. 80. 80. 80. 80. 80. 80. 80. 80. 80. 80. 80. 80. 80. 80. 80. 80. 80. 80. 80. 80. 80. 80. 80. 80. 80. 80. 80. 80. 80. 80. 80. 80. 80. 80. 80. 80. 80. 80. 80. 80. 80.
  366  78. 77. 77. 78. 78. 78. 78. 77. 77. 78. 78. 78. 78. 78. 78. 78. 78. 78. 78. 78. 78. 78. 79. 79. 79. 79. 79. 79. 79. 79. 79. 79. 79. 79. 79. 79. 79. 79. 79. 79. 80. 80. 80. 80. 80. 80. 80. 80. 80. 80. 80. 80. 80. 80. 80. 80. 80. 80. 80. 80. 80. 80. 80. 80. 80. 80. 80. 80. 80. 80. 80. 80. 80. 80. 80. 80. 80. 80. 80. 80. 80. 80. 80. 80. 80. 80. 80. 80. 80. 80. 80. 80. 80. 80. 80. 80. 80. 80. 80. 80. 80. 80. 80. 80. 80. 80. 80. 80. 80. 80. 80. 80. 80. 80. 80. 80. 80. 80. 80. 80. 80. 80. 80. 80. 80. 80. 80. 80. 80. 80. 80. 80. 80. 80. 80. 80. 80. 80. 80. 80. 80. 80. 80. 80. 80. 80. 80. 80. 80. 80.
  365  78. 77. 77. 78. 78. 78. 78. 77. 77. 78. 78. 78. 78. 78. 78. 78. 78. 78. 78. 78. 78. 78. 79. 79. 79. 79. 79. 79. 79. 79. 79. 79. 79. 79. 79. 79. 79. 79. 79. 79. 79. 80. 80. 80. 80. 80. 80. 80. 80. 80. 80. 80. 80. 80. 80. 80. 80. 80. 80. 80. 80. 80. 80. 80. 80. 80. 80. 80. 80. 80. 80. 80. 80. 80. 80. 80. 80. 80. 80. 80. 80. 80. 80. 80. 80. 80. 80. 80. 80. 80. 80. 80. 80. 80. 80. 80. 80. 80. 80. 80. 80. 80. 80. 80. 80. 80. 80. 80. 80. 80. 80. 80. 80. 80. 80. 80. 80. 80. 80. 80. 80. 80. 80. 80. 80. 80. 80. 80. 80. 80. 80. 80. 80. 80. 80. 80. 80. 80. 80. 80. 80. 80. 80. 80. 80. 80. 80. 80. 80. 80.
  364  78. 77. 77. 78. 78. 78. 78. 77. 77. 78. 78. 78. 78. 78. 78. 78. 78. 78. 78. 78. 78. 79. 79. 79. 79. 79. 79. 79. 79. 79. 79. 79. 79. 79. 79. 79. 79. 79. 79. 79. 79. 80. 80. 80. 80. 80. 80. 80. 80. 80. 80. 80. 80. 80. 80. 80. 80. 80. 80. 80. 80. 80. 80. 80. 80. 80. 80. 80. 80. 80. 80. 80. 80. 80. 80. 80. 80. 80. 80. 80. 80. 80. 80. 80. 80. 80. 80. 80. 80. 80. 80. 80. 80. 80. 80. 80. 80. 80. 80. 80. 80. 80. 80. 80. 80. 80. 80. 80. 80. 80. 80. 80. 80. 80. 80. 80. 80. 80. 80. 80. 80. 80. 80. 80. 80. 80. 80. 80. 80. 80. 80. 80. 80. 80. 80. 80. 80. 80. 80. 80. 80. 80. 80. 80. 80. 80. 80. 80. 80. 80.
  363  78. 77. 77. 78. 78. 78. 78. 77. 77. 78. 78. 78. 78. 78. 78. 78. 78. 78. 78. 78. 78. 79. 79. 79. 79. 79. 79. 79. 79. 79. 79. 79. 79. 79. 79. 79. 79. 79. 79. 79. 79. 80. 80. 80. 80. 80. 80. 80. 80. 80. 80. 80. 80. 80. 80. 80. 80. 80. 80. 80. 80. 80. 80. 80. 80. 80. 80. 80. 80. 80. 80. 80. 80. 80. 80. 80. 80. 80. 80. 80. 80. 80. 80. 80. 80. 80. 80. 80. 80. 80. 80. 80. 80. 80. 80. 80. 80. 80. 80. 80. 80. 80. 80. 80. 80. 80. 80. 80. 80. 80. 80. 80. 80. 80. 80. 80. 80. 80. 80. 80. 80. 80. 80. 80. 80. 80. 80. 80. 80. 80. 80. 80. 80. 80. 80. 80. 80. 80. 80. 80. 80. 80. 80. 80. 80. 80. 80. 80. 80. 80.
  362  78. 77. 77. 78. 78. 78. 78. 77. 77. 78. 78. 78. 78. 78. 78. 78. 78. 78. 78. 78. 78. 79. 79. 79. 79. 79. 79. 79. 79. 79. 79. 79. 79. 79. 79. 79. 79. 79. 79. 79. 79. 80. 80. 80. 80. 80. 80. 80. 80. 80. 80. 80. 80. 80. 80. 80. 80. 80. 80. 80. 80. 80. 80. 80. 80. 80. 80. 80. 80. 80. 80. 80. 80. 80. 80. 80. 80. 80. 80. 80. 80. 80. 80. 80. 80. 80. 80. 80. 80. 80. 80. 80. 80. 80. 80. 80. 80. 80. 80. 80. 80. 80. 80. 80. 80. 80. 80. 80. 80. 80. 80. 80. 80. 80. 80. 80. 80. 80. 80. 80. 80. 80. 80. 80. 80. 80. 80. 80. 80. 80. 80. 80. 80. 80. 80. 80. 80. 80. 80. 80. 80. 80. 80. 80. 80. 80. 80. 80. 80. 80.
  361  78. 78. 78. 78. 78. 78. 78. 78. 78. 78. 78. 78. 78. 78. 78. 78. 78. 78. 78. 78. 78. 79. 79. 79. 79. 79. 79. 79. 79. 79. 79. 79. 79. 79. 79. 79. 79. 79. 79. 79. 79. 79. 80. 80. 80. 80. 80. 80. 80. 80. 80. 80. 80. 80. 80. 80. 80. 80. 80. 80. 80. 80. 80. 80. 80. 80. 80. 80. 80. 80. 80. 80. 80. 80. 80. 80. 80. 80. 80. 80. 80. 80. 80. 80. 80. 80. 80. 80. 80. 80. 80. 80. 80. 80. 80. 80. 80. 80. 80. 80. 80. 80. 80. 80. 80. 80. 80. 80. 80. 80. 80. 80. 80. 80. 80. 80. 80. 80. 80. 80. 80. 80. 80. 80. 80. 80. 80. 80. 80. 80. 80. 80. 80. 80. 80. 80. 80. 80. 80. 80. 80. 80. 80. 80. 80. 80. 80. 80. 80. 80.
  360  78. 78. 78. 78. 78. 78. 78. 78. 78. 78. 78. 78. 78. 78. 78. 78. 78. 78. 78. 78. 78. 79. 79. 79. 79. 79. 79. 79. 79. 79. 79. 79. 79. 79. 79. 79. 79. 79. 79. 79. 79. 79. 80. 80. 80. 80. 80. 80. 80. 80. 80. 80. 80. 80. 80. 80. 80. 80. 80. 80. 80. 80. 80. 80. 80. 80. 80. 80. 80. 80. 80. 80. 80. 80. 80. 80. 80. 80. 80. 80. 80. 80. 80. 80. 80. 80. 80. 80. 80. 80. 80. 80. 80. 80. 80. 80. 80. 80. 80. 80. 80. 80. 80. 80. 80. 80. 80. 80. 80. 80. 80. 80. 80. 80. 80. 80. 80. 80. 80. 80. 80. 80. 80. 80. 80. 80. 80. 80. 80. 80. 80. 80. 80. 80. 80. 80. 80. 80. 80. 80. 80. 80. 80. 80. 80. 80. 80. 80. 80. 80.
  359  78. 78. 78. 78. 78. 78. 78. 78. 78. 78. 78. 78. 78. 78. 78. 78. 78. 78. 78. 78. 78. 79. 79. 79. 79. 79. 79. 79. 79. 79. 79. 79. 79. 79. 79. 79. 79. 79. 79. 79. 79. 79. 80. 80. 80. 80. 80. 80. 80. 80. 80. 80. 80. 80. 80. 80. 80. 80. 80. 80. 80. 80. 80. 80. 80. 80. 80. 80. 80. 80. 80. 80. 80. 80. 80. 80. 80. 80. 80. 80. 80. 80. 80. 80. 80. 80. 80. 80. 80. 80. 80. 80. 80. 80. 80. 80. 80. 80. 80. 80. 80. 80. 80. 80. 80. 80. 80. 80. 80. 80. 80. 80. 80. 80. 80. 80. 80. 80. 80. 80. 80. 80. 80. 80. 80. 80. 80. 80. 80. 80. 80. 80. 80. 80. 80. 80. 80. 80. 80. 80. 80. 80. 80. 80. 80. 80. 80. 80. 80. 80.
  358  78. 78. 78. 78. 78. 78. 78. 78. 78. 78. 78. 78. 78. 78. 78. 78. 78. 78. 78. 78. 78. 79. 79. 79. 79. 79. 79. 79. 79. 79. 79. 79. 79. 79. 79. 79. 79. 79. 79. 79. 79. 79. 80. 80. 80. 80. 80. 80. 80. 80. 80. 80. 80. 80. 80. 80. 80. 80. 80. 80. 80. 80. 80. 80. 80. 80. 80. 80. 80. 80. 80. 80. 80. 80. 80. 80. 80. 80. 80. 80. 80. 80. 80. 80. 80. 80. 80. 80. 80. 80. 80. 80. 80. 80. 80. 80. 80. 80. 80. 80. 80. 80. 80. 80. 80. 80. 80. 80. 80. 80. 80. 80. 80. 80. 80. 80. 80. 80. 80. 80. 80. 80. 80. 80. 80. 80. 80. 80. 80. 80. 80. 80. 80. 80. 80. 80. 80. 80. 80. 80. 80. 80. 80. 80. 80. 80. 80. 80. 80. 80.
  357  78. 78. 78. 78. 78. 78. 78. 78. 78. 78. 78. 78. 78. 78. 78. 78. 78. 78. 78. 78. 79. 79. 79. 79. 79. 79. 79. 79. 79. 79. 79. 79. 79. 79. 79. 79. 79. 79. 79. 79. 79. 79. 79. 80. 80. 80. 80. 80. 80. 80. 80. 80. 80. 80. 80. 80. 80. 80. 80. 80. 80. 80. 80. 80. 80. 80. 80. 80. 80. 80. 80. 80. 80. 80. 80. 80. 80. 80. 80. 80. 80. 80. 80. 80. 80. 80. 80. 80. 80. 80. 80. 80. 80. 80. 80. 80. 80. 80. 80. 80. 80. 80. 80. 80. 80. 80. 80. 80. 80. 80. 80. 80. 80. 80. 80. 80. 80. 80. 80. 80. 80. 80. 80. 80. 80. 80. 80. 80. 80. 80. 80. 80. 80. 80. 80. 80. 80. 80. 80. 80. 80. 80. 80. 80. 80. 80. 80. 80. 80. 80.
  356  78. 78. 78. 78. 78. 78. 78. 78. 78. 78. 78. 78. 78. 78. 78. 78. 78. 78. 78. 78. 79. 79. 79. 79. 79. 79. 79. 79. 79. 79. 79. 79. 79. 79. 79. 79. 79. 79. 79. 79. 79. 79. 79. 80. 80. 80. 80. 80. 80. 80. 80. 80. 80. 80. 80. 80. 80. 80. 80. 80. 80. 80. 80. 80. 80. 80. 80. 80. 80. 80. 80. 80. 80. 80. 80. 80. 80. 80. 80. 80. 80. 80. 80. 80. 80. 80. 80. 80. 80. 80. 80. 80. 80. 80. 80. 80. 80. 80. 80. 80. 80. 80. 80. 80. 80. 80. 80. 80. 80. 80. 80. 80. 80. 80. 80. 80. 80. 80. 80. 80. 80. 80. 80. 80. 80. 80. 80. 80. 80. 80. 80. 80. 80. 80. 80. 80. 80. 80. 80. 80. 80. 80. 80. 80. 80. 80. 80. 80. 80. 80.
  355  78. 78. 78. 78. 78. 78. 78. 78. 78. 78. 78. 78. 78. 78. 78. 78. 78. 78. 78. 79. 79. 79. 79. 79. 79. 79. 79. 79. 79. 79. 79. 79. 79. 79. 79. 79. 79. 79. 79. 79. 79. 79. 79. 80. 80. 80. 80. 80. 80. 80. 80. 80. 80. 80. 80. 80. 80. 80. 80. 80. 80. 80. 80. 80. 80. 80. 80. 80. 80. 80. 80. 80. 80. 80. 80. 80. 80. 80. 80. 80. 80. 80. 80. 80. 80. 80. 80. 80. 80. 80. 80. 80. 80. 80. 80. 80. 80. 80. 80. 80. 80. 80. 80. 80. 80. 80. 80. 80. 80. 80. 80. 80. 80. 80. 80. 80. 80. 80. 80. 80. 80. 80. 80. 80. 80. 80. 80. 80. 80. 80. 80. 80. 80. 80. 80. 80. 80. 80. 80. 80. 80. 80. 80. 80. 80. 80. 80. 80. 80. 80.
  354  78. 78. 78. 78. 78. 78. 78. 78. 78. 78. 78. 78. 78. 78. 78. 78. 78. 78. 79. 79. 79. 79. 79. 79. 79. 79. 79. 79. 79. 79. 79. 79. 79. 79. 79. 79. 79. 79. 79. 79. 79. 79. 79. 79. 80. 80. 80. 80. 80. 80. 80. 80. 80. 80. 80. 80. 80. 80. 80. 80. 80. 80. 80. 80. 80. 80. 80. 80. 80. 80. 80. 80. 80. 80. 80. 80. 80. 80. 80. 80. 80. 80. 80. 80. 80. 80. 80. 80. 80. 80. 80. 80. 80. 80. 80. 80. 80. 80. 80. 80. 80. 80. 80. 80. 80. 80. 80. 80. 80. 80. 80. 80. 80. 80. 80. 80. 80. 80. 80. 80. 80. 80. 80. 80. 80. 80. 80. 80. 80. 80. 80. 80. 80. 80. 80. 80. 80. 80. 80. 80. 80. 80. 80. 80. 80. 80. 80. 80. 80. 80.
  353  78. 78. 78. 78. 78. 78. 78. 78. 78. 78. 78. 78. 78. 78. 78. 78. 78. 78. 79. 79. 79. 79. 79. 79. 79. 79. 79. 79. 79. 79. 79. 79. 79. 79. 79. 79. 79. 79. 79. 79. 79. 79. 79. 79. 80. 80. 80. 80. 80. 80. 80. 80. 80. 80. 80. 80. 80. 80. 80. 80. 80. 80. 80. 80. 80. 80. 80. 80. 80. 80. 80. 80. 80. 80. 80. 80. 80. 80. 80. 80. 80. 80. 80. 80. 80. 80. 80. 80. 80. 80. 80. 80. 80. 80. 80. 80. 80. 80. 80. 80. 80. 80. 80. 80. 80. 80. 80. 80. 80. 80. 80. 80. 80. 80. 80. 80. 80. 80. 80. 80. 80. 80. 80. 80. 80. 80. 80. 80. 80. 80. 80. 80. 80. 80. 80. 80. 80. 80. 80. 80. 80. 80. 80. 80. 80. 80. 80. 80. 80. 80.
  352  78. 78. 78. 78. 78. 78. 78. 78. 78. 78. 78. 78. 78. 78. 78. 78. 78. 79. 79. 79. 79. 79. 79. 79. 79. 79. 79. 79. 79. 79. 79. 79. 79. 79. 79. 79. 79. 79. 79. 79. 79. 79. 79. 79. 80. 80. 80. 80. 80. 80. 80. 80. 80. 80. 80. 80. 80. 80. 80. 80. 80. 80. 80. 80. 80. 80. 80. 80. 80. 80. 80. 80. 80. 80. 80. 80. 80. 80. 80. 80. 80. 80. 80. 80. 80. 80. 80. 80. 80. 80. 80. 80. 80. 80. 80. 80. 80. 80. 80. 80. 80. 80. 80. 80. 80. 80. 80. 80. 80. 80. 80. 80. 80. 80. 80. 80. 80. 80. 80. 80. 80. 80. 80. 80. 80. 80. 80. 80. 80. 80. 80. 80. 80. 80. 80. 80. 80. 80. 80. 80. 80. 80. 80. 80. 80. 80. 80. 80. 80. 80.
  351  78. 78. 78. 78. 78. 78. 78. 78. 78. 78. 78. 79. 78. 78. 78. 78. 78. 79. 79. 79. 79. 79. 79. 79. 79. 79. 79. 79. 79. 79. 79. 79. 79. 79. 79. 79. 79. 79. 79. 79. 79. 79. 79. 79. 80. 80. 80. 80. 80. 80. 80. 80. 80. 80. 80. 80. 80. 80. 80. 80. 80. 80. 80. 80. 80. 80. 80. 80. 80. 80. 80. 80. 80. 80. 80. 80. 80. 80. 80. 80. 80. 80. 80. 80. 80. 80. 80. 80. 80. 80. 80. 80. 80. 80. 80. 80. 80. 80. 80. 80. 80. 80. 80. 80. 80. 80. 80. 80. 80. 80. 80. 80. 80. 80. 80. 80. 80. 80. 80. 80. 80. 80. 80. 80. 80. 80. 80. 80. 80. 80. 80. 80. 80. 80. 80. 80. 80. 80. 80. 80. 80. 80. 80. 80. 80. 80. 80. 80. 80. 80.
  350  78. 78. 78. 78. 78. 78. 78. 78. 78. 78. 78. 79. 78. 78. 78. 78. 78. 79. 79. 79. 79. 79. 79. 79. 79. 79. 79. 79. 79. 79. 79. 79. 79. 79. 79. 79. 79. 79. 79. 79. 79. 79. 79. 79. 79. 80. 80. 80. 80. 80. 80. 80. 80. 80. 80. 80. 80. 80. 80. 80. 80. 80. 80. 80. 80. 80. 80. 80. 80. 80. 80. 80. 80. 80. 80. 80. 80. 80. 80. 80. 80. 80. 80. 80. 80. 80. 80. 80. 80. 80. 80. 80. 80. 80. 80. 80. 80. 80. 80. 80. 80. 80. 80. 80. 80. 80. 80. 80. 80. 80. 80. 80. 80. 80. 80. 80. 80. 80. 80. 80. 80. 80. 80. 80. 80. 80. 80. 80. 80. 80. 80. 80. 80. 80. 80. 80. 80. 80. 80. 80. 80. 80. 80. 80. 80. 80. 80. 80. 80. 80.
  349  78. 78. 78. 78. 78. 78. 78. 78. 78. 78. 78. 79. 78. 78. 78. 78. 78. 79. 79. 79. 79. 79. 79. 79. 79. 79. 79. 79. 79. 79. 79. 79. 79. 79. 79. 79. 79. 79. 79. 79. 79. 79. 79. 79. 79. 80. 80. 80. 80. 80. 80. 80. 80. 80. 80. 80. 80. 80. 80. 80. 80. 80. 80. 80. 80. 80. 80. 80. 80. 80. 80. 80. 80. 80. 80. 80. 80. 80. 80. 80. 80. 80. 80. 80. 80. 80. 80. 80. 80. 80. 80. 80. 80. 80. 80. 80. 80. 80. 80. 80. 80. 80. 80. 80. 80. 80. 80. 80. 80. 80. 80. 80. 80. 80. 80. 80. 80. 80. 80. 80. 80. 80. 80. 80. 80. 80. 80. 80. 80. 80. 80. 80. 80. 80. 80. 80. 80. 80. 80. 80. 80. 80. 80. 80. 80. 80. 80. 80. 80. 80.
  348  78. 78. 78. 78. 79. 79. 78. 78. 78. 78. 78. 79. 78. 78. 78. 78. 78. 79. 79. 79. 79. 79. 79. 79. 79. 79. 79. 79. 79. 79. 79. 79. 79. 79. 79. 79. 79. 79. 79. 79. 79. 79. 79. 79. 79. 80. 80. 80. 80. 80. 80. 80. 80. 80. 80. 80. 80. 80. 80. 80. 80. 80. 80. 80. 80. 80. 80. 80. 80. 80. 80. 80. 80. 80. 80. 80. 80. 80. 80. 80. 80. 80. 80. 80. 80. 80. 80. 80. 80. 80. 80. 80. 80. 80. 80. 80. 80. 80. 80. 80. 80. 80. 80. 80. 80. 80. 80. 80. 80. 80. 80. 80. 80. 80. 80. 80. 80. 80. 80. 80. 80. 80. 80. 80. 80. 80. 80. 80. 80. 80. 80. 80. 80. 80. 80. 80. 80. 80. 80. 80. 80. 80. 80. 80. 80. 80. 80. 80. 80. 80.
  347  78. 78. 78. 78. 79. 79. 78. 78. 78. 78. 78. 79. 78. 78. 78. 78. 78. 79. 79. 79. 79. 79. 79. 79. 79. 79. 79. 79. 79. 79. 79. 79. 79. 79. 79. 79. 79. 79. 79. 79. 79. 79. 79. 79. 79. 80. 80. 80. 80. 80. 80. 80. 80. 80. 80. 80. 80. 80. 80. 80. 80. 80. 80. 80. 80. 80. 80. 80. 80. 80. 80. 80. 80. 80. 80. 80. 80. 80. 80. 80. 80. 80. 80. 80. 80. 80. 80. 80. 80. 80. 80. 80. 80. 80. 80. 80. 80. 80. 80. 80. 80. 80. 80. 80. 80. 80. 80. 80. 80. 80. 80. 80. 80. 80. 80. 80. 80. 80. 80. 80. 80. 80. 80. 80. 80. 80. 80. 80. 80. 80. 80. 80. 80. 80. 80. 80. 80. 80. 80. 80. 80. 80. 80. 80. 80. 80. 80. 80. 80. 80.
  346  78. 78. 78. 78. 79. 79. 78. 78. 78. 78. 79. 79. 78. 78. 78. 78. 78. 79. 79. 79. 79. 79. 79. 79. 79. 79. 79. 79. 79. 79. 79. 79. 79. 79. 79. 79. 79. 79. 79. 79. 79. 79. 79. 79. 79. 79. 80. 80. 80. 80. 80. 80. 80. 80. 80. 80. 80. 80. 80. 80. 80. 80. 80. 80. 80. 80. 80. 80. 80. 80. 80. 80. 80. 80. 80. 80. 80. 80. 80. 80. 80. 80. 80. 80. 80. 80. 80. 80. 80. 80. 80. 80. 80. 80. 80. 80. 80. 80. 80. 80. 80. 80. 80. 80. 80. 80. 80. 80. 80. 80. 80. 80. 80. 80. 80. 80. 80. 80. 80. 80. 80. 80. 80. 80. 80. 80. 80. 80. 80. 80. 80. 80. 80. 80. 80. 80. 80. 80. 80. 80. 80. 80. 80. 80. 80. 80. 80. 80. 80. 80.
  345  78. 78. 78. 78. 79. 79. 78. 78. 78. 78. 79. 79. 78. 78. 78. 78. 78. 79. 79. 79. 79. 79. 79. 79. 79. 79. 79. 79. 79. 79. 79. 79. 79. 79. 79. 79. 79. 79. 79. 79. 79. 79. 79. 79. 79. 79. 80. 80. 80. 80. 80. 80. 80. 80. 80. 80. 80. 80. 80. 80. 80. 80. 80. 80. 80. 80. 80. 80. 80. 80. 80. 80. 80. 80. 80. 80. 80. 80. 80. 80. 80. 80. 80. 80. 80. 80. 80. 80. 80. 80. 80. 80. 80. 80. 80. 80. 80. 80. 80. 80. 80. 80. 80. 80. 80. 80. 80. 80. 80. 80. 80. 80. 80. 80. 80. 80. 80. 80. 80. 80. 80. 80. 80. 80. 80. 80. 80. 80. 80. 80. 80. 80. 80. 80. 80. 80. 80. 80. 80. 80. 80. 80. 80. 80. 80. 80. 80. 80. 80. 80.
  344  78. 78. 78. 78. 79. 79. 78. 78. 78. 78. 79. 79. 78. 78. 78. 78. 78. 79. 79. 79. 79. 79. 79. 79. 79. 79. 79. 79. 79. 79. 79. 79. 79. 79. 79. 79. 79. 79. 79. 79. 79. 79. 79. 79. 79. 79. 80. 80. 80. 80. 80. 80. 80. 80. 80. 80. 80. 80. 80. 80. 80. 80. 80. 80. 80. 80. 80. 80. 80. 80. 80. 80. 80. 80. 80. 80. 80. 80. 80. 80. 80. 80. 80. 80. 80. 80. 80. 80. 80. 80. 80. 80. 80. 80. 80. 80. 80. 80. 80. 80. 80. 80. 80. 80. 80. 80. 80. 80. 80. 80. 80. 80. 80. 80. 80. 80. 80. 80. 80. 80. 80. 80. 80. 80. 80. 80. 80. 80. 80. 80. 80. 80. 80. 80. 80. 80. 80. 80. 80. 80. 80. 80. 80. 80. 80. 80. 80. 80. 80. 80.
  343  78. 78. 78. 78. 79. 79. 78. 78. 78. 78. 79. 79. 78. 78. 78. 78. 78. 79. 79. 79. 79. 79. 79. 79. 79. 79. 79. 79. 79. 79. 79. 79. 79. 79. 79. 79. 79. 79. 79. 79. 79. 79. 79. 79. 79. 79. 80. 80. 80. 80. 80. 80. 80. 80. 80. 80. 80. 80. 80. 80. 80. 80. 80. 80. 80. 80. 80. 80. 80. 80. 80. 80. 80. 80. 80. 80. 80. 80. 80. 80. 80. 80. 80. 80. 80. 80. 80. 80. 80. 80. 80. 80. 80. 80. 80. 80. 80. 80. 80. 80. 80. 80. 80. 80. 80. 80. 80. 80. 80. 80. 80. 80. 80. 80. 80. 80. 80. 80. 80. 80. 80. 80. 80. 80. 80. 80. 80. 80. 80. 80. 80. 80. 80. 80. 80. 80. 80. 80. 80. 80. 80. 80. 80. 80. 80. 80. 80. 80. 80. 80.
  342  78. 78. 78. 78. 79. 79. 78. 78. 78. 78. 79. 79. 78. 78. 78. 78. 78. 79. 79. 79. 79. 79. 79. 79. 79. 79. 79. 79. 79. 79. 79. 79. 79. 79. 79. 79. 79. 79. 79. 79. 79. 79. 79. 79. 79. 79. 79. 80. 80. 80. 80. 80. 80. 80. 80. 80. 80. 80. 80. 80. 80. 80. 80. 80. 80. 80. 80. 80. 80. 80. 80. 80. 80. 80. 80. 80. 80. 80. 80. 80. 80. 80. 80. 80. 80. 80. 80. 80. 80. 80. 80. 80. 80. 80. 80. 80. 80. 80. 80. 80. 80. 80. 80. 80. 80. 80. 80. 80. 80. 80. 80. 80. 80. 80. 80. 80. 80. 80. 80. 80. 80. 80. 80. 80. 80. 80. 80. 80. 80. 80. 80. 80. 80. 80. 80. 80. 80. 80. 80. 80. 80. 80. 80. 80. 80. 80. 80. 80. 80. 80.
  341  78. 78. 78. 78. 79. 79. 78. 78. 78. 78. 79. 79. 78. 78. 78. 78. 78. 79. 79. 79. 79. 79. 79. 79. 79. 79. 79. 79. 79. 79. 79. 79. 79. 79. 79. 79. 79. 79. 79. 79. 79. 79. 79. 79. 79. 79. 79. 80. 80. 80. 80. 80. 80. 80. 80. 80. 80. 80. 80. 80. 80. 80. 80. 80. 80. 80. 80. 80. 80. 80. 80. 80. 80. 80. 80. 80. 80. 80. 80. 80. 80. 80. 80. 80. 80. 80. 80. 80. 80. 80. 80. 80. 80. 80. 80. 80. 80. 80. 80. 80. 80. 80. 80. 80. 80. 80. 80. 80. 80. 80. 80. 80. 80. 80. 80. 80. 80. 80. 80. 80. 80. 80. 80. 80. 80. 80. 80. 80. 80. 80. 80. 80. 80. 80. 80. 80. 80. 80. 80. 80. 80. 80. 80. 80. 80. 80. 80. 80. 80. 80.
  340  78. 78. 78. 78. 79. 79. 78. 78. 78. 78. 79. 79. 78. 78. 78. 78. 78. 79. 79. 79. 79. 79. 79. 79. 79. 79. 79. 79. 79. 79. 79. 79. 79. 79. 79. 79. 79. 79. 79. 79. 79. 79. 79. 79. 79. 79. 79. 80. 80. 80. 80. 80. 80. 80. 80. 80. 80. 80. 80. 80. 80. 80. 80. 80. 80. 80. 80. 80. 80. 80. 80. 80. 80. 80. 80. 80. 80. 80. 80. 80. 80. 80. 80. 80. 80. 80. 80. 80. 80. 80. 80. 80. 80. 80. 80. 80. 80. 80. 80. 80. 80. 80. 80. 80. 80. 80. 80. 80. 80. 80. 80. 80. 80. 80. 80. 80. 80. 80. 80. 80. 80. 80. 80. 80. 80. 80. 80. 80. 80. 80. 80. 80. 80. 80. 80. 80. 80. 80. 80. 80. 80. 80. 80. 80. 80. 80. 80. 80. 80. 80.
  339  78. 78. 78. 78. 79. 79. 78. 78. 78. 78. 79. 79. 79. 78. 78. 78. 79. 79. 79. 79. 79. 79. 79. 79. 79. 79. 79. 79. 79. 79. 79. 79. 79. 79. 79. 79. 79. 79. 79. 79. 79. 79. 79. 79. 79. 79. 79. 80. 80. 80. 80. 80. 80. 80. 80. 80. 80. 80. 80. 80. 80. 80. 80. 80. 80. 80. 80. 80. 80. 80. 80. 80. 80. 80. 80. 80. 80. 80. 80. 80. 80. 80. 80. 80. 80. 80. 80. 80. 80. 80. 80. 80. 80. 80. 80. 80. 80. 80. 80. 80. 80. 80. 80. 80. 80. 80. 80. 80. 80. 80. 80. 80. 80. 80. 80. 80. 80. 80. 80. 80. 80. 80. 80. 80. 80. 80. 80. 80. 80. 80. 80. 80. 80. 80. 80. 80. 80. 80. 80. 80. 80. 80. 80. 80. 80. 80. 80. 80. 80. 80.
  338  78. 78. 78. 78. 79. 79. 78. 78. 78. 78. 79. 79. 79. 78. 78. 78. 79. 79. 79. 79. 79. 79. 79. 79. 79. 79. 79. 79. 79. 79. 79. 79. 79. 79. 79. 79. 79. 79. 79. 79. 79. 79. 79. 79. 79. 79. 79. 79. 80. 80. 80. 80. 80. 80. 80. 80. 80. 80. 80. 80. 80. 80. 80. 80. 80. 80. 80. 80. 80. 80. 80. 80. 80. 80. 80. 80. 80. 80. 80. 80. 80. 80. 80. 80. 80. 80. 80. 80. 80. 80. 80. 80. 80. 80. 80. 80. 80. 80. 80. 80. 80. 80. 80. 80. 80. 80. 80. 80. 80. 80. 80. 80. 80. 80. 80. 80. 80. 80. 80. 80. 80. 80. 80. 80. 80. 80. 80. 80. 80. 80. 80. 80. 80. 80. 80. 80. 80. 80. 80. 80. 80. 80. 80. 80. 80. 80. 80. 80. 80. 80.
  337  78. 78. 78. 78. 79. 79. 78. 78. 78. 78. 79. 79. 79. 78. 78. 78. 79. 79. 79. 79. 79. 79. 79. 79. 79. 79. 79. 79. 79. 79. 79. 79. 79. 79. 79. 79. 79. 79. 79. 79. 79. 79. 79. 79. 79. 79. 79. 79. 80. 80. 80. 80. 80. 80. 80. 80. 80. 80. 80. 80. 80. 80. 80. 80. 80. 80. 80. 80. 80. 80. 80. 80. 80. 80. 80. 80. 80. 80. 80. 80. 80. 80. 80. 80. 80. 80. 80. 80. 80. 80. 80. 80. 80. 80. 80. 80. 80. 80. 80. 80. 80. 80. 80. 80. 80. 80. 80. 80. 80. 80. 80. 80. 80. 80. 80. 80. 80. 80. 80. 80. 80. 80. 80. 80. 80. 80. 80. 80. 80. 80. 80. 80. 80. 80. 80. 80. 80. 80. 80. 80. 80. 80. 80. 80. 80. 80. 80. 80. 80. 80.
  336  78. 78. 78. 78. 79. 79. 78. 78. 78. 78. 79. 79. 79. 78. 78. 78. 79. 79. 79. 79. 79. 79. 79. 79. 79. 79. 79. 79. 79. 79. 79. 79. 79. 79. 79. 79. 79. 79. 79. 79. 79. 79. 79. 79. 79. 79. 79. 79. 80. 80. 80. 80. 80. 80. 80. 80. 80. 80. 80. 80. 80. 80. 80. 80. 80. 80. 80. 80. 80. 80. 80. 80. 80. 80. 80. 80. 80. 80. 80. 80. 80. 80. 80. 80. 80. 80. 80. 80. 80. 80. 80. 80. 80. 80. 80. 80. 80. 80. 80. 80. 80. 80. 80. 80. 80. 80. 80. 80. 80. 80. 80. 80. 80. 80. 80. 80. 80. 80. 80. 80. 80. 80. 80. 80. 80. 80. 80. 80. 80. 80. 80. 80. 80. 80. 80. 80. 80. 80. 80. 80. 80. 80. 80. 80. 80. 80. 80. 80. 80. 80.
  335  78. 78. 78. 78. 79. 79. 78. 78. 78. 78. 79. 79. 79. 78. 78. 78. 79. 79. 79. 79. 79. 79. 79. 79. 79. 79. 79. 79. 79. 79. 79. 79. 79. 79. 79. 79. 79. 79. 79. 79. 79. 79. 79. 79. 79. 79. 79. 79. 79. 80. 80. 80. 80. 80. 80. 80. 80. 80. 80. 80. 80. 80. 80. 80. 80. 80. 80. 80. 80. 80. 80. 80. 80. 80. 80. 80. 80. 80. 80. 80. 80. 80. 80. 80. 80. 80. 80. 80. 80. 80. 80. 80. 80. 80. 80. 80. 80. 80. 80. 80. 80. 80. 80. 80. 80. 80. 80. 80. 80. 80. 80. 80. 80. 80. 80. 80. 80. 80. 80. 80. 80. 80. 80. 80. 80. 80. 80. 80. 80. 80. 80. 80. 80. 80. 80. 80. 80. 80. 80. 80. 80. 80. 80. 80. 80. 80. 80. 80. 80. 80.
  334  78. 78. 78. 78. 79. 79. 78. 78. 78. 78. 79. 79. 79. 78. 78. 78. 79. 79. 79. 79. 79. 79. 79. 79. 79. 79. 79. 79. 79. 79. 79. 79. 79. 79. 79. 79. 79. 79. 79. 79. 79. 79. 79. 79. 79. 79. 79. 79. 79. 80. 80. 80. 80. 80. 80. 80. 80. 80. 80. 80. 80. 80. 80. 80. 80. 80. 80. 80. 80. 80. 80. 80. 80. 80. 80. 80. 80. 80. 80. 80. 80. 80. 80. 80. 80. 80. 80. 80. 80. 80. 80. 80. 80. 80. 80. 80. 80. 80. 80. 80. 80. 80. 80. 80. 80. 80. 80. 80. 80. 80. 80. 80. 80. 80. 80. 80. 80. 80. 80. 80. 80. 80. 80. 80. 80. 80. 80. 80. 80. 80. 80. 80. 80. 80. 80. 80. 80. 80. 80. 80. 80. 80. 80. 80. 80. 80. 80. 80. 80. 80.
  333  78. 78. 78. 78. 79. 79. 78. 78. 78. 78. 79. 79. 79. 78. 78. 78. 79. 79. 79. 79. 79. 79. 79. 79. 79. 79. 79. 79. 79. 79. 79. 79. 79. 79. 79. 79. 79. 79. 79. 79. 79. 79. 79. 79. 79. 79. 79. 79. 79. 80. 80. 80. 80. 80. 80. 80. 80. 80. 80. 80. 80. 80. 80. 80. 80. 80. 80. 80. 80. 80. 80. 80. 80. 80. 80. 80. 80. 80. 80. 80. 80. 80. 80. 80. 80. 80. 80. 80. 80. 80. 80. 80. 80. 80. 80. 80. 80. 80. 80. 80. 80. 80. 80. 80. 80. 80. 80. 80. 80. 80. 80. 80. 80. 80. 80. 80. 80. 80. 80. 80. 80. 80. 80. 80. 80. 80. 80. 80. 80. 80. 80. 80. 80. 80. 80. 80. 80. 80. 80. 80. 80. 80. 80. 80. 80. 80. 80. 80. 80. 80.
  332  78. 78. 78. 78. 79. 79. 78. 78. 78. 78. 79. 79. 79. 78. 78. 78. 79. 79. 79. 79. 79. 79. 79. 79. 79. 79. 79. 79. 79. 79. 79. 79. 79. 79. 79. 79. 79. 79. 79. 79. 79. 79. 79. 79. 79. 79. 79. 79. 79. 80. 80. 80. 80. 80. 80. 80. 80. 80. 80. 80. 80. 80. 80. 80. 80. 80. 80. 80. 80. 80. 80. 80. 80. 80. 80. 80. 80. 80. 80. 80. 80. 80. 80. 80. 80. 80. 80. 80. 80. 80. 80. 80. 80. 80. 80. 80. 80. 80. 80. 80. 80. 80. 80. 80. 80. 80. 80. 80. 80. 80. 80. 80. 80. 80. 80. 80. 80. 80. 80. 80. 80. 80. 80. 80. 80. 80. 80. 80. 80. 80. 80. 80. 80. 80. 80. 80. 80. 80. 80. 80. 80. 80. 80. 80. 80. 80. 80. 80. 80. 80.
  331  78. 78. 78. 78. 79. 79. 78. 78. 78. 78. 79. 79. 79. 78. 78. 78. 79. 79. 79. 79. 79. 79. 79. 79. 79. 79. 79. 79. 79. 79. 79. 79. 79. 79. 79. 79. 79. 79. 79. 79. 79. 79. 79. 79. 79. 79. 79. 79. 79. 79. 80. 80. 80. 80. 80. 80. 80. 80. 80. 80. 80. 80. 80. 80. 80. 80. 80. 80. 80. 80. 80. 80. 80. 80. 80. 80. 80. 80. 80. 80. 80. 80. 80. 80. 80. 80. 80. 80. 80. 80. 80. 80. 80. 80. 80. 80. 80. 80. 80. 80. 80. 80. 80. 80. 80. 80. 80. 80. 80. 80. 80. 80. 80. 80. 80. 80. 80. 80. 80. 80. 80. 80. 80. 80. 80. 80. 80. 80. 80. 80. 80. 80. 80. 80. 80. 80. 80. 80. 80. 80. 80. 80. 80. 80. 80. 80. 80. 80. 80. 80.
  330  78. 78. 78. 78. 79. 79. 78. 78. 78. 78. 79. 79. 79. 78. 78. 78. 79. 79. 79. 79. 79. 79. 79. 79. 79. 79. 79. 79. 79. 79. 79. 79. 79. 79. 79. 79. 79. 79. 79. 79. 79. 79. 79. 79. 79. 79. 79. 79. 79. 79. 80. 80. 80. 80. 80. 80. 80. 80. 80. 80. 80. 80. 80. 80. 80. 80. 80. 80. 80. 80. 80. 80. 80. 80. 80. 80. 80. 80. 80. 80. 80. 80. 80. 80. 80. 80. 80. 80. 80. 80. 80. 80. 80. 80. 80. 80. 80. 80. 80. 80. 80. 80. 80. 80. 80. 80. 80. 80. 80. 80. 80. 80. 80. 80. 80. 80. 80. 80. 80. 80. 80. 80. 80. 80. 80. 80. 80. 80. 80. 80. 80. 80. 80. 80. 80. 80. 80. 80. 80. 80. 80. 80. 80. 80. 80. 80. 80. 80. 80. 80.
  329  78. 78. 78. 78. 79. 79. 78. 78. 78. 78. 79. 79. 79. 78. 78. 78. 79. 79. 79. 79. 79. 79. 79. 79. 79. 79. 79. 79. 79. 79. 79. 79. 79. 79. 79. 79. 79. 79. 79. 79. 79. 79. 79. 79. 79. 79. 79. 79. 79. 79. 80. 80. 80. 80. 80. 80. 80. 80. 80. 80. 80. 80. 80. 80. 80. 80. 80. 80. 80. 80. 80. 80. 80. 80. 80. 80. 80. 80. 80. 80. 80. 80. 80. 80. 80. 80. 80. 80. 80. 80. 80. 80. 80. 80. 80. 80. 80. 80. 80. 80. 80. 80. 80. 80. 80. 80. 80. 80. 80. 80. 80. 80. 80. 80. 80. 80. 80. 80. 80. 80. 80. 80. 80. 80. 80. 80. 80. 80. 80. 80. 80. 80. 80. 80. 80. 80. 80. 80. 80. 80. 80. 80. 80. 80. 80. 80. 80. 80. 80. 80.
  328  78. 78. 78. 78. 79. 79. 78. 78. 78. 78. 79. 79. 79. 78. 78. 78. 79. 79. 79. 79. 79. 79. 79. 79. 79. 79. 79. 79. 79. 79. 79. 79. 79. 79. 79. 79. 79. 79. 79. 79. 79. 79. 79. 79. 79. 79. 79. 79. 79. 79. 80. 80. 80. 80. 80. 80. 80. 80. 80. 80. 80. 80. 80. 80. 80. 80. 80. 80. 80. 80. 80. 80. 80. 80. 80. 80. 80. 80. 80. 80. 80. 80. 80. 80. 80. 80. 80. 80. 80. 80. 80. 80. 80. 80. 80. 80. 80. 80. 80. 80. 80. 80. 80. 80. 80. 80. 80. 80. 80. 80. 80. 80. 80. 80. 80. 80. 80. 80. 80. 80. 80. 80. 80. 80. 80. 80. 80. 80. 80. 80. 80. 80. 80. 80. 80. 80. 80. 80. 80. 80. 80. 80. 80. 80. 80. 80. 80. 80. 80. 80.
  327  78. 78. 78. 78. 79. 79. 78. 78. 78. 78. 79. 79. 79. 78. 78. 78. 79. 79. 79. 79. 79. 79. 79. 79. 79. 79. 79. 79. 79. 79. 79. 79. 79. 79. 79. 79. 79. 79. 79. 79. 79. 79. 79. 79. 79. 79. 79. 79. 79. 79. 79. 80. 80. 80. 80. 80. 80. 80. 80. 80. 80. 80. 80. 80. 80. 80. 80. 80. 80. 80. 80. 80. 80. 80. 80. 80. 80. 80. 80. 80. 80. 80. 80. 80. 80. 80. 80. 80. 80. 80. 80. 80. 80. 80. 80. 80. 80. 80. 80. 80. 80. 80. 80. 80. 80. 80. 80. 80. 80. 80. 80. 80. 80. 80. 80. 80. 80. 80. 80. 80. 80. 80. 80. 80. 80. 80. 80. 80. 80. 80. 80. 80. 80. 80. 80. 80. 80. 80. 80. 80. 80. 80. 80. 80. 80. 80. 80. 80. 80. 80.
  326  78. 78. 78. 78. 79. 79. 78. 78. 78. 78. 79. 79. 79. 78. 78. 78. 79. 79. 79. 79. 79. 79. 79. 79. 79. 79. 79. 79. 79. 79. 79. 79. 79. 79. 79. 79. 79. 79. 79. 79. 79. 79. 79. 79. 79. 79. 79. 79. 79. 79. 79. 80. 80. 80. 80. 80. 80. 80. 80. 80. 80. 80. 80. 80. 80. 80. 80. 80. 80. 80. 80. 80. 80. 80. 80. 80. 80. 80. 80. 80. 80. 80. 80. 80. 80. 80. 80. 80. 80. 80. 80. 80. 80. 80. 80. 80. 80. 80. 80. 80. 80. 80. 80. 80. 80. 80. 80. 80. 80. 80. 80. 80. 80. 80. 80. 80. 80. 80. 80. 80. 80. 80. 80. 80. 80. 80. 80. 80. 80. 80. 80. 80. 80. 80. 80. 80. 80. 80. 80. 80. 80. 80. 80. 80. 80. 80. 80. 80. 80. 80.
  325  78. 78. 78. 78. 79. 79. 78. 78. 78. 78. 79. 79. 79. 78. 78. 78. 79. 79. 79. 79. 79. 79. 79. 79. 79. 79. 79. 79. 79. 79. 79. 79. 79. 79. 79. 79. 79. 79. 79. 79. 79. 79. 79. 79. 79. 79. 79. 79. 79. 79. 79. 80. 80. 80. 80. 80. 80. 80. 80. 80. 80. 80. 80. 80. 80. 80. 80. 80. 80. 80. 80. 80. 80. 80. 80. 80. 80. 80. 80. 80. 80. 80. 80. 80. 80. 80. 80. 80. 80. 80. 80. 80. 80. 80. 80. 80. 80. 80. 80. 80. 80. 80. 80. 80. 80. 80. 80. 80. 80. 80. 80. 80. 80. 80. 80. 80. 80. 80. 80. 80. 80. 80. 80. 80. 80. 80. 80. 80. 80. 80. 80. 80. 80. 80. 80. 80. 80. 80. 80. 80. 80. 80. 80. 80. 80. 80. 80. 80. 80. 80.
  324  78. 78. 78. 78. 79. 79. 78. 78. 78. 78. 79. 79. 79. 78. 78. 78. 79. 79. 79. 79. 79. 79. 79. 79. 79. 79. 79. 79. 79. 79. 79. 79. 79. 79. 79. 79. 79. 79. 79. 79. 79. 79. 79. 79. 79. 79. 79. 79. 79. 79. 79. 79. 80. 80. 80. 80. 80. 80. 80. 80. 80. 80. 80. 80. 80. 80. 80. 80. 80. 80. 80. 80. 80. 80. 80. 80. 80. 80. 80. 80. 80. 80. 80. 80. 80. 80. 80. 80. 80. 80. 80. 80. 80. 80. 80. 80. 80. 80. 80. 80. 80. 80. 80. 80. 80. 80. 80. 80. 80. 80. 80. 80. 80. 80. 80. 80. 80. 80. 80. 80. 80. 80. 80. 80. 80. 80. 80. 80. 80. 80. 80. 80. 80. 80. 80. 80. 80. 80. 80. 80. 80. 80. 80. 80. 80. 80. 80. 80. 80. 80.
  323  78. 78. 78. 78. 79. 79. 78. 78. 78. 78. 79. 79. 79. 79. 78. 78. 79. 79. 79. 79. 79. 79. 79. 79. 79. 79. 79. 79. 79. 79. 79. 79. 79. 79. 79. 79. 79. 79. 79. 79. 79. 79. 79. 79. 79. 79. 79. 79. 79. 79. 79. 79. 80. 80. 80. 80. 80. 80. 80. 80. 80. 80. 80. 80. 80. 80. 80. 80. 80. 80. 80. 80. 80. 80. 80. 80. 80. 80. 80. 80. 80. 80. 80. 80. 80. 80. 80. 80. 80. 80. 80. 80. 80. 80. 80. 80. 80. 80. 80. 80. 80. 80. 80. 80. 80. 80. 80. 80. 80. 80. 80. 80. 80. 80. 80. 80. 80. 80. 80. 80. 80. 80. 80. 80. 80. 80. 80. 80. 80. 80. 80. 80. 80. 80. 80. 80. 80. 80. 80. 80. 80. 80. 80. 80. 80. 80. 80. 80. 80. 80.
  322  78. 78. 78. 78. 79. 79. 78. 78. 78. 78. 79. 79. 79. 79. 78. 78. 79. 79. 79. 79. 79. 79. 79. 79. 79. 79. 79. 79. 79. 79. 79. 79. 79. 79. 79. 79. 79. 79. 79. 79. 79. 79. 79. 79. 79. 79. 79. 79. 79. 79. 79. 79. 80. 80. 80. 80. 80. 80. 80. 80. 80. 80. 80. 80. 80. 80. 80. 80. 80. 80. 80. 80. 80. 80. 80. 80. 80. 80. 80. 80. 80. 80. 80. 80. 80. 80. 80. 80. 80. 80. 80. 80. 80. 80. 80. 80. 80. 80. 80. 80. 80. 80. 80. 80. 80. 80. 80. 80. 80. 80. 80. 80. 80. 80. 80. 80. 80. 80. 80. 80. 80. 80. 80. 80. 80. 80. 80. 80. 80. 80. 80. 80. 80. 80. 80. 80. 80. 80. 80. 80. 80. 80. 80. 80. 80. 80. 80. 80. 80. 80.
  321  78. 78. 78. 78. 79. 79. 78. 78. 78. 78. 79. 79. 79. 79. 78. 78. 79. 79. 79. 79. 79. 79. 79. 79. 79. 79. 79. 79. 79. 79. 79. 79. 79. 79. 79. 79. 79. 79. 79. 79. 79. 79. 79. 79. 79. 79. 79. 79. 79. 79. 79. 79. 79. 80. 80. 80. 80. 80. 80. 80. 80. 80. 80. 80. 80. 80. 80. 80. 80. 80. 80. 80. 80. 80. 80. 80. 80. 80. 80. 80. 80. 80. 80. 80. 80. 80. 80. 80. 80. 80. 80. 80. 80. 80. 80. 80. 80. 80. 80. 80. 80. 80. 80. 80. 80. 80. 80. 80. 80. 80. 80. 80. 80. 80. 80. 80. 80. 80. 80. 80. 80. 80. 80. 80. 80. 80. 80. 80. 80. 80. 80. 80. 80. 80. 80. 80. 80. 80. 80. 80. 80. 80. 80. 80. 80. 80. 80. 80. 80. 80.
  320  78. 78. 78. 78. 79. 79. 78. 78. 78. 78. 79. 79. 79. 79. 78. 78. 79. 79. 79. 79. 79. 79. 79. 79. 79. 79. 79. 79. 79. 79. 79. 79. 79. 79. 79. 79. 79. 79. 79. 79. 79. 79. 79. 79. 79. 79. 79. 79. 79. 79. 79. 79. 79. 80. 80. 80. 80. 80. 80. 80. 80. 80. 80. 80. 80. 80. 80. 80. 80. 80. 80. 80. 80. 80. 80. 80. 80. 80. 80. 80. 80. 80. 80. 80. 80. 80. 80. 80. 80. 80. 80. 80. 80. 80. 80. 80. 80. 80. 80. 80. 80. 80. 80. 80. 80. 80. 80. 80. 80. 80. 80. 80. 80. 80. 80. 80. 80. 80. 80. 80. 80. 80. 80. 80. 80. 80. 80. 80. 80. 80. 80. 80. 80. 80. 80. 80. 80. 80. 80. 80. 80. 80. 80. 80. 80. 80. 80. 80. 80. 80.
  319  78. 78. 78. 78. 79. 79. 78. 78. 78. 78. 79. 79. 79. 79. 78. 78. 79. 79. 79. 79. 79. 79. 79. 79. 79. 79. 79. 79. 79. 79. 79. 79. 79. 79. 79. 79. 79. 79. 79. 79. 79. 79. 79. 79. 79. 79. 79. 79. 79. 79. 79. 79. 79. 80. 80. 80. 80. 80. 80. 80. 80. 80. 80. 80. 80. 80. 80. 80. 80. 80. 80. 80. 80. 80. 80. 80. 80. 80. 80. 80. 80. 80. 80. 80. 80. 80. 80. 80. 80. 80. 80. 80. 80. 80. 80. 80. 80. 80. 80. 80. 80. 80. 80. 80. 80. 80. 80. 80. 80. 80. 80. 80. 80. 80. 80. 80. 80. 80. 80. 80. 80. 80. 80. 80. 80. 80. 80. 80. 80. 80. 80. 80. 80. 80. 80. 80. 80. 80. 80. 80. 80. 80. 80. 80. 80. 80. 80. 80. 80. 80.
  318  78. 78. 78. 79. 79. 79. 79. 78. 78. 78. 79. 79. 79. 79. 78. 78. 79. 79. 79. 79. 79. 79. 79. 79. 79. 79. 79. 79. 79. 79. 79. 79. 79. 79. 79. 79. 79. 79. 79. 79. 79. 79. 79. 79. 79. 79. 79. 79. 79. 79. 79. 79. 79. 80. 80. 80. 80. 80. 80. 80. 80. 80. 80. 80. 80. 80. 80. 80. 80. 80. 80. 80. 80. 80. 80. 80. 80. 80. 80. 80. 80. 80. 80. 80. 80. 80. 80. 80. 80. 80. 80. 80. 80. 80. 80. 80. 80. 80. 80. 80. 80. 80. 80. 80. 80. 80. 80. 80. 80. 80. 80. 80. 80. 80. 80. 80. 80. 80. 80. 80. 80. 80. 80. 80. 80. 80. 80. 80. 80. 80. 80. 80. 80. 80. 80. 80. 80. 80. 80. 80. 80. 80. 80. 80. 80. 80. 80. 80. 80. 80.
  317  78. 78. 78. 79. 79. 79. 79. 78. 78. 78. 79. 79. 79. 79. 78. 78. 79. 79. 79. 79. 79. 79. 79. 79. 79. 79. 79. 79. 79. 79. 79. 79. 79. 79. 79. 79. 79. 79. 79. 79. 79. 79. 79. 79. 79. 79. 79. 79. 79. 79. 79. 79. 79. 79. 80. 80. 80. 80. 80. 80. 80. 80. 80. 80. 80. 80. 80. 80. 80. 80. 80. 80. 80. 80. 80. 80. 80. 80. 80. 80. 80. 80. 80. 80. 80. 80. 80. 80. 80. 80. 80. 80. 80. 80. 80. 80. 80. 80. 80. 80. 80. 80. 80. 80. 80. 80. 80. 80. 80. 80. 80. 80. 80. 80. 80. 80. 80. 80. 80. 80. 80. 80. 80. 80. 80. 80. 80. 80. 80. 80. 80. 80. 80. 80. 80. 80. 80. 80. 80. 80. 80. 80. 80. 80. 80. 80. 80. 80. 80. 80.
  316  78. 78. 78. 79. 79. 79. 79. 78. 78. 78. 79. 79. 79. 79. 78. 78. 79. 79. 79. 79. 79. 79. 79. 79. 79. 79. 79. 79. 79. 79. 79. 79. 79. 79. 79. 79. 79. 79. 79. 79. 79. 79. 79. 79. 79. 79. 79. 79. 79. 79. 79. 79. 79. 79. 80. 80. 80. 80. 80. 80. 80. 80. 80. 80. 80. 80. 80. 80. 80. 80. 80. 80. 80. 80. 80. 80. 80. 80. 80. 80. 80. 80. 80. 80. 80. 80. 80. 80. 80. 80. 80. 80. 80. 80. 80. 80. 80. 80. 80. 80. 80. 80. 80. 80. 80. 80. 80. 80. 80. 80. 80. 80. 80. 80. 80. 80. 80. 80. 80. 80. 80. 80. 80. 80. 80. 80. 80. 80. 80. 80. 80. 80. 80. 80. 80. 80. 80. 80. 80. 80. 80. 80. 80. 80. 80. 80. 80. 80. 80. 80.
  315  79. 78. 78. 79. 79. 79. 79. 78. 78. 79. 79. 79. 79. 79. 78. 78. 79. 79. 79. 79. 79. 79. 79. 79. 79. 79. 79. 79. 79. 79. 79. 79. 79. 79. 79. 79. 79. 79. 79. 79. 79. 79. 79. 79. 79. 79. 79. 79. 79. 79. 79. 79. 79. 79. 80. 80. 80. 80. 80. 80. 80. 80. 80. 80. 80. 80. 80. 80. 80. 80. 80. 80. 80. 80. 80. 80. 80. 80. 80. 80. 80. 80. 80. 80. 80. 80. 80. 80. 80. 80. 80. 80. 80. 80. 80. 80. 80. 80. 80. 80. 80. 80. 80. 80. 80. 80. 80. 80. 80. 80. 80. 80. 80. 80. 80. 80. 80. 80. 80. 80. 80. 80. 80. 80. 80. 80. 80. 80. 80. 80. 80. 80. 80. 80. 80. 80. 80. 80. 80. 80. 80. 80. 80. 80. 80. 80. 80. 80. 80. 80.
  314  79. 78. 78. 79. 79. 79. 79. 78. 78. 79. 79. 79. 79. 79. 78. 78. 79. 79. 79. 79. 79. 79. 79. 79. 79. 79. 79. 79. 79. 79. 79. 79. 79. 79. 79. 79. 79. 79. 79. 79. 79. 79. 79. 79. 79. 79. 79. 79. 79. 79. 79. 79. 79. 79. 79. 80. 80. 80. 80. 80. 80. 80. 80. 80. 80. 80. 80. 80. 80. 80. 80. 80. 80. 80. 80. 80. 80. 80. 80. 80. 80. 80. 80. 80. 80. 80. 80. 80. 80. 80. 80. 80. 80. 80. 80. 80. 80. 80. 80. 80. 80. 80. 80. 80. 80. 80. 80. 80. 80. 80. 80. 80. 80. 80. 80. 80. 80. 80. 80. 80. 80. 80. 80. 80. 80. 80. 80. 80. 80. 80. 80. 80. 80. 80. 80. 80. 80. 80. 80. 80. 80. 80. 80. 80. 80. 80. 80. 80. 80. 80.
  313  79. 78. 78. 79. 79. 79. 79. 78. 78. 79. 79. 79. 79. 79. 78. 78. 79. 79. 79. 79. 79. 79. 79. 79. 79. 79. 79. 79. 79. 79. 79. 79. 79. 79. 79. 79. 79. 79. 79. 79. 79. 79. 79. 79. 79. 79. 79. 79. 79. 79. 79. 79. 79. 79. 79. 80. 80. 80. 80. 80. 80. 80. 80. 80. 80. 80. 80. 80. 80. 80. 80. 80. 80. 80. 80. 80. 80. 80. 80. 80. 80. 80. 80. 80. 80. 80. 80. 80. 80. 80. 80. 80. 80. 80. 80. 80. 80. 80. 80. 80. 80. 80. 80. 80. 80. 80. 80. 80. 80. 80. 80. 80. 80. 80. 80. 80. 80. 80. 80. 80. 80. 80. 80. 80. 80. 80. 80. 80. 80. 80. 80. 80. 80. 80. 80. 80. 80. 80. 80. 80. 80. 80. 80. 80. 80. 80. 80. 80. 80. 80.
  312  79. 78. 78. 79. 79. 79. 79. 78. 78. 79. 79. 79. 79. 79. 79. 79. 79. 79. 79. 79. 79. 79. 79. 79. 79. 79. 79. 79. 79. 79. 79. 79. 79. 79. 79. 79. 79. 79. 79. 79. 79. 79. 79. 79. 79. 79. 79. 79. 79. 79. 79. 79. 79. 79. 79. 80. 80. 80. 80. 80. 80. 80. 80. 80. 80. 80. 80. 80. 80. 80. 80. 80. 80. 80. 80. 80. 80. 80. 80. 80. 80. 80. 80. 80. 80. 80. 80. 80. 80. 80. 80. 80. 80. 80. 80. 80. 80. 80. 80. 80. 80. 80. 80. 80. 80. 80. 80. 80. 80. 80. 80. 80. 80. 80. 80. 80. 80. 80. 80. 80. 80. 80. 80. 80. 80. 80. 80. 80. 80. 80. 80. 80. 80. 80. 80. 80. 80. 80. 80. 80. 80. 80. 80. 80. 80. 80. 80. 80. 80. 80.
  311  79. 78. 78. 79. 79. 79. 79. 78. 78. 79. 79. 79. 79. 79. 79. 79. 79. 79. 79. 79. 79. 79. 79. 79. 79. 79. 79. 79. 79. 79. 79. 79. 79. 79. 79. 79. 79. 79. 79. 79. 79. 79. 79. 79. 79. 79. 79. 79. 79. 79. 79. 79. 79. 79. 79. 79. 80. 80. 80. 80. 80. 80. 80. 80. 80. 80. 80. 80. 80. 80. 80. 80. 80. 80. 80. 80. 80. 80. 80. 80. 80. 80. 80. 80. 80. 80. 80. 80. 80. 80. 80. 80. 80. 80. 80. 80. 80. 80. 80. 80. 80. 80. 80. 80. 80. 80. 80. 80. 80. 80. 80. 80. 80. 80. 80. 80. 80. 80. 80. 80. 80. 80. 80. 80. 80. 80. 80. 80. 80. 80. 80. 80. 80. 80. 80. 80. 80. 80. 80. 80. 80. 80. 80. 80. 80. 80. 80. 80. 80. 80.
  310  79. 78. 78. 79. 79. 79. 79. 78. 78. 79. 79. 79. 79. 79. 79. 79. 79. 79. 79. 79. 79. 79. 79. 79. 79. 79. 79. 79. 79. 79. 79. 79. 79. 79. 79. 79. 79. 79. 79. 79. 79. 79. 79. 79. 79. 79. 79. 79. 79. 79. 79. 79. 79. 79. 79. 79. 80. 80. 80. 80. 80. 80. 80. 80. 80. 80. 80. 80. 80. 80. 80. 80. 80. 80. 80. 80. 80. 80. 80. 80. 80. 80. 80. 80. 80. 80. 80. 80. 80. 80. 80. 80. 80. 80. 80. 80. 80. 80. 80. 80. 80. 80. 80. 80. 80. 80. 80. 80. 80. 80. 80. 80. 80. 80. 80. 80. 80. 80. 80. 80. 80. 80. 80. 80. 80. 80. 80. 80. 80. 80. 80. 80. 80. 80. 80. 80. 80. 80. 80. 80. 80. 80. 80. 80. 80. 80. 80. 80. 80. 80.
  309  79. 78. 78. 79. 79. 79. 79. 78. 78. 79. 79. 79. 79. 79. 79. 79. 79. 79. 79. 79. 79. 79. 79. 79. 79. 79. 79. 79. 79. 79. 79. 79. 79. 79. 79. 79. 79. 79. 79. 79. 79. 79. 79. 79. 79. 79. 79. 79. 79. 79. 79. 79. 79. 79. 79. 79. 79. 80. 80. 80. 80. 80. 80. 80. 80. 80. 80. 80. 80. 80. 80. 80. 80. 80. 80. 80. 80. 80. 80. 80. 80. 80. 80. 80. 80. 80. 80. 80. 80. 80. 80. 80. 80. 80. 80. 80. 80. 80. 80. 80. 80. 80. 80. 80. 80. 80. 80. 80. 80. 80. 80. 80. 80. 80. 80. 80. 80. 80. 80. 80. 80. 80. 80. 80. 80. 80. 80. 80. 80. 80. 80. 80. 80. 80. 80. 80. 80. 80. 80. 80. 80. 80. 80. 80. 80. 80. 80. 80. 80. 80.
  308  79. 78. 78. 79. 79. 79. 79. 78. 78. 79. 79. 79. 79. 79. 79. 79. 79. 79. 79. 79. 79. 79. 79. 79. 79. 79. 79. 79. 79. 79. 79. 79. 79. 79. 79. 79. 79. 79. 79. 79. 79. 79. 79. 79. 79. 79. 79. 79. 79. 79. 79. 79. 79. 79. 79. 79. 79. 80. 80. 80. 80. 80. 80. 80. 80. 80. 80. 80. 80. 80. 80. 80. 80. 80. 80. 80. 80. 80. 80. 80. 80. 80. 80. 80. 80. 80. 80. 80. 80. 80. 80. 80. 80. 80. 80. 80. 80. 80. 80. 80. 80. 80. 80. 80. 80. 80. 80. 80. 80. 80. 80. 80. 80. 80. 80. 80. 80. 80. 80. 80. 80. 80. 80. 80. 80. 80. 80. 80. 80. 80. 80. 80. 80. 80. 80. 80. 80. 80. 80. 80. 80. 80. 80. 80. 80. 80. 80. 80. 80. 80.
  307  79. 78. 78. 79. 79. 79. 79. 78. 78. 79. 79. 79. 79. 79. 79. 79. 79. 79. 79. 79. 79. 79. 79. 79. 79. 79. 79. 79. 79. 79. 79. 79. 79. 79. 79. 79. 79. 79. 79. 79. 79. 79. 79. 79. 79. 79. 79. 79. 79. 79. 79. 79. 79. 79. 79. 79. 79. 80. 80. 80. 80. 80. 80. 80. 80. 80. 80. 80. 80. 80. 80. 80. 80. 80. 80. 80. 80. 80. 80. 80. 80. 80. 80. 80. 80. 80. 80. 80. 80. 80. 80. 80. 80. 80. 80. 80. 80. 80. 80. 80. 80. 80. 80. 80. 80. 80. 80. 80. 80. 80. 80. 80. 80. 80. 80. 80. 80. 80. 80. 80. 80. 80. 80. 80. 80. 80. 80. 80. 80. 80. 80. 80. 80. 80. 80. 80. 80. 80. 80. 80. 80. 80. 80. 80. 80. 80. 80. 80. 80. 80.
  306  79. 78. 78. 79. 79. 79. 79. 78. 78. 79. 79. 79. 79. 79. 79. 79. 79. 79. 79. 79. 79. 79. 79. 79. 79. 79. 79. 79. 79. 79. 79. 79. 79. 79. 79. 79. 79. 79. 79. 79. 79. 79. 79. 79. 79. 79. 79. 79. 79. 79. 79. 79. 79. 79. 79. 79. 79. 79. 80. 80. 80. 80. 80. 80. 80. 80. 80. 80. 80. 80. 80. 80. 80. 80. 80. 80. 80. 80. 80. 80. 80. 80. 80. 80. 80. 80. 80. 80. 80. 80. 80. 80. 80. 80. 80. 80. 80. 80. 80. 80. 80. 80. 80. 80. 80. 80. 80. 80. 80. 80. 80. 80. 80. 80. 80. 80. 80. 80. 80. 80. 80. 80. 80. 80. 80. 80. 80. 80. 80. 80. 80. 80. 80. 80. 80. 80. 80. 80. 80. 80. 80. 80. 80. 80. 80. 80. 80. 80. 80. 80.
  305  79. 78. 78. 79. 79. 79. 79. 78. 78. 79. 79. 79. 79. 79. 79. 79. 79. 79. 79. 79. 79. 79. 79. 79. 79. 79. 79. 79. 79. 79. 79. 79. 79. 79. 79. 79. 79. 79. 79. 79. 79. 79. 79. 79. 79. 79. 79. 79. 79. 79. 79. 79. 79. 79. 79. 79. 79. 79. 80. 80. 80. 80. 80. 80. 80. 80. 80. 80. 80. 80. 80. 80. 80. 80. 80. 80. 80. 80. 80. 80. 80. 80. 80. 80. 80. 80. 80. 80. 80. 80. 80. 80. 80. 80. 80. 80. 80. 80. 80. 80. 80. 80. 80. 80. 80. 80. 80. 80. 80. 80. 80. 80. 80. 80. 80. 80. 80. 80. 80. 80. 80. 80. 80. 80. 80. 80. 80. 80. 80. 80. 80. 80. 80. 80. 80. 80. 80. 80. 80. 80. 80. 80. 80. 80. 80. 80. 80. 80. 80. 80.
  304  79. 78. 78. 79. 79. 79. 79. 78. 78. 79. 79. 79. 79. 79. 79. 79. 79. 79. 79. 79. 79. 79. 79. 79. 79. 79. 79. 79. 79. 79. 79. 79. 79. 79. 79. 79. 79. 79. 79. 79. 79. 79. 79. 79. 79. 79. 79. 79. 79. 79. 79. 79. 79. 79. 79. 79. 79. 79. 80. 80. 80. 80. 80. 80. 80. 80. 80. 80. 80. 80. 80. 80. 80. 80. 80. 80. 80. 80. 80. 80. 80. 80. 80. 80. 80. 80. 80. 80. 80. 80. 80. 80. 80. 80. 80. 80. 80. 80. 80. 80. 80. 80. 80. 80. 80. 80. 80. 80. 80. 80. 80. 80. 80. 80. 80. 80. 80. 80. 80. 80. 80. 80. 80. 80. 80. 80. 80. 80. 80. 80. 80. 80. 80. 80. 80. 80. 80. 80. 80. 80. 80. 80. 80. 80. 80. 80. 80. 80. 80. 80.
  303  79. 78. 78. 79. 79. 79. 79. 78. 78. 79. 79. 79. 79. 79. 79. 79. 79. 79. 79. 79. 79. 79. 79. 79. 79. 79. 79. 79. 79. 79. 79. 79. 79. 79. 79. 79. 79. 79. 79. 79. 79. 79. 79. 79. 79. 79. 79. 79. 79. 79. 79. 79. 79. 79. 79. 79. 79. 79. 79. 80. 80. 80. 80. 80. 80. 80. 80. 80. 80. 80. 80. 80. 80. 80. 80. 80. 80. 80. 80. 80. 80. 80. 80. 80. 80. 80. 80. 80. 80. 80. 80. 80. 80. 80. 80. 80. 80. 80. 80. 80. 80. 80. 80. 80. 80. 80. 80. 80. 80. 80. 80. 80. 80. 80. 80. 80. 80. 80. 80. 80. 80. 80. 80. 80. 80. 80. 80. 80. 80. 80. 80. 80. 80. 80. 80. 80. 80. 80. 80. 80. 80. 80. 80. 80. 80. 80. 80. 80. 80. 80.
  302  79. 78. 78. 79. 79. 79. 79. 78. 78. 79. 79. 79. 79. 79. 79. 79. 79. 79. 79. 79. 79. 79. 79. 79. 79. 79. 79. 79. 79. 79. 79. 79. 79. 79. 79. 79. 79. 79. 79. 79. 79. 79. 79. 79. 79. 79. 79. 79. 79. 79. 79. 79. 79. 79. 79. 79. 79. 79. 79. 80. 80. 80. 80. 80. 80. 80. 80. 80. 80. 80. 80. 80. 80. 80. 80. 80. 80. 80. 80. 80. 80. 80. 80. 80. 80. 80. 80. 80. 80. 80. 80. 80. 80. 80. 80. 80. 80. 80. 80. 80. 80. 80. 80. 80. 80. 80. 80. 80. 80. 80. 80. 80. 80. 80. 80. 80. 80. 80. 80. 80. 80. 80. 80. 80. 80. 80. 80. 80. 80. 80. 80. 80. 80. 80. 80. 80. 80. 80. 80. 80. 80. 80. 80. 80. 80. 80. 80. 80. 80. 80.
  301  79. 78. 78. 79. 79. 79. 79. 78. 78. 79. 79. 79. 79. 79. 79. 79. 79. 79. 79. 79. 79. 79. 79. 79. 79. 79. 79. 79. 79. 79. 79. 79. 79. 79. 79. 79. 79. 79. 79. 79. 79. 79. 79. 79. 79. 79. 79. 79. 79. 79. 79. 79. 79. 79. 79. 79. 79. 79. 79. 79. 80. 80. 80. 80. 80. 80. 80. 80. 80. 80. 80. 80. 80. 80. 80. 80. 80. 80. 80. 80. 80. 80. 80. 80. 80. 80. 80. 80. 80. 80. 80. 80. 80. 80. 80. 80. 80. 80. 80. 80. 80. 80. 80. 80. 80. 80. 80. 80. 80. 80. 80. 80. 80. 80. 80. 80. 80. 80. 80. 80. 80. 80. 80. 80. 80. 80. 80. 80. 80. 80. 80. 80. 80. 80. 80. 80. 80. 80. 80. 80. 80. 80. 80. 80. 80. 80. 80. 80. 80. 80.
  300  79. 78. 78. 79. 79. 79. 79. 78. 78. 79. 79. 79. 79. 79. 79. 79. 79. 79. 79. 79. 79. 79. 79. 79. 79. 79. 79. 79. 79. 79. 79. 79. 79. 79. 79. 79. 79. 79. 79. 79. 79. 79. 79. 79. 79. 79. 79. 79. 79. 79. 79. 79. 79. 79. 79. 79. 79. 79. 79. 79. 80. 80. 80. 80. 80. 80. 80. 80. 80. 80. 80. 80. 80. 80. 80. 80. 80. 80. 80. 80. 80. 80. 80. 80. 80. 80. 80. 80. 80. 80. 80. 80. 80. 80. 80. 80. 80. 80. 80. 80. 80. 80. 80. 80. 80. 80. 80. 80. 80. 80. 80. 80. 80. 80. 80. 80. 80. 80. 80. 80. 80. 80. 80. 80. 80. 80. 80. 80. 80. 80. 80. 80. 80. 80. 80. 80. 80. 80. 80. 80. 80. 80. 80. 80. 80. 80. 80. 80. 80. 80.
  299  79. 79. 78. 79. 79. 79. 79. 78. 79. 79. 79. 79. 79. 79. 79. 79. 79. 79. 79. 79. 79. 79. 79. 79. 79. 79. 79. 79. 79. 79. 79. 79. 79. 79. 79. 79. 79. 79. 79. 79. 79. 79. 79. 79. 79. 79. 79. 79. 79. 79. 79. 79. 79. 79. 79. 79. 79. 79. 79. 79. 79. 80. 80. 80. 80. 80. 80. 80. 80. 80. 80. 80. 80. 80. 80. 80. 80. 80. 80. 80. 80. 80. 80. 80. 80. 80. 80. 80. 80. 80. 80. 80. 80. 80. 80. 80. 80. 80. 80. 80. 80. 80. 80. 80. 80. 80. 80. 80. 80. 80. 80. 80. 80. 80. 80. 80. 80. 80. 80. 80. 80. 80. 80. 80. 80. 80. 80. 80. 80. 80. 80. 80. 80. 80. 80. 80. 80. 80. 80. 80. 80. 80. 80. 80. 80. 80. 80. 80. 80. 80.
  298  79. 79. 79. 79. 79. 79. 79. 79. 79. 79. 79. 79. 79. 79. 79. 79. 79. 79. 79. 79. 79. 79. 79. 79. 79. 79. 79. 79. 79. 79. 79. 79. 79. 79. 79. 79. 79. 79. 79. 79. 79. 79. 79. 79. 79. 79. 79. 79. 79. 79. 79. 79. 79. 79. 79. 79. 79. 79. 79. 79. 79. 80. 80. 80. 80. 80. 80. 80. 80. 80. 80. 80. 80. 80. 80. 80. 80. 80. 80. 80. 80. 80. 80. 80. 80. 80. 80. 80. 80. 80. 80. 80. 80. 80. 80. 80. 80. 80. 80. 80. 80. 80. 80. 80. 80. 80. 80. 80. 80. 80. 80. 80. 80. 80. 80. 80. 80. 80. 80. 80. 80. 80. 80. 80. 80. 80. 80. 80. 80. 80. 80. 80. 80. 80. 80. 80. 80. 80. 80. 80. 80. 80. 80. 80. 80. 80. 80. 80. 80. 80.
  297  79. 79. 79. 79. 79. 79. 79. 79. 79. 79. 79. 79. 79. 79. 79. 79. 79. 79. 79. 79. 79. 79. 79. 79. 79. 79. 79. 79. 79. 79. 79. 79. 79. 79. 79. 79. 79. 79. 79. 79. 79. 79. 79. 79. 79. 79. 79. 79. 79. 79. 79. 79. 79. 79. 79. 79. 79. 79. 79. 79. 79. 80. 80. 80. 80. 80. 80. 80. 80. 80. 80. 80. 80. 80. 80. 80. 80. 80. 80. 80. 80. 80. 80. 80. 80. 80. 80. 80. 80. 80. 80. 80. 80. 80. 80. 80. 80. 80. 80. 80. 80. 80. 80. 80. 80. 80. 80. 80. 80. 80. 80. 80. 80. 80. 80. 80. 80. 80. 80. 80. 80. 80. 80. 80. 80. 80. 80. 80. 80. 80. 80. 80. 80. 80. 80. 80. 80. 80. 80. 80. 80. 80. 80. 80. 80. 80. 80. 80. 80. 80.
  296  79. 79. 79. 79. 79. 79. 79. 79. 79. 79. 79. 79. 79. 79. 79. 79. 79. 79. 79. 79. 79. 79. 79. 79. 79. 79. 79. 79. 79. 79. 79. 79. 79. 79. 79. 79. 79. 79. 79. 79. 79. 79. 79. 79. 79. 79. 79. 79. 79. 79. 79. 79. 79. 79. 79. 79. 79. 79. 79. 79. 79. 79. 80. 80. 80. 80. 80. 80. 80. 80. 80. 80. 80. 80. 80. 80. 80. 80. 80. 80. 80. 80. 80. 80. 80. 80. 80. 80. 80. 80. 80. 80. 80. 80. 80. 80. 80. 80. 80. 80. 80. 80. 80. 80. 80. 80. 80. 80. 80. 80. 80. 80. 80. 80. 80. 80. 80. 80. 80. 80. 80. 80. 80. 80. 80. 80. 80. 80. 80. 80. 80. 80. 80. 80. 80. 80. 80. 80. 80. 80. 80. 80. 80. 80. 80. 80. 80. 80. 80. 80.
  295  79. 79. 79. 79. 79. 79. 79. 79. 79. 79. 79. 79. 79. 79. 79. 79. 79. 79. 79. 79. 79. 79. 79. 79. 79. 79. 79. 79. 79. 79. 79. 79. 79. 79. 79. 79. 79. 79. 79. 79. 79. 79. 79. 79. 79. 79. 79. 79. 79. 79. 79. 79. 79. 79. 79. 79. 79. 79. 79. 79. 79. 79. 80. 80. 80. 80. 80. 80. 80. 80. 80. 80. 80. 80. 80. 80. 80. 80. 80. 80. 80. 80. 80. 80. 80. 80. 80. 80. 80. 80. 80. 80. 80. 80. 80. 80. 80. 80. 80. 80. 80. 80. 80. 80. 80. 80. 80. 80. 80. 80. 80. 80. 80. 80. 80. 80. 80. 80. 80. 80. 80. 80. 80. 80. 80. 80. 80. 80. 80. 80. 80. 80. 80. 80. 80. 80. 80. 80. 80. 80. 80. 80. 80. 80. 80. 80. 80. 80. 80. 80.
  294  79. 79. 79. 79. 79. 79. 79. 79. 79. 79. 79. 79. 79. 79. 79. 79. 79. 79. 79. 79. 79. 79. 79. 79. 79. 79. 79. 79. 79. 79. 79. 79. 79. 79. 79. 79. 79. 79. 79. 79. 79. 79. 79. 79. 79. 79. 79. 79. 79. 79. 79. 79. 79. 79. 79. 79. 79. 79. 79. 79. 79. 79. 79. 80. 80. 80. 80. 80. 80. 80. 80. 80. 80. 80. 80. 80. 80. 80. 80. 80. 80. 80. 80. 80. 80. 80. 80. 80. 80. 80. 80. 80. 80. 80. 80. 80. 80. 80. 80. 80. 80. 80. 80. 80. 80. 80. 80. 80. 80. 80. 80. 80. 80. 80. 80. 80. 80. 80. 80. 80. 80. 80. 80. 80. 80. 80. 80. 80. 80. 80. 80. 80. 80. 80. 80. 80. 80. 80. 80. 80. 80. 80. 80. 80. 80. 80. 80. 80. 80. 80.
  293  79. 79. 79. 79. 79. 79. 79. 79. 79. 79. 79. 79. 79. 79. 79. 79. 79. 79. 79. 79. 79. 79. 79. 79. 79. 79. 79. 79. 79. 79. 79. 79. 79. 79. 79. 79. 79. 79. 79. 79. 79. 79. 79. 79. 79. 79. 79. 79. 79. 79. 79. 79. 79. 79. 79. 79. 79. 79. 79. 79. 79. 79. 79. 80. 80. 80. 80. 80. 80. 80. 80. 80. 80. 80. 80. 80. 80. 80. 80. 80. 80. 80. 80. 80. 80. 80. 80. 80. 80. 80. 80. 80. 80. 80. 80. 80. 80. 80. 80. 80. 80. 80. 80. 80. 80. 80. 80. 80. 80. 80. 80. 80. 80. 80. 80. 80. 80. 80. 80. 80. 80. 80. 80. 80. 80. 80. 80. 80. 80. 80. 80. 80. 80. 80. 80. 80. 80. 80. 80. 80. 80. 80. 80. 80. 80. 80. 80. 80. 80. 80.
  292  79. 79. 79. 79. 79. 79. 79. 79. 79. 79. 79. 79. 79. 79. 79. 79. 79. 79. 79. 79. 79. 79. 79. 79. 79. 79. 79. 79. 79. 79. 79. 79. 79. 79. 79. 79. 79. 79. 79. 79. 79. 79. 79. 79. 79. 79. 79. 79. 79. 79. 79. 79. 79. 79. 79. 79. 79. 79. 79. 79. 79. 79. 79. 79. 80. 80. 80. 80. 80. 80. 80. 80. 80. 80. 80. 80. 80. 80. 80. 80. 80. 80. 80. 80. 80. 80. 80. 80. 80. 80. 80. 80. 80. 80. 80. 80. 80. 80. 80. 80. 80. 80. 80. 80. 80. 80. 80. 80. 80. 80. 80. 80. 80. 80. 80. 80. 80. 80. 80. 80. 80. 80. 80. 80. 80. 80. 80. 80. 80. 80. 80. 80. 80. 80. 80. 80. 80. 80. 80. 80. 80. 80. 80. 80. 80. 80. 80. 80. 80. 80.
  291  79. 79. 79. 79. 79. 79. 79. 79. 79. 79. 79. 79. 79. 79. 79. 79. 79. 79. 79. 79. 79. 79. 79. 79. 79. 79. 79. 79. 79. 79. 79. 79. 79. 79. 79. 79. 79. 79. 79. 79. 79. 79. 79. 79. 79. 79. 79. 79. 79. 79. 79. 79. 79. 79. 79. 79. 79. 79. 79. 79. 79. 79. 79. 79. 80. 80. 80. 80. 80. 80. 80. 80. 80. 80. 80. 80. 80. 80. 80. 80. 80. 80. 80. 80. 80. 80. 80. 80. 80. 80. 80. 80. 80. 80. 80. 80. 80. 80. 80. 80. 80. 80. 80. 80. 80. 80. 80. 80. 80. 80. 80. 80. 80. 80. 80. 80. 80. 80. 80. 80. 80. 80. 80. 80. 80. 80. 80. 80. 80. 80. 80. 80. 80. 80. 80. 80. 80. 80. 80. 80. 80. 80. 80. 80. 80. 80. 80. 80. 80. 80.
  290  79. 79. 79. 79. 79. 79. 79. 79. 79. 79. 79. 79. 79. 79. 79. 79. 79. 79. 79. 79. 79. 79. 79. 79. 79. 79. 79. 79. 79. 79. 79. 79. 79. 79. 79. 79. 79. 79. 79. 79. 79. 79. 79. 79. 79. 79. 79. 79. 79. 79. 79. 79. 79. 79. 79. 79. 79. 79. 79. 79. 79. 79. 79. 79. 79. 80. 80. 80. 80. 80. 80. 80. 80. 80. 80. 80. 80. 80. 80. 80. 80. 80. 80. 80. 80. 80. 80. 80. 80. 80. 80. 80. 80. 80. 80. 80. 80. 80. 80. 80. 80. 80. 80. 80. 80. 80. 80. 80. 80. 80. 80. 80. 80. 80. 80. 80. 80. 80. 80. 80. 80. 80. 80. 80. 80. 80. 80. 80. 80. 80. 80. 80. 80. 80. 80. 80. 80. 80. 80. 80. 80. 80. 80. 80. 80. 80. 80. 80. 80. 80.
  289  79. 79. 79. 79. 79. 79. 79. 79. 79. 79. 79. 79. 79. 79. 79. 79. 79. 79. 79. 79. 79. 79. 79. 79. 79. 79. 79. 79. 79. 79. 79. 79. 79. 79. 79. 79. 79. 79. 79. 79. 79. 79. 79. 79. 79. 79. 79. 79. 79. 79. 79. 79. 79. 79. 79. 79. 79. 79. 79. 79. 79. 79. 79. 79. 79. 80. 80. 80. 80. 80. 80. 80. 80. 80. 80. 80. 80. 80. 80. 80. 80. 80. 80. 80. 80. 80. 80. 80. 80. 80. 80. 80. 80. 80. 80. 80. 80. 80. 80. 80. 80. 80. 80. 80. 80. 80. 80. 80. 80. 80. 80. 80. 80. 80. 80. 80. 80. 80. 80. 80. 80. 80. 80. 80. 80. 80. 80. 80. 80. 80. 80. 80. 80. 80. 80. 80. 80. 80. 80. 80. 80. 80. 80. 80. 80. 80. 80. 80. 80. 80.
  288  79. 79. 79. 79. 79. 79. 79. 79. 79. 79. 79. 79. 79. 79. 79. 79. 79. 79. 79. 79. 79. 79. 79. 79. 79. 79. 79. 79. 79. 79. 79. 79. 79. 79. 79. 79. 79. 79. 79. 79. 79. 79. 79. 79. 79. 79. 79. 79. 79. 79. 79. 79. 79. 79. 79. 79. 79. 79. 79. 79. 79. 79. 79. 79. 79. 79. 80. 80. 80. 80. 80. 80. 80. 80. 80. 80. 80. 80. 80. 80. 80. 80. 80. 80. 80. 80. 80. 80. 80. 80. 80. 80. 80. 80. 80. 80. 80. 80. 80. 80. 80. 80. 80. 80. 80. 80. 80. 80. 80. 80. 80. 80. 80. 80. 80. 80. 80. 80. 80. 80. 80. 80. 80. 80. 80. 80. 80. 80. 80. 80. 80. 80. 80. 80. 80. 80. 80. 80. 80. 80. 80. 80. 80. 80. 80. 80. 80. 80. 80. 80.
  287  79. 79. 79. 79. 79. 79. 79. 79. 79. 79. 79. 79. 79. 79. 79. 79. 79. 79. 79. 79. 79. 79. 79. 79. 79. 79. 79. 79. 79. 79. 79. 79. 79. 79. 79. 79. 79. 79. 79. 79. 79. 79. 79. 79. 79. 79. 79. 79. 79. 79. 79. 79. 79. 79. 79. 79. 79. 79. 79. 79. 79. 79. 79. 79. 79. 79. 80. 80. 80. 80. 80. 80. 80. 80. 80. 80. 80. 80. 80. 80. 80. 80. 80. 80. 80. 80. 80. 80. 80. 80. 80. 80. 80. 80. 80. 80. 80. 80. 80. 80. 80. 80. 80. 80. 80. 80. 80. 80. 80. 80. 80. 80. 80. 80. 80. 80. 80. 80. 80. 80. 80. 80. 80. 80. 80. 80. 80. 80. 80. 80. 80. 80. 80. 80. 80. 80. 80. 80. 80. 80. 80. 80. 80. 80. 80. 80. 80. 80. 80. 80.
  286  79. 79. 79. 79. 79. 79. 79. 79. 79. 79. 79. 79. 79. 79. 79. 79. 79. 79. 79. 79. 79. 79. 79. 79. 79. 79. 79. 79. 79. 79. 79. 79. 79. 79. 79. 79. 79. 79. 79. 79. 79. 79. 79. 79. 79. 79. 79. 79. 79. 79. 79. 79. 79. 79. 79. 79. 79. 79. 79. 79. 79. 79. 79. 79. 79. 79. 79. 80. 80. 80. 80. 80. 80. 80. 80. 80. 80. 80. 80. 80. 80. 80. 80. 80. 80. 80. 80. 80. 80. 80. 80. 80. 80. 80. 80. 80. 80. 80. 80. 80. 80. 80. 80. 80. 80. 80. 80. 80. 80. 80. 80. 80. 80. 80. 80. 80. 80. 80. 80. 80. 80. 80. 80. 80. 80. 80. 80. 80. 80. 80. 80. 80. 80. 80. 80. 80. 80. 80. 80. 80. 80. 80. 80. 80. 80. 80. 80. 80. 80. 80.
  285  79. 79. 79. 79. 79. 79. 79. 79. 79. 79. 79. 79. 79. 79. 79. 79. 79. 79. 79. 79. 79. 79. 79. 79. 79. 79. 79. 79. 79. 79. 79. 79. 79. 79. 79. 79. 79. 79. 79. 79. 79. 79. 79. 79. 79. 79. 79. 79. 79. 79. 79. 79. 79. 79. 79. 79. 79. 79. 79. 79. 79. 79. 79. 79. 79. 79. 79. 80. 80. 80. 80. 80. 80. 80. 80. 80. 80. 80. 80. 80. 80. 80. 80. 80. 80. 80. 80. 80. 80. 80. 80. 80. 80. 80. 80. 80. 80. 80. 80. 80. 80. 80. 80. 80. 80. 80. 80. 80. 80. 80. 80. 80. 80. 80. 80. 80. 80. 80. 80. 80. 80. 80. 80. 80. 80. 80. 80. 80. 80. 80. 80. 80. 80. 80. 80. 80. 80. 80. 80. 80. 80. 80. 80. 80. 80. 80. 80. 80. 80. 80.
  284  79. 79. 79. 79. 79. 79. 79. 79. 79. 79. 79. 79. 79. 79. 79. 79. 79. 79. 79. 79. 79. 79. 79. 79. 79. 79. 79. 79. 79. 79. 79. 79. 79. 79. 79. 79. 79. 79. 79. 79. 79. 79. 79. 79. 79. 79. 79. 79. 79. 79. 79. 79. 79. 79. 79. 79. 79. 79. 79. 79. 79. 79. 79. 79. 79. 79. 79. 79. 80. 80. 80. 80. 80. 80. 80. 80. 80. 80. 80. 80. 80. 80. 80. 80. 80. 80. 80. 80. 80. 80. 80. 80. 80. 80. 80. 80. 80. 80. 80. 80. 80. 80. 80. 80. 80. 80. 80. 80. 80. 80. 80. 80. 80. 80. 80. 80. 80. 80. 80. 80. 80. 80. 80. 80. 80. 80. 80. 80. 80. 80. 80. 80. 80. 80. 80. 80. 80. 80. 80. 80. 80. 80. 80. 80. 80. 80. 80. 80. 80. 80.
  283  79. 79. 79. 79. 79. 79. 79. 79. 79. 79. 79. 79. 79. 79. 79. 79. 79. 79. 79. 79. 79. 79. 79. 79. 79. 79. 79. 79. 79. 79. 79. 79. 79. 79. 79. 79. 79. 79. 79. 79. 79. 79. 79. 79. 79. 79. 79. 79. 79. 79. 79. 79. 79. 79. 79. 79. 79. 79. 79. 79. 79. 79. 79. 79. 79. 79. 79. 79. 79. 80. 80. 80. 80. 80. 80. 80. 80. 80. 80. 80. 80. 80. 80. 80. 80. 80. 80. 80. 80. 80. 80. 80. 80. 80. 80. 80. 80. 80. 80. 80. 80. 80. 80. 80. 80. 80. 80. 80. 80. 80. 80. 80. 80. 80. 80. 80. 80. 80. 80. 80. 80. 80. 80. 80. 80. 80. 80. 80. 80. 80. 80. 80. 80. 80. 80. 80. 80. 80. 80. 80. 80. 80. 80. 80. 80. 80. 80. 80. 80. 80.
  282  79. 79. 79. 79. 79. 79. 79. 79. 79. 79. 79. 79. 79. 79. 79. 79. 79. 79. 79. 79. 79. 79. 79. 79. 79. 79. 79. 79. 79. 79. 79. 79. 79. 79. 79. 79. 79. 79. 79. 79. 79. 79. 79. 79. 79. 79. 79. 79. 79. 79. 79. 79. 79. 79. 79. 79. 79. 79. 79. 79. 79. 79. 79. 79. 79. 79. 79. 79. 79. 80. 80. 80. 80. 80. 80. 80. 80. 80. 80. 80. 80. 80. 80. 80. 80. 80. 80. 80. 80. 80. 80. 80. 80. 80. 80. 80. 80. 80. 80. 80. 80. 80. 80. 80. 80. 80. 80. 80. 80. 80. 80. 80. 80. 80. 80. 80. 80. 80. 80. 80. 80. 80. 80. 80. 80. 80. 80. 80. 80. 80. 80. 80. 80. 80. 80. 80. 80. 80. 80. 80. 80. 80. 80. 80. 80. 80. 80. 80. 80. 80.
  281  79. 79. 79. 79. 79. 79. 79. 79. 79. 79. 79. 79. 79. 79. 79. 79. 79. 79. 79. 79. 79. 79. 79. 79. 79. 79. 79. 79. 79. 79. 79. 79. 79. 79. 79. 79. 79. 79. 79. 79. 79. 79. 79. 79. 79. 79. 79. 79. 79. 79. 79. 79. 79. 79. 79. 79. 79. 79. 79. 79. 79. 79. 79. 79. 79. 79. 79. 79. 79. 79. 80. 80. 80. 80. 80. 80. 80. 80. 80. 80. 80. 80. 80. 80. 80. 80. 80. 80. 80. 80. 80. 80. 80. 80. 80. 80. 80. 80. 80. 80. 80. 80. 80. 80. 80. 80. 80. 80. 80. 80. 80. 80. 80. 80. 80. 80. 80. 80. 80. 80. 80. 80. 80. 80. 80. 80. 80. 80. 80. 80. 80. 80. 80. 80. 80. 80. 80. 80. 80. 80. 80. 80. 80. 80. 80. 80. 80. 80. 80. 80.
  280  79. 79. 79. 79. 79. 79. 79. 79. 79. 79. 79. 79. 79. 79. 79. 79. 79. 79. 79. 79. 79. 79. 79. 79. 79. 79. 79. 79. 79. 79. 79. 79. 79. 79. 79. 79. 79. 79. 79. 79. 79. 79. 79. 79. 79. 79. 79. 79. 79. 79. 79. 79. 79. 79. 79. 79. 79. 79. 79. 79. 79. 79. 79. 79. 79. 79. 79. 79. 79. 79. 80. 80. 80. 80. 80. 80. 80. 80. 80. 80. 80. 80. 80. 80. 80. 80. 80. 80. 80. 80. 80. 80. 80. 80. 80. 80. 80. 80. 80. 80. 80. 80. 80. 80. 80. 80. 80. 80. 80. 80. 80. 80. 80. 80. 80. 80. 80. 80. 80. 80. 80. 80. 80. 80. 80. 80. 80. 80. 80. 80. 80. 80. 80. 80. 80. 80. 80. 80. 80. 80. 80. 80. 80. 80. 80. 80. 80. 80. 80. 80.
  279  79. 79. 79. 79. 79. 79. 79. 79. 79. 79. 79. 79. 79. 79. 79. 79. 79. 79. 79. 79. 79. 79. 79. 79. 79. 79. 79. 79. 79. 79. 79. 79. 79. 79. 79. 79. 79. 79. 79. 79. 79. 79. 79. 79. 79. 79. 79. 79. 79. 79. 79. 79. 79. 79. 79. 79. 79. 79. 79. 79. 79. 79. 79. 79. 79. 79. 79. 79. 79. 79. 79. 80. 80. 80. 80. 80. 80. 80. 80. 80. 80. 80. 80. 80. 80. 80. 80. 80. 80. 80. 80. 80. 80. 80. 80. 80. 80. 80. 80. 80. 80. 80. 80. 80. 80. 80. 80. 80. 80. 80. 80. 80. 80. 80. 80. 80. 80. 80. 80. 80. 80. 80. 80. 80. 80. 80. 80. 80. 80. 80. 80. 80. 80. 80. 80. 80. 80. 80. 80. 80. 80. 80. 80. 80. 80. 80. 80. 80. 80. 80.
  278  79. 79. 79. 79. 79. 79. 79. 79. 79. 79. 79. 79. 79. 79. 79. 79. 79. 79. 79. 79. 79. 79. 79. 79. 79. 79. 79. 79. 79. 79. 79. 79. 79. 79. 79. 79. 79. 79. 79. 79. 79. 79. 79. 79. 79. 79. 79. 79. 79. 79. 79. 79. 79. 79. 79. 79. 79. 79. 79. 79. 79. 79. 79. 79. 79. 79. 79. 79. 79. 79. 79. 79. 80. 80. 80. 80. 80. 80. 80. 80. 80. 80. 80. 80. 80. 80. 80. 80. 80. 80. 80. 80. 80. 80. 80. 80. 80. 80. 80. 80. 80. 80. 80. 80. 80. 80. 80. 80. 80. 80. 80. 80. 80. 80. 80. 80. 80. 80. 80. 80. 80. 80. 80. 80. 80. 80. 80. 80. 80. 80. 80. 80. 80. 80. 80. 80. 80. 80. 80. 80. 80. 80. 80. 80. 80. 80. 80. 80. 80. 80.
  277  79. 79. 79. 79. 79. 79. 79. 79. 79. 79. 79. 79. 79. 79. 79. 79. 79. 79. 79. 79. 79. 79. 79. 79. 79. 79. 79. 79. 79. 79. 79. 79. 79. 79. 79. 79. 79. 79. 79. 79. 79. 79. 79. 79. 79. 79. 79. 79. 79. 79. 79. 79. 79. 79. 79. 79. 79. 79. 79. 79. 79. 79. 79. 79. 79. 79. 79. 79. 79. 79. 79. 79. 80. 80. 80. 80. 80. 80. 80. 80. 80. 80. 80. 80. 80. 80. 80. 80. 80. 80. 80. 80. 80. 80. 80. 80. 80. 80. 80. 80. 80. 80. 80. 80. 80. 80. 80. 80. 80. 80. 80. 80. 80. 80. 80. 80. 80. 80. 80. 80. 80. 80. 80. 80. 80. 80. 80. 80. 80. 80. 80. 80. 80. 80. 80. 80. 80. 80. 80. 80. 80. 80. 80. 80. 80. 80. 80. 80. 80. 80.
  276  79. 79. 79. 79. 79. 79. 79. 79. 79. 79. 79. 79. 79. 79. 79. 79. 79. 79. 79. 79. 79. 79. 79. 79. 79. 79. 79. 79. 79. 79. 79. 79. 79. 79. 79. 79. 79. 79. 79. 79. 79. 79. 79. 79. 79. 79. 79. 79. 79. 79. 79. 79. 79. 79. 79. 79. 79. 79. 79. 79. 79. 79. 79. 79. 79. 79. 79. 79. 79. 79. 79. 79. 79. 80. 80. 80. 80. 80. 80. 80. 80. 80. 80. 80. 80. 80. 80. 80. 80. 80. 80. 80. 80. 80. 80. 80. 80. 80. 80. 80. 80. 80. 80. 80. 80. 80. 80. 80. 80. 80. 80. 80. 80. 80. 80. 80. 80. 80. 80. 80. 80. 80. 80. 80. 80. 80. 80. 80. 80. 80. 80. 80. 80. 80. 80. 80. 80. 80. 80. 80. 80. 80. 80. 80. 80. 80. 80. 80. 80. 80.
  275  79. 79. 79. 79. 79. 79. 79. 79. 79. 79. 79. 79. 79. 79. 79. 79. 79. 79. 79. 79. 79. 79. 79. 79. 79. 79. 79. 79. 79. 79. 79. 79. 79. 79. 79. 79. 79. 79. 79. 79. 79. 79. 79. 79. 79. 79. 79. 79. 79. 79. 79. 79. 79. 79. 79. 79. 79. 79. 79. 79. 79. 79. 79. 79. 79. 79. 79. 79. 79. 79. 79. 79. 79. 79. 80. 80. 80. 80. 80. 80. 80. 80. 80. 80. 80. 80. 80. 80. 80. 80. 80. 80. 80. 80. 80. 80. 80. 80. 80. 80. 80. 80. 80. 80. 80. 80. 80. 80. 80. 80. 80. 80. 80. 80. 80. 80. 80. 80. 80. 80. 80. 80. 80. 80. 80. 80. 80. 80. 80. 80. 80. 80. 80. 80. 80. 80. 80. 80. 80. 80. 80. 80. 80. 80. 80. 80. 80. 80. 80. 80.
  274  79. 79. 79. 79. 79. 79. 79. 79. 79. 79. 79. 79. 79. 79. 79. 79. 79. 79. 79. 79. 79. 79. 79. 79. 79. 79. 79. 79. 79. 79. 79. 79. 79. 79. 79. 79. 79. 79. 79. 79. 79. 79. 79. 79. 79. 79. 79. 79. 79. 79. 79. 79. 79. 79. 79. 79. 79. 79. 79. 79. 79. 79. 79. 79. 79. 79. 79. 79. 79. 79. 79. 79. 79. 79. 80. 80. 80. 80. 80. 80. 80. 80. 80. 80. 80. 80. 80. 80. 80. 80. 80. 80. 80. 80. 80. 80. 80. 80. 80. 80. 80. 80. 80. 80. 80. 80. 80. 80. 80. 80. 80. 80. 80. 80. 80. 80. 80. 80. 80. 80. 80. 80. 80. 80. 80. 80. 80. 80. 80. 80. 80. 80. 80. 80. 80. 80. 80. 80. 80. 80. 80. 80. 80. 80. 80. 80. 80. 80. 80. 80.
  273  79. 79. 79. 79. 79. 79. 79. 79. 79. 79. 79. 79. 79. 79. 79. 79. 79. 79. 79. 79. 79. 79. 79. 79. 79. 79. 79. 79. 79. 79. 79. 79. 79. 79. 79. 79. 79. 79. 79. 79. 79. 79. 79. 79. 79. 79. 79. 79. 79. 79. 79. 79. 79. 79. 79. 79. 79. 79. 79. 79. 79. 79. 79. 79. 79. 79. 79. 79. 79. 79. 79. 79. 79. 79. 79. 80. 80. 80. 80. 80. 80. 80. 80. 80. 80. 80. 80. 80. 80. 80. 80. 80. 80. 80. 80. 80. 80. 80. 80. 80. 80. 80. 80. 80. 80. 80. 80. 80. 80. 80. 80. 80. 80. 80. 80. 80. 80. 80. 80. 80. 80. 80. 80. 80. 80. 80. 80. 80. 80. 80. 80. 80. 80. 80. 80. 80. 80. 80. 80. 80. 80. 80. 80. 80. 80. 80. 80. 80. 80. 80.
  272  79. 79. 79. 79. 79. 79. 79. 79. 79. 79. 79. 79. 79. 79. 79. 79. 79. 79. 79. 79. 79. 79. 79. 79. 79. 79. 79. 79. 79. 79. 79. 79. 79. 79. 79. 79. 79. 79. 79. 79. 79. 79. 79. 79. 79. 79. 79. 79. 79. 79. 79. 79. 79. 79. 79. 79. 79. 79. 79. 79. 79. 79. 79. 79. 79. 79. 79. 79. 79. 79. 79. 79. 79. 79. 79. 79. 80. 80. 80. 80. 80. 80. 80. 80. 80. 80. 80. 80. 80. 80. 80. 80. 80. 80. 80. 80. 80. 80. 80. 80. 80. 80. 80. 80. 80. 80. 80. 80. 80. 80. 80. 80. 80. 80. 80. 80. 80. 80. 80. 80. 80. 80. 80. 80. 80. 80. 80. 80. 80. 80. 80. 80. 80. 80. 80. 80. 80. 80. 80. 80. 80. 80. 80. 80. 80. 80. 80. 80. 80. 80.
  271  79. 79. 79. 79. 79. 79. 79. 79. 79. 79. 79. 79. 79. 79. 79. 79. 79. 79. 79. 79. 79. 79. 79. 79. 79. 79. 79. 79. 79. 79. 79. 79. 79. 79. 79. 79. 79. 79. 79. 79. 79. 79. 79. 79. 79. 79. 79. 79. 79. 79. 79. 79. 79. 79. 79. 79. 79. 79. 79. 79. 79. 79. 79. 79. 79. 79. 79. 79. 79. 79. 79. 79. 79. 79. 79. 79. 79. 80. 80. 80. 80. 80. 80. 80. 80. 80. 80. 80. 80. 80. 80. 80. 80. 80. 80. 80. 80. 80. 80. 80. 80. 80. 80. 80. 80. 80. 80. 80. 80. 80. 80. 80. 80. 80. 80. 80. 80. 80. 80. 80. 80. 80. 80. 80. 80. 80. 80. 80. 80. 80. 80. 80. 80. 80. 80. 80. 80. 80. 80. 80. 80. 80. 80. 80. 80. 80. 80. 80. 80. 80.
  270  79. 79. 79. 79. 79. 79. 79. 79. 79. 79. 79. 79. 79. 79. 79. 79. 79. 79. 79. 79. 79. 79. 79. 79. 79. 79. 79. 79. 79. 79. 79. 79. 79. 79. 79. 79. 79. 79. 79. 79. 79. 79. 79. 79. 79. 79. 79. 79. 79. 79. 79. 79. 79. 79. 79. 79. 79. 79. 79. 79. 79. 79. 79. 79. 79. 79. 79. 79. 79. 79. 79. 79. 79. 79. 79. 79. 79. 80. 80. 80. 80. 80. 80. 80. 80. 80. 80. 80. 80. 80. 80. 80. 80. 80. 80. 80. 80. 80. 80. 80. 80. 80. 80. 80. 80. 80. 80. 80. 80. 80. 80. 80. 80. 80. 80. 80. 80. 80. 80. 80. 80. 80. 80. 80. 80. 80. 80. 80. 80. 80. 80. 80. 80. 80. 80. 80. 80. 80. 80. 80. 80. 80. 80. 80. 80. 80. 80. 80. 80. 80.
  269  79. 79. 79. 79. 79. 79. 79. 79. 79. 79. 79. 79. 79. 79. 79. 79. 79. 79. 79. 79. 79. 79. 79. 79. 79. 79. 79. 79. 79. 79. 79. 79. 79. 79. 79. 79. 79. 79. 79. 79. 79. 79. 79. 79. 79. 79. 79. 79. 79. 79. 79. 79. 79. 79. 79. 79. 79. 79. 79. 79. 79. 79. 79. 79. 79. 79. 79. 79. 79. 79. 79. 79. 79. 79. 79. 79. 79. 79. 80. 80. 80. 80. 80. 80. 80. 80. 80. 80. 80. 80. 80. 80. 80. 80. 80. 80. 80. 80. 80. 80. 80. 80. 80. 80. 80. 80. 80. 80. 80. 80. 80. 80. 80. 80. 80. 80. 80. 80. 80. 80. 80. 80. 80. 80. 80. 80. 80. 80. 80. 80. 80. 80. 80. 80. 80. 80. 80. 80. 80. 80. 80. 80. 80. 80. 80. 80. 80. 80. 80. 80.
  268  79. 79. 79. 79. 79. 79. 79. 79. 79. 79. 79. 79. 79. 79. 79. 79. 79. 79. 79. 79. 79. 79. 79. 79. 79. 79. 79. 79. 79. 79. 79. 79. 79. 79. 79. 79. 79. 79. 79. 79. 79. 79. 79. 79. 79. 79. 79. 79. 79. 79. 79. 79. 79. 79. 79. 79. 79. 79. 79. 79. 79. 79. 79. 79. 79. 79. 79. 79. 79. 79. 79. 79. 79. 79. 79. 79. 79. 79. 79. 80. 80. 80. 80. 80. 80. 80. 80. 80. 80. 80. 80. 80. 80. 80. 80. 80. 80. 80. 80. 80. 80. 80. 80. 80. 80. 80. 80. 80. 80. 80. 80. 80. 80. 80. 80. 80. 80. 80. 80. 80. 80. 80. 80. 80. 80. 80. 80. 80. 80. 80. 80. 80. 80. 80. 80. 80. 80. 80. 80. 80. 80. 80. 80. 80. 80. 80. 80. 80. 80. 80.
  267  79. 79. 79. 79. 79. 79. 79. 79. 79. 79. 79. 79. 79. 79. 79. 79. 79. 79. 79. 79. 79. 79. 79. 79. 79. 79. 79. 79. 79. 79. 79. 79. 79. 79. 79. 79. 79. 79. 79. 79. 79. 79. 79. 79. 79. 79. 79. 79. 79. 79. 79. 79. 79. 79. 79. 79. 79. 79. 79. 79. 79. 79. 79. 79. 79. 79. 79. 79. 79. 79. 79. 79. 79. 79. 79. 79. 79. 79. 79. 79. 80. 80. 80. 80. 80. 80. 80. 80. 80. 80. 80. 80. 80. 80. 80. 80. 80. 80. 80. 80. 80. 80. 80. 80. 80. 80. 80. 80. 80. 80. 80. 80. 80. 80. 80. 80. 80. 80. 80. 80. 80. 80. 80. 80. 80. 80. 80. 80. 80. 80. 80. 80. 80. 80. 80. 80. 80. 80. 80. 80. 80. 80. 80. 80. 80. 80. 80. 80. 80. 80.
  266  79. 79. 79. 79. 79. 79. 79. 79. 79. 79. 79. 79. 79. 79. 79. 79. 79. 79. 79. 79. 79. 79. 79. 79. 79. 79. 79. 79. 79. 79. 79. 79. 79. 79. 79. 79. 79. 79. 79. 79. 79. 79. 79. 79. 79. 79. 79. 79. 79. 79. 79. 79. 79. 79. 79. 79. 79. 79. 79. 79. 79. 79. 79. 79. 79. 79. 79. 79. 79. 79. 79. 79. 79. 79. 79. 79. 79. 79. 79. 79. 80. 80. 80. 80. 80. 80. 80. 80. 80. 80. 80. 80. 80. 80. 80. 80. 80. 80. 80. 80. 80. 80. 80. 80. 80. 80. 80. 80. 80. 80. 80. 80. 80. 80. 80. 80. 80. 80. 80. 80. 80. 80. 80. 80. 80. 80. 80. 80. 80. 80. 80. 80. 80. 80. 80. 80. 80. 80. 80. 80. 80. 80. 80. 80. 80. 80. 80. 80. 80. 80.
  265  79. 79. 79. 79. 79. 79. 79. 79. 79. 79. 79. 79. 79. 79. 79. 79. 79. 79. 79. 79. 79. 79. 79. 79. 79. 79. 79. 79. 79. 79. 79. 79. 79. 79. 79. 79. 79. 79. 79. 79. 79. 79. 79. 79. 79. 79. 79. 79. 79. 79. 79. 79. 79. 79. 79. 79. 79. 79. 79. 79. 79. 79. 79. 79. 79. 79. 79. 79. 79. 79. 79. 79. 79. 79. 79. 79. 79. 79. 79. 79. 79. 80. 80. 80. 80. 80. 80. 80. 80. 80. 80. 80. 80. 80. 80. 80. 80. 80. 80. 80. 80. 80. 80. 80. 80. 80. 80. 80. 80. 80. 80. 80. 80. 80. 80. 80. 80. 80. 80. 80. 80. 80. 80. 80. 80. 80. 80. 80. 80. 80. 80. 80. 80. 80. 80. 80. 80. 80. 80. 80. 80. 80. 80. 80. 80. 80. 80. 80. 80. 80.
  264  79. 79. 79. 79. 79. 79. 79. 79. 79. 79. 79. 79. 79. 79. 79. 79. 79. 79. 79. 79. 79. 79. 79. 79. 79. 79. 79. 79. 79. 79. 79. 79. 79. 79. 79. 79. 79. 79. 79. 79. 79. 79. 79. 79. 79. 79. 79. 79. 79. 79. 79. 79. 79. 79. 79. 79. 79. 79. 79. 79. 79. 79. 79. 79. 79. 79. 79. 79. 79. 79. 79. 79. 79. 79. 79. 79. 79. 79. 79. 79. 79. 79. 80. 80. 80. 80. 80. 80. 80. 80. 80. 80. 80. 80. 80. 80. 80. 80. 80. 80. 80. 80. 80. 80. 80. 80. 80. 80. 80. 80. 80. 80. 80. 80. 80. 80. 80. 80. 80. 80. 80. 80. 80. 80. 80. 80. 80. 80. 80. 80. 80. 80. 80. 80. 80. 80. 80. 80. 80. 80. 80. 80. 80. 80. 80. 80. 80. 80. 80. 80.
  263  79. 79. 79. 79. 79. 79. 79. 79. 79. 79. 79. 79. 79. 79. 79. 79. 79. 79. 79. 79. 79. 79. 79. 79. 79. 79. 79. 79. 79. 79. 79. 79. 79. 79. 79. 79. 79. 79. 79. 79. 79. 79. 79. 79. 79. 79. 79. 79. 79. 79. 79. 79. 79. 79. 79. 79. 79. 79. 79. 79. 79. 79. 79. 79. 79. 79. 79. 79. 79. 79. 79. 79. 79. 79. 79. 79. 79. 79. 79. 79. 79. 79. 79. 80. 80. 80. 80. 80. 80. 80. 80. 80. 80. 80. 80. 80. 80. 80. 80. 80. 80. 80. 80. 80. 80. 80. 80. 80. 80. 80. 80. 80. 80. 80. 80. 80. 80. 80. 80. 80. 80. 80. 80. 80. 80. 80. 80. 80. 80. 80. 80. 80. 80. 80. 80. 80. 80. 80. 80. 80. 80. 80. 80. 80. 80. 80. 80. 80. 80. 80.
  262  79. 79. 79. 79. 79. 79. 79. 79. 79. 79. 79. 79. 79. 79. 79. 79. 79. 79. 79. 79. 79. 79. 79. 79. 79. 79. 79. 79. 79. 79. 79. 79. 79. 79. 79. 79. 79. 79. 79. 79. 79. 79. 79. 79. 79. 79. 79. 79. 79. 79. 79. 79. 79. 79. 79. 79. 79. 79. 79. 79. 79. 79. 79. 79. 79. 79. 79. 79. 79. 79. 79. 79. 79. 79. 79. 79. 79. 79. 79. 79. 79. 79. 79. 79. 80. 80. 80. 80. 80. 80. 80. 80. 80. 80. 80. 80. 80. 80. 80. 80. 80. 80. 80. 80. 80. 80. 80. 80. 80. 80. 80. 80. 80. 80. 80. 80. 80. 80. 80. 80. 80. 80. 80. 80. 80. 80. 80. 80. 80. 80. 80. 80. 80. 80. 80. 80. 80. 80. 80. 80. 80. 80. 80. 80. 80. 80. 80. 80. 80. 80.
  261  79. 79. 79. 79. 79. 79. 79. 79. 79. 79. 79. 79. 79. 79. 79. 79. 79. 79. 79. 79. 79. 79. 79. 79. 79. 79. 79. 79. 79. 79. 79. 79. 79. 79. 79. 79. 79. 79. 79. 79. 79. 79. 79. 79. 79. 79. 79. 79. 79. 79. 79. 79. 79. 79. 79. 79. 79. 79. 79. 79. 79. 79. 79. 79. 79. 79. 79. 79. 79. 79. 79. 79. 79. 79. 79. 79. 79. 79. 79. 79. 79. 79. 79. 79. 80. 80. 80. 80. 80. 80. 80. 80. 80. 80. 80. 80. 80. 80. 80. 80. 80. 80. 80. 80. 80. 80. 80. 80. 80. 80. 80. 80. 80. 80. 80. 80. 80. 80. 80. 80. 80. 80. 80. 80. 80. 80. 80. 80. 80. 80. 80. 80. 80. 80. 80. 80. 80. 80. 80. 80. 80. 80. 80. 80. 80. 80. 80. 80. 80. 80.
  260  79. 79. 79. 79. 79. 79. 79. 79. 79. 79. 79. 79. 79. 79. 79. 79. 79. 79. 79. 79. 79. 79. 79. 79. 79. 79. 79. 79. 79. 79. 79. 79. 79. 79. 79. 79. 79. 79. 79. 79. 79. 79. 79. 79. 79. 79. 79. 79. 79. 79. 79. 79. 79. 79. 79. 79. 79. 79. 79. 79. 79. 79. 79. 79. 79. 79. 79. 79. 79. 79. 79. 79. 79. 79. 79. 79. 79. 79. 79. 79. 79. 79. 79. 79. 79. 80. 80. 80. 80. 80. 80. 80. 80. 80. 80. 80. 80. 80. 80. 80. 80. 80. 80. 80. 80. 80. 80. 80. 80. 80. 80. 80. 80. 80. 80. 80. 80. 80. 80. 80. 80. 80. 80. 80. 80. 80. 80. 80. 80. 80. 80. 80. 80. 80. 80. 80. 80. 80. 80. 80. 80. 80. 80. 80. 80. 80. 80. 80. 80. 80.
  259  79. 79. 79. 79. 79. 79. 79. 79. 79. 79. 79. 79. 79. 79. 79. 79. 79. 79. 79. 79. 79. 79. 79. 79. 79. 79. 79. 79. 79. 79. 79. 79. 79. 79. 79. 79. 79. 79. 79. 79. 79. 79. 79. 79. 79. 79. 79. 79. 79. 79. 79. 79. 79. 79. 79. 79. 79. 79. 79. 79. 79. 79. 79. 79. 79. 79. 79. 79. 79. 79. 79. 79. 79. 79. 79. 79. 79. 79. 79. 79. 79. 79. 79. 79. 79. 79. 80. 80. 80. 80. 80. 80. 80. 80. 80. 80. 80. 80. 80. 80. 80. 80. 80. 80. 80. 80. 80. 80. 80. 80. 80. 80. 80. 80. 80. 80. 80. 80. 80. 80. 80. 80. 80. 80. 80. 80. 80. 80. 80. 80. 80. 80. 80. 80. 80. 80. 80. 80. 80. 80. 80. 80. 80. 80. 80. 80. 80. 80. 80. 80.
  258  79. 79. 79. 79. 79. 79. 79. 79. 79. 79. 79. 79. 79. 79. 79. 79. 79. 79. 79. 79. 79. 79. 79. 79. 79. 79. 79. 79. 79. 79. 79. 79. 79. 79. 79. 79. 79. 79. 79. 79. 79. 79. 79. 79. 79. 79. 79. 79. 79. 79. 79. 79. 79. 79. 79. 79. 79. 79. 79. 79. 79. 79. 79. 79. 79. 79. 79. 79. 79. 79. 79. 79. 79. 79. 79. 79. 79. 79. 79. 79. 79. 79. 79. 79. 79. 79. 79. 80. 80. 80. 80. 80. 80. 80. 80. 80. 80. 80. 80. 80. 80. 80. 80. 80. 80. 80. 80. 80. 80. 80. 80. 80. 80. 80. 80. 80. 80. 80. 80. 80. 80. 80. 80. 80. 80. 80. 80. 80. 80. 80. 80. 80. 80. 80. 80. 80. 80. 80. 80. 80. 80. 80. 80. 80. 80. 80. 80. 80. 80. 80.
  257  79. 79. 79. 79. 79. 79. 79. 79. 79. 79. 79. 79. 79. 79. 79. 79. 79. 79. 79. 79. 79. 79. 79. 79. 79. 79. 79. 79. 79. 79. 79. 79. 79. 79. 79. 79. 79. 79. 79. 79. 79. 79. 79. 79. 79. 79. 79. 79. 79. 79. 79. 79. 79. 79. 79. 79. 79. 79. 79. 79. 79. 79. 79. 79. 79. 79. 79. 79. 79. 79. 79. 79. 79. 79. 79. 79. 79. 79. 79. 79. 79. 79. 79. 79. 79. 79. 79. 79. 80. 80. 80. 80. 80. 80. 80. 80. 80. 80. 80. 80. 80. 80. 80. 80. 80. 80. 80. 80. 80. 80. 80. 80. 80. 80. 80. 80. 80. 80. 80. 80. 80. 80. 80. 80. 80. 80. 80. 80. 80. 80. 80. 80. 80. 80. 80. 80. 80. 80. 80. 80. 80. 80. 80. 80. 80. 80. 80. 80. 80. 80.
  256  79. 79. 79. 79. 79. 79. 79. 79. 79. 79. 79. 79. 79. 79. 79. 79. 79. 79. 79. 79. 79. 79. 79. 79. 79. 79. 79. 79. 79. 79. 79. 79. 79. 79. 79. 79. 79. 79. 79. 79. 79. 79. 79. 79. 79. 79. 79. 79. 79. 79. 79. 79. 79. 79. 79. 79. 79. 79. 79. 79. 79. 79. 79. 79. 79. 79. 79. 79. 79. 79. 79. 79. 79. 79. 79. 79. 79. 79. 79. 79. 79. 79. 79. 79. 79. 79. 79. 79. 79. 80. 80. 80. 80. 80. 80. 80. 80. 80. 80. 80. 80. 80. 80. 80. 80. 80. 80. 80. 80. 80. 80. 80. 80. 80. 80. 80. 80. 80. 80. 80. 80. 80. 80. 80. 80. 80. 80. 80. 80. 80. 80. 80. 80. 80. 80. 80. 80. 80. 80. 80. 80. 80. 80. 80. 80. 80. 80. 80. 80. 80.
  255  79. 79. 79. 79. 79. 79. 79. 79. 79. 79. 79. 79. 79. 79. 79. 79. 79. 79. 79. 79. 79. 79. 79. 79. 79. 79. 79. 79. 79. 79. 79. 79. 79. 79. 79. 79. 79. 79. 79. 79. 79. 79. 79. 79. 79. 79. 79. 79. 79. 79. 79. 79. 79. 79. 79. 79. 79. 79. 79. 79. 79. 79. 79. 79. 79. 79. 79. 79. 79. 79. 79. 79. 79. 79. 79. 79. 79. 79. 79. 79. 79. 79. 79. 79. 79. 79. 79. 79. 79. 80. 80. 80. 80. 80. 80. 80. 80. 80. 80. 80. 80. 80. 80. 80. 80. 80. 80. 80. 80. 80. 80. 80. 80. 80. 80. 80. 80. 80. 80. 80. 80. 80. 80. 80. 80. 80. 80. 80. 80. 80. 80. 80. 80. 80. 80. 80. 80. 80. 80. 80. 80. 80. 80. 80. 80. 80. 80. 80. 80. 80.
  254  79. 79. 79. 79. 79. 79. 79. 79. 79. 79. 79. 79. 79. 79. 79. 79. 79. 79. 79. 79. 79. 79. 79. 79. 79. 79. 79. 79. 79. 79. 79. 79. 79. 79. 79. 79. 79. 79. 79. 79. 79. 79. 79. 79. 79. 79. 79. 79. 79. 79. 79. 79. 79. 79. 79. 79. 79. 79. 79. 79. 79. 79. 79. 79. 79. 79. 79. 79. 79. 79. 79. 79. 79. 79. 79. 79. 79. 79. 79. 79. 79. 79. 79. 79. 79. 79. 79. 79. 79. 79. 80. 80. 80. 80. 80. 80. 80. 80. 80. 80. 80. 80. 80. 80. 80. 80. 80. 80. 80. 80. 80. 80. 80. 80. 80. 80. 80. 80. 80. 80. 80. 80. 80. 80. 80. 80. 80. 80. 80. 80. 80. 80. 80. 80. 80. 80. 80. 80. 80. 80. 80. 80. 80. 80. 80. 80. 80. 80. 80. 80.
  253  79. 79. 79. 79. 79. 79. 79. 79. 79. 79. 79. 79. 79. 79. 79. 79. 79. 79. 79. 79. 79. 79. 79. 79. 79. 79. 79. 79. 79. 79. 79. 79. 79. 79. 79. 79. 79. 79. 79. 79. 79. 79. 79. 79. 79. 79. 79. 79. 79. 79. 79. 79. 79. 79. 79. 79. 79. 79. 79. 79. 79. 79. 79. 79. 79. 79. 79. 79. 79. 79. 79. 79. 79. 79. 79. 79. 79. 79. 79. 79. 79. 79. 79. 79. 79. 79. 79. 79. 79. 79. 79. 80. 80. 80. 80. 80. 80. 80. 80. 80. 80. 80. 80. 80. 80. 80. 80. 80. 80. 80. 80. 80. 80. 80. 80. 80. 80. 80. 80. 80. 80. 80. 80. 80. 80. 80. 80. 80. 80. 80. 80. 80. 80. 80. 80. 80. 80. 80. 80. 80. 80. 80. 80. 80. 80. 80. 80. 80. 80. 80.
  252  79. 79. 79. 79. 79. 79. 79. 79. 79. 79. 79. 79. 79. 79. 79. 79. 79. 79. 79. 79. 79. 79. 79. 79. 79. 79. 79. 79. 79. 79. 79. 79. 79. 79. 79. 79. 79. 79. 79. 79. 79. 79. 79. 79. 79. 79. 79. 79. 79. 79. 79. 79. 79. 79. 79. 79. 79. 79. 79. 79. 79. 79. 79. 79. 79. 79. 79. 79. 79. 79. 79. 79. 79. 79. 79. 79. 79. 79. 79. 79. 79. 79. 79. 79. 79. 79. 79. 79. 79. 79. 79. 79. 80. 80. 80. 80. 80. 80. 80. 80. 80. 80. 80. 80. 80. 80. 80. 80. 80. 80. 80. 80. 80. 80. 80. 80. 80. 80. 80. 80. 80. 80. 80. 80. 80. 80. 80. 80. 80. 80. 80. 80. 80. 80. 80. 80. 80. 80. 80. 80. 80. 80. 80. 80. 80. 80. 80. 80. 80. 80.
  251  79. 79. 79. 79. 79. 79. 79. 79. 79. 79. 79. 79. 79. 79. 79. 79. 79. 79. 79. 79. 79. 79. 79. 79. 79. 79. 79. 79. 79. 79. 79. 79. 79. 79. 79. 79. 79. 79. 79. 79. 79. 79. 79. 79. 79. 79. 79. 79. 79. 79. 79. 79. 79. 79. 79. 79. 79. 79. 79. 79. 79. 79. 79. 79. 79. 79. 79. 79. 79. 79. 79. 79. 79. 79. 79. 79. 79. 79. 79. 79. 79. 79. 79. 79. 79. 79. 79. 79. 79. 79. 79. 79. 79. 80. 80. 80. 80. 80. 80. 80. 80. 80. 80. 80. 80. 80. 80. 80. 80. 80. 80. 80. 80. 80. 80. 80. 80. 80. 80. 80. 80. 80. 80. 80. 80. 80. 80. 80. 80. 80. 80. 80. 80. 80. 80. 80. 80. 80. 80. 80. 80. 80. 80. 80. 80. 80. 80. 80. 80. 80.
  250  79. 79. 79. 79. 79. 79. 79. 79. 79. 79. 79. 79. 79. 79. 79. 79. 79. 79. 79. 79. 79. 79. 79. 79. 79. 79. 79. 79. 79. 79. 79. 79. 79. 79. 79. 79. 79. 79. 79. 79. 79. 79. 79. 79. 79. 79. 79. 79. 79. 79. 79. 79. 79. 79. 79. 79. 79. 79. 79. 79. 79. 79. 79. 79. 79. 79. 79. 79. 79. 79. 79. 79. 79. 79. 79. 79. 79. 79. 79. 79. 79. 79. 79. 79. 79. 79. 79. 79. 79. 79. 79. 79. 79. 80. 80. 80. 80. 80. 80. 80. 80. 80. 80. 80. 80. 80. 80. 80. 80. 80. 80. 80. 80. 80. 80. 80. 80. 80. 80. 80. 80. 80. 80. 80. 80. 80. 80. 80. 80. 80. 80. 80. 80. 80. 80. 80. 80. 80. 80. 80. 80. 80. 80. 80. 80. 80. 80. 80. 80. 80.
  249  79. 79. 79. 79. 79. 79. 79. 79. 79. 79. 79. 79. 79. 79. 79. 79. 79. 79. 79. 79. 79. 79. 79. 79. 79. 79. 79. 79. 79. 79. 79. 79. 79. 79. 79. 79. 79. 79. 79. 79. 79. 79. 79. 79. 79. 79. 79. 79. 79. 79. 79. 79. 79. 79. 79. 79. 79. 79. 79. 79. 79. 79. 79. 79. 79. 79. 79. 79. 79. 79. 79. 79. 79. 79. 79. 79. 79. 79. 79. 79. 79. 79. 79. 79. 79. 79. 79. 79. 79. 79. 79. 79. 79. 79. 80. 80. 80. 80. 80. 80. 80. 80. 80. 80. 80. 80. 80. 80. 80. 80. 80. 80. 80. 80. 80. 80. 80. 80. 80. 80. 80. 80. 80. 80. 80. 80. 80. 80. 80. 80. 80. 80. 80. 80. 80. 80. 80. 80. 80. 80. 80. 80. 80. 80. 80. 80. 80. 80. 80. 80.
  248  79. 79. 79. 79. 79. 79. 79. 79. 79. 79. 79. 79. 79. 79. 79. 79. 79. 79. 79. 79. 79. 79. 79. 79. 79. 79. 79. 79. 79. 79. 79. 79. 79. 79. 79. 79. 79. 79. 79. 79. 79. 79. 79. 79. 79. 79. 79. 79. 79. 79. 79. 79. 79. 79. 79. 79. 79. 79. 79. 79. 79. 79. 79. 79. 79. 79. 79. 79. 79. 79. 79. 79. 79. 79. 79. 79. 79. 79. 79. 79. 79. 79. 79. 79. 79. 79. 79. 79. 79. 79. 79. 79. 79. 79. 79. 80. 80. 80. 80. 80. 80. 80. 80. 80. 80. 80. 80. 80. 80. 80. 80. 80. 80. 80. 80. 80. 80. 80. 80. 80. 80. 80. 80. 80. 80. 80. 80. 80. 80. 80. 80. 80. 80. 80. 80. 80. 80. 80. 80. 80. 80. 80. 80. 80. 80. 80. 80. 80. 80. 80.
  247  79. 79. 79. 79. 79. 79. 79. 79. 79. 79. 79. 79. 79. 79. 79. 79. 79. 79. 79. 79. 79. 79. 79. 79. 79. 79. 79. 79. 79. 79. 79. 79. 79. 79. 79. 79. 79. 79. 79. 79. 79. 79. 79. 79. 79. 79. 79. 79. 79. 79. 79. 79. 79. 79. 79. 79. 79. 79. 79. 79. 79. 79. 79. 79. 79. 79. 79. 79. 79. 79. 79. 79. 79. 79. 79. 79. 79. 79. 79. 79. 79. 79. 79. 79. 79. 79. 79. 79. 79. 79. 79. 79. 79. 79. 79. 79. 80. 80. 80. 80. 80. 80. 80. 80. 80. 80. 80. 80. 80. 80. 80. 80. 80. 80. 80. 80. 80. 80. 80. 80. 80. 80. 80. 80. 80. 80. 80. 80. 80. 80. 80. 80. 80. 80. 80. 80. 80. 80. 80. 80. 80. 80. 80. 80. 80. 80. 80. 80. 80. 80.
  246  79. 79. 79. 79. 79. 79. 79. 79. 79. 79. 79. 79. 79. 79. 79. 79. 79. 79. 79. 79. 79. 79. 79. 79. 79. 79. 79. 79. 79. 79. 79. 79. 79. 79. 79. 79. 79. 79. 79. 79. 79. 79. 79. 79. 79. 79. 79. 79. 79. 79. 79. 79. 79. 79. 79. 79. 79. 79. 79. 79. 79. 79. 79. 79. 79. 79. 79. 79. 79. 79. 79. 79. 79. 79. 79. 79. 79. 79. 79. 79. 79. 79. 79. 79. 79. 79. 79. 79. 79. 79. 79. 79. 79. 79. 79. 79. 79. 80. 80. 80. 80. 80. 80. 80. 80. 80. 80. 80. 80. 80. 80. 80. 80. 80. 80. 80. 80. 80. 80. 80. 80. 80. 80. 80. 80. 80. 80. 80. 80. 80. 80. 80. 80. 80. 80. 80. 80. 80. 80. 80. 80. 80. 80. 80. 80. 80. 80. 80. 80. 80.
  245  79. 79. 79. 79. 79. 79. 79. 79. 79. 79. 79. 79. 79. 79. 79. 79. 79. 79. 79. 79. 79. 79. 79. 79. 79. 79. 79. 79. 79. 79. 79. 79. 79. 79. 79. 79. 79. 79. 79. 79. 79. 79. 79. 79. 79. 79. 79. 79. 79. 79. 79. 79. 79. 79. 79. 79. 79. 79. 79. 79. 79. 79. 79. 79. 79. 79. 79. 79. 79. 79. 79. 79. 79. 79. 79. 79. 79. 79. 79. 79. 79. 79. 79. 79. 79. 79. 79. 79. 79. 79. 79. 79. 79. 79. 79. 79. 79. 80. 80. 80. 80. 80. 80. 80. 80. 80. 80. 80. 80. 80. 80. 80. 80. 80. 80. 80. 80. 80. 80. 80. 80. 80. 80. 80. 80. 80. 80. 80. 80. 80. 80. 80. 80. 80. 80. 80. 80. 80. 80. 80. 80. 80. 80. 80. 80. 80. 80. 80. 80. 80.
  244  79. 79. 79. 79. 79. 79. 79. 79. 79. 79. 79. 79. 79. 79. 79. 79. 79. 79. 79. 79. 79. 79. 79. 79. 79. 79. 79. 79. 79. 79. 79. 79. 79. 79. 79. 79. 79. 79. 79. 79. 79. 79. 79. 79. 79. 79. 79. 79. 79. 79. 79. 79. 79. 79. 79. 79. 79. 79. 79. 79. 79. 79. 79. 79. 79. 79. 79. 79. 79. 79. 79. 79. 79. 79. 79. 79. 79. 79. 79. 79. 79. 79. 79. 79. 79. 79. 79. 79. 79. 79. 79. 79. 79. 79. 79. 79. 79. 79. 80. 80. 80. 80. 80. 80. 80. 80. 80. 80. 80. 80. 80. 80. 80. 80. 80. 80. 80. 80. 80. 80. 80. 80. 80. 80. 80. 80. 80. 80. 80. 80. 80. 80. 80. 80. 80. 80. 80. 80. 80. 80. 80. 80. 80. 80. 80. 80. 80. 80. 80. 80.
  243  79. 79. 79. 79. 79. 79. 79. 79. 79. 79. 79. 79. 79. 79. 79. 79. 79. 79. 79. 79. 79. 79. 79. 79. 79. 79. 79. 79. 79. 79. 79. 79. 79. 79. 79. 79. 79. 79. 79. 79. 79. 79. 79. 79. 79. 79. 79. 79. 79. 79. 79. 79. 79. 79. 79. 79. 79. 79. 79. 79. 79. 79. 79. 79. 79. 79. 79. 79. 79. 79. 79. 79. 79. 79. 79. 79. 79. 79. 79. 79. 79. 79. 79. 79. 79. 79. 79. 79. 79. 79. 79. 79. 79. 79. 79. 79. 79. 79. 79. 80. 80. 80. 80. 80. 80. 80. 80. 80. 80. 80. 80. 80. 80. 80. 80. 80. 80. 80. 80. 80. 80. 80. 80. 80. 80. 80. 80. 80. 80. 80. 80. 80. 80. 80. 80. 80. 80. 80. 80. 80. 80. 80. 80. 80. 80. 80. 80. 80. 80. 80.
  242  79. 79. 79. 79. 79. 79. 79. 79. 79. 79. 79. 79. 79. 79. 79. 79. 79. 79. 79. 79. 79. 79. 79. 79. 79. 79. 79. 79. 79. 79. 79. 79. 79. 79. 79. 79. 79. 79. 79. 79. 79. 79. 79. 79. 79. 79. 79. 79. 79. 79. 79. 79. 79. 79. 79. 79. 79. 79. 79. 79. 79. 79. 79. 79. 79. 79. 79. 79. 79. 79. 79. 79. 79. 79. 79. 79. 79. 79. 79. 79. 79. 79. 79. 79. 79. 79. 79. 79. 79. 79. 79. 79. 79. 79. 79. 79. 79. 79. 79. 79. 80. 80. 80. 80. 80. 80. 80. 80. 80. 80. 80. 80. 80. 80. 80. 80. 80. 80. 80. 80. 80. 80. 80. 80. 80. 80. 80. 80. 80. 80. 80. 80. 80. 80. 80. 80. 80. 80. 80. 80. 80. 80. 80. 80. 80. 80. 80. 80. 80. 80.
  241  79. 79. 79. 79. 79. 79. 79. 79. 79. 79. 79. 79. 79. 79. 79. 79. 79. 79. 79. 79. 79. 79. 79. 79. 79. 79. 79. 79. 79. 79. 79. 79. 79. 79. 79. 79. 79. 79. 79. 79. 79. 79. 79. 79. 79. 79. 79. 79. 79. 79. 79. 79. 79. 79. 79. 79. 79. 79. 79. 79. 79. 79. 79. 79. 79. 79. 79. 79. 79. 79. 79. 79. 79. 79. 79. 79. 79. 79. 79. 79. 79. 79. 79. 79. 79. 79. 79. 79. 79. 79. 79. 79. 79. 79. 79. 79. 79. 79. 79. 79. 80. 80. 80. 80. 80. 80. 80. 80. 80. 80. 80. 80. 80. 80. 80. 80. 80. 80. 80. 80. 80. 80. 80. 80. 80. 80. 80. 80. 80. 80. 80. 80. 80. 80. 80. 80. 80. 80. 80. 80. 80. 80. 80. 80. 80. 80. 80. 80. 80. 80.
  240  79. 79. 79. 79. 79. 79. 79. 79. 79. 79. 79. 79. 79. 79. 79. 79. 79. 79. 79. 79. 79. 79. 79. 79. 79. 79. 79. 79. 79. 79. 79. 79. 79. 79. 79. 79. 79. 79. 79. 79. 79. 79. 79. 79. 79. 79. 79. 79. 79. 79. 79. 79. 79. 79. 79. 79. 79. 79. 79. 79. 79. 79. 79. 79. 79. 79. 79. 79. 79. 79. 79. 79. 79. 79. 79. 79. 79. 79. 79. 79. 79. 79. 79. 79. 79. 79. 79. 79. 79. 79. 79. 79. 79. 79. 79. 79. 79. 79. 79. 79. 79. 80. 80. 80. 80. 80. 80. 80. 80. 80. 80. 80. 80. 80. 80. 80. 80. 80. 80. 80. 80. 80. 80. 80. 80. 80. 80. 80. 80. 80. 80. 80. 80. 80. 80. 80. 80. 80. 80. 80. 80. 80. 80. 80. 80. 80. 80. 80. 80. 80.
  239  79. 79. 79. 79. 79. 79. 79. 79. 79. 79. 79. 79. 79. 79. 79. 79. 79. 79. 79. 79. 79. 79. 79. 79. 79. 79. 79. 79. 79. 79. 79. 79. 79. 79. 79. 79. 79. 79. 79. 79. 79. 79. 79. 79. 79. 79. 79. 79. 79. 79. 79. 79. 79. 79. 79. 79. 79. 79. 79. 79. 79. 79. 79. 79. 79. 79. 79. 79. 79. 79. 79. 79. 79. 79. 79. 79. 79. 79. 79. 79. 79. 79. 79. 79. 79. 79. 79. 79. 79. 79. 79. 79. 79. 79. 79. 79. 79. 79. 79. 79. 79. 79. 80. 80. 80. 80. 80. 80. 80. 80. 80. 80. 80. 80. 80. 80. 80. 80. 80. 80. 80. 80. 80. 80. 80. 80. 80. 80. 80. 80. 80. 80. 80. 80. 80. 80. 80. 80. 80. 80. 80. 80. 80. 80. 80. 80. 80. 80. 80. 80.
  238  79. 79. 79. 79. 79. 79. 79. 79. 79. 79. 79. 79. 79. 79. 79. 79. 79. 79. 79. 79. 79. 79. 79. 79. 79. 79. 79. 79. 79. 79. 79. 79. 79. 79. 79. 79. 79. 79. 79. 79. 79. 79. 79. 79. 79. 79. 79. 79. 79. 79. 79. 79. 79. 79. 79. 79. 79. 79. 79. 79. 79. 79. 79. 79. 79. 79. 79. 79. 79. 79. 79. 79. 79. 79. 79. 79. 79. 79. 79. 79. 79. 79. 79. 79. 79. 79. 79. 79. 79. 79. 79. 79. 79. 79. 79. 79. 79. 79. 79. 79. 79. 79. 80. 80. 80. 80. 80. 80. 80. 80. 80. 80. 80. 80. 80. 80. 80. 80. 80. 80. 80. 80. 80. 80. 80. 80. 80. 80. 80. 80. 80. 80. 80. 80. 80. 80. 80. 80. 80. 80. 80. 80. 80. 80. 80. 80. 80. 80. 80. 80.
  237  79. 79. 79. 79. 79. 79. 79. 79. 79. 79. 79. 79. 79. 79. 79. 79. 79. 79. 79. 79. 79. 79. 79. 79. 79. 79. 79. 79. 79. 79. 79. 79. 79. 79. 79. 79. 79. 79. 79. 79. 79. 79. 79. 79. 79. 79. 79. 79. 79. 79. 79. 79. 79. 79. 79. 79. 79. 79. 79. 79. 79. 79. 79. 79. 79. 79. 79. 79. 79. 79. 79. 79. 79. 79. 79. 79. 79. 79. 79. 79. 79. 79. 79. 79. 79. 79. 79. 79. 79. 79. 79. 79. 79. 79. 79. 79. 79. 79. 79. 79. 79. 79. 79. 80. 80. 80. 80. 80. 80. 80. 80. 80. 80. 80. 80. 80. 80. 80. 80. 80. 80. 80. 80. 80. 80. 80. 80. 80. 80. 80. 80. 80. 80. 80. 80. 80. 80. 80. 80. 80. 80. 80. 80. 80. 80. 80. 80. 80. 80. 80.
  236  79. 79. 79. 79. 79. 79. 79. 79. 79. 79. 79. 79. 79. 79. 79. 79. 79. 79. 79. 79. 79. 79. 79. 79. 79. 79. 79. 79. 79. 79. 79. 79. 79. 79. 79. 79. 79. 79. 79. 79. 79. 79. 79. 79. 79. 79. 79. 79. 79. 79. 79. 79. 79. 79. 79. 79. 79. 79. 79. 79. 79. 79. 79. 79. 79. 79. 79. 79. 79. 79. 79. 79. 79. 79. 79. 79. 79. 79. 79. 79. 79. 79. 79. 79. 79. 79. 79. 79. 79. 79. 79. 79. 79. 79. 79. 79. 79. 79. 79. 79. 79. 79. 79. 80. 80. 80. 80. 80. 80. 80. 80. 80. 80. 80. 80. 80. 80. 80. 80. 80. 80. 80. 80. 80. 80. 80. 80. 80. 80. 80. 80. 80. 80. 80. 80. 80. 80. 80. 80. 80. 80. 80. 80. 80. 80. 80. 80. 80. 80. 80.
  235  79. 79. 79. 79. 79. 79. 79. 79. 79. 79. 79. 79. 79. 79. 79. 79. 79. 79. 79. 79. 79. 79. 79. 79. 79. 79. 79. 79. 79. 79. 79. 79. 79. 79. 79. 79. 79. 79. 79. 79. 79. 79. 79. 79. 79. 79. 79. 79. 79. 79. 79. 79. 79. 79. 79. 79. 79. 79. 79. 79. 79. 79. 79. 79. 79. 79. 79. 79. 79. 79. 79. 79. 79. 79. 79. 79. 79. 79. 79. 79. 79. 79. 79. 79. 79. 79. 79. 79. 79. 79. 79. 79. 79. 79. 79. 79. 79. 79. 79. 79. 79. 79. 79. 79. 80. 80. 80. 80. 80. 80. 80. 80. 80. 80. 80. 80. 80. 80. 80. 80. 80. 80. 80. 80. 80. 80. 80. 80. 80. 80. 80. 80. 80. 80. 80. 80. 80. 80. 80. 80. 80. 80. 80. 80. 80. 80. 80. 80. 80. 80.
  234  79. 79. 79. 79. 79. 79. 79. 79. 79. 79. 79. 79. 79. 79. 79. 79. 79. 79. 79. 79. 79. 79. 79. 79. 79. 79. 79. 79. 79. 79. 79. 79. 79. 79. 79. 79. 79. 79. 79. 79. 79. 79. 79. 79. 79. 79. 79. 79. 79. 79. 79. 79. 79. 79. 79. 79. 79. 79. 79. 79. 79. 79. 79. 79. 79. 79. 79. 79. 79. 79. 79. 79. 79. 79. 79. 79. 79. 79. 79. 79. 79. 79. 79. 79. 79. 79. 79. 79. 79. 79. 79. 79. 79. 79. 79. 79. 79. 79. 79. 79. 79. 79. 79. 79. 79. 80. 80. 80. 80. 80. 80. 80. 80. 80. 80. 80. 80. 80. 80. 80. 80. 80. 80. 80. 80. 80. 80. 80. 80. 80. 80. 80. 80. 80. 80. 80. 80. 80. 80. 80. 80. 80. 80. 80. 80. 80. 80. 80. 80. 80.
  233  79. 79. 79. 79. 79. 79. 79. 79. 79. 79. 79. 79. 79. 79. 79. 79. 79. 79. 79. 79. 79. 79. 79. 79. 79. 79. 79. 79. 79. 79. 79. 79. 79. 79. 79. 79. 79. 79. 79. 79. 79. 79. 79. 79. 79. 79. 79. 79. 79. 79. 79. 79. 79. 79. 79. 79. 79. 79. 79. 79. 79. 79. 79. 79. 79. 79. 79. 79. 79. 79. 79. 79. 79. 79. 79. 79. 79. 79. 79. 79. 79. 79. 79. 79. 79. 79. 79. 79. 79. 79. 79. 79. 79. 79. 79. 79. 79. 79. 79. 79. 79. 79. 79. 79. 79. 80. 80. 80. 80. 80. 80. 80. 80. 80. 80. 80. 80. 80. 80. 80. 80. 80. 80. 80. 80. 80. 80. 80. 80. 80. 80. 80. 80. 80. 80. 80. 80. 80. 80. 80. 80. 80. 80. 80. 80. 80. 80. 80. 80. 80.
  232  79. 79. 79. 79. 79. 79. 79. 79. 79. 79. 79. 79. 79. 79. 79. 79. 79. 79. 79. 79. 79. 79. 79. 79. 79. 79. 79. 79. 79. 79. 79. 79. 79. 79. 79. 79. 79. 79. 79. 79. 79. 79. 79. 79. 79. 79. 79. 79. 79. 79. 79. 79. 79. 79. 79. 79. 79. 79. 79. 79. 79. 79. 79. 79. 79. 79. 79. 79. 79. 79. 79. 79. 79. 79. 79. 79. 79. 79. 79. 79. 79. 79. 79. 79. 79. 79. 79. 79. 79. 79. 79. 79. 79. 79. 79. 79. 79. 79. 79. 79. 79. 79. 79. 79. 79. 79. 80. 80. 80. 80. 80. 80. 80. 80. 80. 80. 80. 80. 80. 80. 80. 80. 80. 80. 80. 80. 80. 80. 80. 80. 80. 80. 80. 80. 80. 80. 80. 80. 80. 80. 80. 80. 80. 80. 80. 80. 80. 80. 80. 80.
  231  79. 79. 79. 79. 79. 79. 79. 79. 79. 79. 79. 79. 79. 79. 79. 79. 79. 79. 79. 79. 79. 79. 79. 79. 79. 79. 79. 79. 79. 79. 79. 79. 79. 79. 79. 79. 79. 79. 79. 79. 79. 79. 79. 79. 79. 79. 79. 79. 79. 79. 79. 79. 79. 79. 79. 79. 79. 79. 79. 79. 79. 79. 79. 79. 79. 79. 79. 79. 79. 79. 79. 79. 79. 79. 79. 79. 79. 79. 79. 79. 79. 79. 79. 79. 79. 79. 79. 79. 79. 79. 79. 79. 79. 79. 79. 79. 79. 79. 79. 79. 79. 79. 79. 79. 79. 79. 79. 80. 80. 80. 80. 80. 80. 80. 80. 80. 80. 80. 80. 80. 80. 80. 80. 80. 80. 80. 80. 80. 80. 80. 80. 80. 80. 80. 80. 80. 80. 80. 80. 80. 80. 80. 80. 80. 80. 80. 80. 80. 80. 80.
  230  79. 79. 79. 79. 79. 79. 79. 79. 79. 79. 79. 79. 79. 79. 79. 79. 79. 79. 79. 79. 79. 79. 79. 79. 79. 79. 79. 79. 79. 79. 79. 79. 79. 79. 79. 79. 79. 79. 79. 79. 79. 79. 79. 79. 79. 79. 79. 79. 79. 79. 79. 79. 79. 79. 79. 79. 79. 79. 79. 79. 79. 79. 79. 79. 79. 79. 79. 79. 79. 79. 79. 79. 79. 79. 79. 79. 79. 79. 79. 79. 79. 79. 79. 79. 79. 79. 79. 79. 79. 79. 79. 79. 79. 79. 79. 79. 79. 79. 79. 79. 79. 79. 79. 79. 79. 79. 79. 80. 80. 80. 80. 80. 80. 80. 80. 80. 80. 80. 80. 80. 80. 80. 80. 80. 80. 80. 80. 80. 80. 80. 80. 80. 80. 80. 80. 80. 80. 80. 80. 80. 80. 80. 80. 80. 80. 80. 80. 80. 80. 80.
  229  79. 79. 79. 79. 79. 79. 79. 79. 79. 79. 79. 79. 79. 79. 79. 79. 79. 79. 79. 79. 79. 79. 79. 79. 79. 79. 79. 79. 79. 79. 79. 79. 79. 79. 79. 79. 79. 79. 79. 79. 79. 79. 79. 79. 79. 79. 79. 79. 79. 79. 79. 79. 79. 79. 79. 79. 79. 79. 79. 79. 79. 79. 79. 79. 79. 79. 79. 79. 79. 79. 79. 79. 79. 79. 79. 79. 79. 79. 79. 79. 79. 79. 79. 79. 79. 79. 79. 79. 79. 79. 79. 79. 79. 79. 79. 79. 79. 79. 79. 79. 79. 79. 79. 79. 79. 79. 79. 79. 80. 80. 80. 80. 80. 80. 80. 80. 80. 80. 80. 80. 80. 80. 80. 80. 80. 80. 80. 80. 80. 80. 80. 80. 80. 80. 80. 80. 80. 80. 80. 80. 80. 80. 80. 80. 80. 80. 80. 80. 80. 80.
  228  79. 79. 79. 79. 79. 79. 79. 79. 79. 79. 79. 79. 79. 79. 79. 79. 79. 79. 79. 79. 79. 79. 79. 79. 79. 79. 79. 79. 79. 79. 79. 79. 79. 79. 79. 79. 79. 79. 79. 79. 79. 79. 79. 79. 79. 79. 79. 79. 79. 79. 79. 79. 79. 79. 79. 79. 79. 79. 79. 79. 79. 79. 79. 79. 79. 79. 79. 79. 79. 79. 79. 79. 79. 79. 79. 79. 79. 79. 79. 79. 79. 79. 79. 79. 79. 79. 79. 79. 79. 79. 79. 79. 79. 79. 79. 79. 79. 79. 79. 79. 79. 79. 79. 79. 79. 79. 79. 79. 80. 80. 80. 80. 80. 80. 80. 80. 80. 80. 80. 80. 80. 80. 80. 80. 80. 80. 80. 80. 80. 80. 80. 80. 80. 80. 80. 80. 80. 80. 80. 80. 80. 80. 80. 80. 80. 80. 80. 80. 80. 80.
  227  79. 79. 79. 79. 79. 79. 79. 79. 79. 79. 79. 79. 79. 79. 79. 79. 79. 79. 79. 79. 79. 79. 79. 79. 79. 79. 79. 79. 79. 79. 79. 79. 79. 79. 79. 79. 79. 79. 79. 79. 79. 79. 79. 79. 79. 79. 79. 79. 79. 79. 79. 79. 79. 79. 79. 79. 79. 79. 79. 79. 79. 79. 79. 79. 79. 79. 79. 79. 79. 79. 79. 79. 79. 79. 79. 79. 79. 79. 79. 79. 79. 79. 79. 79. 79. 79. 79. 79. 79. 79. 79. 79. 79. 79. 79. 79. 79. 79. 79. 79. 79. 79. 79. 79. 79. 79. 79. 79. 79. 80. 80. 80. 80. 80. 80. 80. 80. 80. 80. 80. 80. 80. 80. 80. 80. 80. 80. 80. 80. 80. 80. 80. 80. 80. 80. 80. 80. 80. 80. 80. 80. 80. 80. 80. 80. 80. 80. 80. 80. 80.
  226  79. 79. 79. 79. 79. 79. 79. 79. 79. 79. 79. 79. 79. 79. 79. 79. 79. 79. 79. 79. 79. 79. 79. 79. 79. 79. 79. 79. 79. 79. 79. 79. 79. 79. 79. 79. 79. 79. 79. 79. 79. 79. 79. 79. 79. 79. 79. 79. 79. 79. 79. 79. 79. 79. 79. 79. 79. 79. 79. 79. 79. 79. 79. 79. 79. 79. 79. 79. 79. 79. 79. 79. 79. 79. 79. 79. 79. 79. 79. 79. 79. 79. 79. 79. 79. 79. 79. 79. 79. 79. 79. 79. 79. 79. 79. 79. 79. 79. 79. 79. 79. 79. 79. 79. 79. 79. 79. 79. 79. 79. 80. 80. 80. 80. 80. 80. 80. 80. 80. 80. 80. 80. 80. 80. 80. 80. 80. 80. 80. 80. 80. 80. 80. 80. 80. 80. 80. 80. 80. 80. 80. 80. 80. 80. 80. 80. 80. 80. 80. 80.
  225  79. 79. 79. 79. 79. 79. 79. 79. 79. 79. 79. 79. 79. 79. 79. 79. 79. 79. 79. 79. 79. 79. 79. 79. 79. 79. 79. 79. 79. 79. 79. 79. 79. 79. 79. 79. 79. 79. 79. 79. 79. 79. 79. 79. 79. 79. 79. 79. 79. 79. 79. 79. 79. 79. 79. 79. 79. 79. 79. 79. 79. 79. 79. 79. 79. 79. 79. 79. 79. 79. 79. 79. 79. 79. 79. 79. 79. 79. 79. 79. 79. 79. 79. 79. 79. 79. 79. 79. 79. 79. 79. 79. 79. 79. 79. 79. 79. 79. 79. 79. 79. 79. 79. 79. 79. 79. 79. 79. 79. 79. 80. 80. 80. 80. 80. 80. 80. 80. 80. 80. 80. 80. 80. 80. 80. 80. 80. 80. 80. 80. 80. 80. 80. 80. 80. 80. 80. 80. 80. 80. 80. 80. 80. 80. 80. 80. 80. 80. 80. 80.
  224  79. 79. 79. 79. 79. 79. 79. 79. 79. 79. 79. 79. 79. 79. 79. 79. 79. 79. 79. 79. 79. 79. 79. 79. 79. 79. 79. 79. 79. 79. 79. 79. 79. 79. 79. 79. 79. 79. 79. 79. 79. 79. 79. 79. 79. 79. 79. 79. 79. 79. 79. 79. 79. 79. 79. 79. 79. 79. 79. 79. 79. 79. 79. 79. 79. 79. 79. 79. 79. 79. 79. 79. 79. 79. 79. 79. 79. 79. 79. 79. 79. 79. 79. 79. 79. 79. 79. 79. 79. 79. 79. 79. 79. 79. 79. 79. 79. 79. 79. 79. 79. 79. 79. 79. 79. 79. 79. 79. 79. 79. 79. 80. 80. 80. 80. 80. 80. 80. 80. 80. 80. 80. 80. 80. 80. 80. 80. 80. 80. 80. 80. 80. 80. 80. 80. 80. 80. 80. 80. 80. 80. 80. 80. 80. 80. 80. 80. 80. 80. 80.
  223  79. 79. 79. 79. 79. 79. 79. 79. 79. 79. 79. 79. 79. 79. 79. 79. 79. 79. 79. 79. 79. 79. 79. 79. 79. 79. 79. 79. 79. 79. 79. 79. 79. 79. 79. 79. 79. 79. 79. 79. 79. 79. 79. 79. 79. 79. 79. 79. 79. 79. 79. 79. 79. 79. 79. 79. 79. 79. 79. 79. 79. 79. 79. 79. 79. 79. 79. 79. 79. 79. 79. 79. 79. 79. 79. 79. 79. 79. 79. 79. 79. 79. 79. 79. 79. 79. 79. 79. 79. 79. 79. 79. 79. 79. 79. 79. 79. 79. 79. 79. 79. 79. 79. 79. 79. 79. 79. 79. 79. 79. 79. 80. 80. 80. 80. 80. 80. 80. 80. 80. 80. 80. 80. 80. 80. 80. 80. 80. 80. 80. 80. 80. 80. 80. 80. 80. 80. 80. 80. 80. 80. 80. 80. 80. 80. 80. 80. 80. 80. 80.
  222  79. 79. 79. 79. 79. 79. 79. 79. 79. 79. 79. 79. 79. 79. 79. 79. 79. 79. 79. 79. 79. 79. 79. 79. 79. 79. 79. 79. 79. 79. 79. 79. 79. 79. 79. 79. 79. 79. 79. 79. 79. 79. 79. 79. 79. 79. 79. 79. 79. 79. 79. 79. 79. 79. 79. 79. 79. 79. 79. 79. 79. 79. 79. 79. 79. 79. 79. 79. 79. 79. 79. 79. 79. 79. 79. 79. 79. 79. 79. 79. 79. 79. 79. 79. 79. 79. 79. 79. 79. 79. 79. 79. 79. 79. 79. 79. 79. 79. 79. 79. 79. 79. 79. 79. 79. 79. 79. 79. 79. 79. 79. 79. 80. 80. 80. 80. 80. 80. 80. 80. 80. 80. 80. 80. 80. 80. 80. 80. 80. 80. 80. 80. 80. 80. 80. 80. 80. 80. 80. 80. 80. 80. 80. 80. 80. 80. 80. 80. 80. 80.
  221  79. 79. 79. 79. 79. 79. 79. 79. 79. 79. 79. 79. 79. 79. 79. 79. 79. 79. 79. 79. 79. 79. 79. 79. 79. 79. 79. 79. 79. 79. 79. 79. 79. 79. 79. 79. 79. 79. 79. 79. 79. 79. 79. 79. 79. 79. 79. 79. 79. 79. 79. 79. 79. 79. 79. 79. 79. 79. 79. 79. 79. 79. 79. 79. 79. 79. 79. 79. 79. 79. 79. 79. 79. 79. 79. 79. 79. 79. 79. 79. 79. 79. 79. 79. 79. 79. 79. 79. 79. 79. 79. 79. 79. 79. 79. 79. 79. 79. 79. 79. 79. 79. 79. 79. 79. 79. 79. 79. 79. 79. 79. 79. 80. 80. 80. 80. 80. 80. 80. 80. 80. 80. 80. 80. 80. 80. 80. 80. 80. 80. 80. 80. 80. 80. 80. 80. 80. 80. 80. 80. 80. 80. 80. 80. 80. 80. 80. 80. 80. 80.
  220  79. 79. 79. 79. 79. 79. 79. 79. 79. 79. 79. 79. 79. 79. 79. 79. 79. 79. 79. 79. 79. 79. 79. 79. 79. 79. 79. 79. 79. 79. 79. 79. 79. 79. 79. 79. 79. 79. 79. 79. 79. 79. 79. 79. 79. 79. 79. 79. 79. 79. 79. 79. 79. 79. 79. 79. 79. 79. 79. 79. 79. 79. 79. 79. 79. 79. 79. 79. 79. 79. 79. 79. 79. 79. 79. 79. 79. 79. 79. 79. 79. 79. 79. 79. 79. 79. 79. 79. 79. 79. 79. 79. 79. 79. 79. 79. 79. 79. 79. 79. 79. 79. 79. 79. 79. 79. 79. 79. 79. 79. 79. 79. 80. 80. 80. 80. 80. 80. 80. 80. 80. 80. 80. 80. 80. 80. 80. 80. 80. 80. 80. 80. 80. 80. 80. 80. 80. 80. 80. 80. 80. 80. 80. 80. 80. 80. 80. 80. 80. 80.
  219  79. 79. 79. 79. 79. 79. 79. 79. 79. 79. 79. 79. 79. 79. 79. 79. 79. 79. 79. 79. 79. 79. 79. 79. 79. 79. 79. 79. 79. 79. 79. 79. 79. 79. 79. 79. 79. 79. 79. 79. 79. 79. 79. 79. 79. 79. 79. 79. 79. 79. 79. 79. 79. 79. 79. 79. 79. 79. 79. 79. 79. 79. 79. 79. 79. 79. 79. 79. 79. 79. 79. 79. 79. 79. 79. 79. 79. 79. 79. 79. 79. 79. 79. 79. 79. 79. 79. 79. 79. 79. 79. 79. 79. 79. 79. 79. 79. 79. 79. 79. 79. 79. 79. 79. 79. 79. 79. 79. 79. 79. 79. 79. 79. 80. 80. 80. 80. 80. 80. 80. 80. 80. 80. 80. 80. 80. 80. 80. 80. 80. 80. 80. 80. 80. 80. 80. 80. 80. 80. 80. 80. 80. 80. 80. 80. 80. 80. 80. 80. 80.
  218  79. 79. 79. 79. 79. 79. 79. 79. 79. 79. 79. 79. 79. 79. 79. 79. 79. 79. 79. 79. 79. 79. 79. 79. 79. 79. 79. 79. 79. 79. 79. 79. 79. 79. 79. 79. 79. 79. 79. 79. 79. 79. 79. 79. 79. 79. 79. 79. 79. 79. 79. 79. 79. 79. 79. 79. 79. 79. 79. 79. 79. 79. 79. 79. 79. 79. 79. 79. 79. 79. 79. 79. 79. 79. 79. 79. 79. 79. 79. 79. 79. 79. 79. 79. 79. 79. 79. 79. 79. 79. 79. 79. 79. 79. 79. 79. 79. 79. 79. 79. 79. 79. 79. 79. 79. 79. 79. 79. 79. 79. 79. 79. 79. 80. 80. 80. 80. 80. 80. 80. 80. 80. 80. 80. 80. 80. 80. 80. 80. 80. 80. 80. 80. 80. 80. 80. 80. 80. 80. 80. 80. 80. 80. 80. 80. 80. 80. 80. 80. 80.
  217  79. 79. 79. 79. 79. 79. 79. 79. 79. 79. 79. 79. 79. 79. 79. 79. 79. 79. 79. 79. 79. 79. 79. 79. 79. 79. 79. 79. 79. 79. 79. 79. 79. 79. 79. 79. 79. 79. 79. 79. 79. 79. 79. 79. 79. 79. 79. 79. 79. 79. 79. 79. 79. 79. 79. 79. 79. 79. 79. 79. 79. 79. 79. 79. 79. 79. 79. 79. 79. 79. 79. 79. 79. 79. 79. 79. 79. 79. 79. 79. 79. 79. 79. 79. 79. 79. 79. 79. 79. 79. 79. 79. 79. 79. 79. 79. 79. 79. 79. 79. 79. 79. 79. 79. 79. 79. 79. 79. 79. 79. 79. 79. 79. 79. 80. 80. 80. 80. 80. 80. 80. 80. 80. 80. 80. 80. 80. 80. 80. 80. 80. 80. 80. 80. 80. 80. 80. 80. 80. 80. 80. 80. 80. 80. 80. 80. 80. 80. 80. 80.
  216  79. 79. 79. 79. 79. 79. 79. 79. 79. 79. 79. 79. 79. 79. 79. 79. 79. 79. 79. 79. 79. 79. 79. 79. 79. 79. 79. 79. 79. 79. 79. 79. 79. 79. 79. 79. 79. 79. 79. 79. 79. 79. 79. 79. 79. 79. 79. 79. 79. 79. 79. 79. 79. 79. 79. 79. 79. 79. 79. 79. 79. 79. 79. 79. 79. 79. 79. 79. 79. 79. 79. 79. 79. 79. 79. 79. 79. 79. 79. 79. 79. 79. 79. 79. 79. 79. 79. 79. 79. 79. 79. 79. 79. 79. 79. 79. 79. 79. 79. 79. 79. 79. 79. 79. 79. 79. 79. 79. 79. 79. 79. 79. 79. 79. 80. 80. 80. 80. 80. 80. 80. 80. 80. 80. 80. 80. 80. 80. 80. 80. 80. 80. 80. 80. 80. 80. 80. 80. 80. 80. 80. 80. 80. 80. 80. 80. 80. 80. 80. 80.
  215  79. 79. 79. 79. 79. 79. 79. 79. 79. 79. 79. 79. 79. 79. 79. 79. 79. 79. 79. 79. 79. 79. 79. 79. 79. 79. 79. 79. 79. 79. 79. 79. 79. 79. 79. 79. 79. 79. 79. 79. 79. 79. 79. 79. 79. 79. 79. 79. 79. 79. 79. 79. 79. 79. 79. 79. 79. 79. 79. 79. 79. 79. 79. 79. 79. 79. 79. 79. 79. 79. 79. 79. 79. 79. 79. 79. 79. 79. 79. 79. 79. 79. 79. 79. 79. 79. 79. 79. 79. 79. 79. 79. 79. 79. 79. 79. 79. 79. 79. 79. 79. 79. 79. 79. 79. 79. 79. 79. 79. 79. 79. 79. 79. 79. 79. 80. 80. 80. 80. 80. 80. 80. 80. 80. 80. 80. 80. 80. 80. 80. 80. 80. 80. 80. 80. 80. 80. 80. 80. 80. 80. 80. 80. 80. 80. 80. 80. 80. 80. 80.
  214  79. 79. 79. 79. 79. 79. 79. 79. 79. 79. 79. 79. 79. 79. 79. 79. 79. 79. 79. 79. 79. 79. 79. 79. 79. 79. 79. 79. 79. 79. 79. 79. 79. 79. 79. 79. 79. 79. 79. 79. 79. 79. 79. 79. 79. 79. 79. 79. 79. 79. 79. 79. 79. 79. 79. 79. 79. 79. 79. 79. 79. 79. 79. 79. 79. 79. 79. 79. 79. 79. 79. 79. 79. 79. 79. 79. 79. 79. 79. 79. 79. 79. 79. 79. 79. 79. 79. 79. 79. 79. 79. 79. 79. 79. 79. 79. 79. 79. 79. 79. 79. 79. 79. 79. 79. 79. 79. 79. 79. 79. 79. 79. 79. 79. 79. 80. 80. 80. 80. 80. 80. 80. 80. 80. 80. 80. 80. 80. 80. 80. 80. 80. 80. 80. 80. 80. 80. 80. 80. 80. 80. 80. 80. 80. 80. 80. 80. 80. 80. 80.
  213  79. 79. 79. 79. 79. 79. 79. 79. 79. 79. 79. 79. 79. 79. 79. 79. 79. 79. 79. 79. 79. 79. 79. 79. 79. 79. 79. 79. 79. 79. 79. 79. 79. 79. 79. 79. 79. 79. 79. 79. 79. 79. 79. 79. 79. 79. 79. 79. 79. 79. 79. 79. 79. 79. 79. 79. 79. 79. 79. 79. 79. 79. 79. 79. 79. 79. 79. 79. 79. 79. 79. 79. 79. 79. 79. 79. 79. 79. 79. 79. 79. 79. 79. 79. 79. 79. 79. 79. 79. 79. 79. 79. 79. 79. 79. 79. 79. 79. 79. 79. 79. 79. 79. 79. 79. 79. 79. 79. 79. 79. 79. 79. 79. 79. 79. 80. 80. 80. 80. 80. 80. 80. 80. 80. 80. 80. 80. 80. 80. 80. 80. 80. 80. 80. 80. 80. 80. 80. 80. 80. 80. 80. 80. 80. 80. 80. 80. 80. 80. 80.
  212  79. 79. 79. 79. 79. 79. 79. 79. 79. 79. 79. 79. 79. 79. 79. 79. 79. 79. 79. 79. 79. 79. 79. 79. 79. 79. 79. 79. 79. 79. 79. 79. 79. 79. 79. 79. 79. 79. 79. 79. 79. 79. 79. 79. 79. 79. 79. 79. 79. 79. 79. 79. 79. 79. 79. 79. 79. 79. 79. 79. 79. 79. 79. 79. 79. 79. 79. 79. 79. 79. 79. 79. 79. 79. 79. 79. 79. 79. 79. 79. 79. 79. 79. 79. 79. 79. 79. 79. 79. 79. 79. 79. 79. 79. 79. 79. 79. 79. 79. 79. 79. 79. 79. 79. 79. 79. 79. 79. 79. 79. 79. 79. 79. 79. 79. 79. 80. 80. 80. 80. 80. 80. 80. 80. 80. 80. 80. 80. 80. 80. 80. 80. 80. 80. 80. 80. 80. 80. 80. 80. 80. 80. 80. 80. 80. 80. 80. 80. 80. 80.
  211  79. 79. 79. 79. 79. 79. 79. 79. 79. 79. 79. 79. 79. 79. 79. 79. 79. 79. 79. 79. 79. 79. 79. 79. 79. 79. 79. 79. 79. 79. 79. 79. 79. 79. 79. 79. 79. 79. 79. 79. 79. 79. 79. 79. 79. 79. 79. 79. 79. 79. 79. 79. 79. 79. 79. 79. 79. 79. 79. 79. 79. 79. 79. 79. 79. 79. 79. 79. 79. 79. 79. 79. 79. 79. 79. 79. 79. 79. 79. 79. 79. 79. 79. 79. 79. 79. 79. 79. 79. 79. 79. 79. 79. 79. 79. 79. 79. 79. 79. 79. 79. 79. 79. 79. 79. 79. 79. 79. 79. 79. 79. 79. 79. 79. 79. 79. 80. 80. 80. 80. 80. 80. 80. 80. 80. 80. 80. 80. 80. 80. 80. 80. 80. 80. 80. 80. 80. 80. 80. 80. 80. 80. 80. 80. 80. 80. 80. 80. 80. 80.
  210  79. 79. 79. 79. 79. 79. 79. 79. 79. 79. 79. 79. 79. 79. 79. 79. 79. 79. 79. 79. 79. 79. 79. 79. 79. 79. 79. 79. 79. 79. 79. 79. 79. 79. 79. 79. 79. 79. 79. 79. 79. 79. 79. 79. 79. 79. 79. 79. 79. 79. 79. 79. 79. 79. 79. 79. 79. 79. 79. 79. 79. 79. 79. 79. 79. 79. 79. 79. 79. 79. 79. 79. 79. 79. 79. 79. 79. 79. 79. 79. 79. 79. 79. 79. 79. 79. 79. 79. 79. 79. 79. 79. 79. 79. 79. 79. 79. 79. 79. 79. 79. 79. 79. 79. 79. 79. 79. 79. 79. 79. 79. 79. 79. 79. 79. 79. 79. 80. 80. 80. 80. 80. 80. 80. 80. 80. 80. 80. 80. 80. 80. 80. 80. 80. 80. 80. 80. 80. 80. 80. 80. 80. 80. 80. 80. 80. 80. 80. 80. 80.
  209  79. 79. 79. 79. 79. 79. 79. 79. 79. 79. 79. 79. 79. 79. 79. 79. 79. 79. 79. 79. 79. 79. 79. 79. 79. 79. 79. 79. 79. 79. 79. 79. 79. 79. 79. 79. 79. 79. 79. 79. 79. 79. 79. 79. 79. 79. 79. 79. 79. 79. 79. 79. 79. 79. 79. 79. 79. 79. 79. 79. 79. 79. 79. 79. 79. 79. 79. 79. 79. 79. 79. 79. 79. 79. 79. 79. 79. 79. 79. 79. 79. 79. 79. 79. 79. 79. 79. 79. 79. 79. 79. 79. 79. 79. 79. 79. 79. 79. 79. 79. 79. 79. 79. 79. 79. 79. 79. 79. 79. 79. 79. 79. 79. 79. 79. 79. 79. 80. 80. 80. 80. 80. 80. 80. 80. 80. 80. 80. 80. 80. 80. 80. 80. 80. 80. 80. 80. 80. 80. 80. 80. 80. 80. 80. 80. 80. 80. 80. 80. 80.
  208  79. 79. 79. 79. 79. 79. 79. 79. 79. 79. 79. 79. 79. 79. 79. 79. 79. 79. 79. 79. 79. 79. 79. 79. 79. 79. 79. 79. 79. 79. 79. 79. 79. 79. 79. 79. 79. 79. 79. 79. 79. 79. 79. 79. 79. 79. 79. 79. 79. 79. 79. 79. 79. 79. 79. 79. 79. 79. 79. 79. 79. 79. 79. 79. 79. 79. 79. 79. 79. 79. 79. 79. 79. 79. 79. 79. 79. 79. 79. 79. 79. 79. 79. 79. 79. 79. 79. 79. 79. 79. 79. 79. 79. 79. 79. 79. 79. 79. 79. 79. 79. 79. 79. 79. 79. 79. 79. 79. 79. 79. 79. 79. 79. 79. 79. 79. 79. 80. 80. 80. 80. 80. 80. 80. 80. 80. 80. 80. 80. 80. 80. 80. 80. 80. 80. 80. 80. 80. 80. 80. 80. 80. 80. 80. 80. 80. 80. 80. 80. 80.
  207  79. 79. 79. 79. 79. 79. 79. 79. 79. 79. 79. 79. 79. 79. 79. 79. 79. 79. 79. 79. 79. 79. 79. 79. 79. 79. 79. 79. 79. 79. 79. 79. 79. 79. 79. 79. 79. 79. 79. 79. 79. 79. 79. 79. 79. 79. 79. 79. 79. 79. 79. 79. 79. 79. 79. 79. 79. 79. 79. 79. 79. 79. 79. 79. 79. 79. 79. 79. 79. 79. 79. 79. 79. 79. 79. 79. 79. 79. 79. 79. 79. 79. 79. 79. 79. 79. 79. 79. 79. 79. 79. 79. 79. 79. 79. 79. 79. 79. 79. 79. 79. 79. 79. 79. 79. 79. 79. 79. 79. 79. 79. 79. 79. 79. 79. 79. 79. 79. 80. 80. 80. 80. 80. 80. 80. 80. 80. 80. 80. 80. 80. 80. 80. 80. 80. 80. 80. 80. 80. 80. 80. 80. 80. 80. 80. 80. 80. 80. 80. 80.
  206  79. 79. 79. 79. 79. 79. 79. 79. 79. 79. 79. 79. 79. 79. 79. 79. 79. 79. 79. 79. 79. 79. 79. 79. 79. 79. 79. 79. 79. 79. 79. 79. 79. 79. 79. 79. 79. 79. 79. 79. 79. 79. 79. 79. 79. 79. 79. 79. 79. 79. 79. 79. 79. 79. 79. 79. 79. 79. 79. 79. 79. 79. 79. 79. 79. 79. 79. 79. 79. 79. 79. 79. 79. 79. 79. 79. 79. 79. 79. 79. 79. 79. 79. 79. 79. 79. 79. 79. 79. 79. 79. 79. 79. 79. 79. 79. 79. 79. 79. 79. 79. 79. 79. 79. 79. 79. 79. 79. 79. 79. 79. 79. 79. 79. 79. 79. 79. 79. 80. 80. 80. 80. 80. 80. 80. 80. 80. 80. 80. 80. 80. 80. 80. 80. 80. 80. 80. 80. 80. 80. 80. 80. 80. 80. 80. 80. 80. 80. 80. 80.
  205  79. 79. 79. 79. 79. 79. 79. 79. 79. 79. 79. 79. 79. 79. 79. 79. 79. 79. 79. 79. 79. 79. 79. 79. 79. 79. 79. 79. 79. 79. 79. 79. 79. 79. 79. 79. 79. 79. 79. 79. 79. 79. 79. 79. 79. 79. 79. 79. 79. 79. 79. 79. 79. 79. 79. 79. 79. 79. 79. 79. 79. 79. 79. 79. 79. 79. 79. 79. 79. 79. 79. 79. 79. 79. 79. 79. 79. 79. 79. 79. 79. 79. 79. 79. 79. 79. 79. 79. 79. 79. 79. 79. 79. 79. 79. 79. 79. 79. 79. 79. 79. 79. 79. 79. 79. 79. 79. 79. 79. 79. 79. 79. 79. 79. 79. 79. 79. 79. 80. 80. 80. 80. 80. 80. 80. 80. 80. 80. 80. 80. 80. 80. 80. 80. 80. 80. 80. 80. 80. 80. 80. 80. 80. 80. 80. 80. 80. 80. 80. 80.
  204  79. 79. 79. 79. 79. 79. 79. 79. 79. 79. 79. 79. 79. 79. 79. 79. 79. 79. 79. 79. 79. 79. 79. 79. 79. 79. 79. 79. 79. 79. 79. 79. 79. 79. 79. 79. 79. 79. 79. 79. 79. 79. 79. 79. 79. 79. 79. 79. 79. 79. 79. 79. 79. 79. 79. 79. 79. 79. 79. 79. 79. 79. 79. 79. 79. 79. 79. 79. 79. 79. 79. 79. 79. 79. 79. 79. 79. 79. 79. 79. 79. 79. 79. 79. 79. 79. 79. 79. 79. 79. 79. 79. 79. 79. 79. 79. 79. 79. 79. 79. 79. 79. 79. 79. 79. 79. 79. 79. 79. 79. 79. 79. 79. 79. 79. 79. 79. 79. 79. 80. 80. 80. 80. 80. 80. 80. 80. 80. 80. 80. 80. 80. 80. 80. 80. 80. 80. 80. 80. 80. 80. 80. 80. 80. 80. 80. 80. 80. 80. 80.
  203  79. 79. 79. 79. 79. 79. 79. 79. 79. 79. 79. 79. 79. 79. 79. 79. 79. 79. 79. 79. 79. 79. 79. 79. 79. 79. 79. 79. 79. 79. 79. 79. 79. 79. 79. 79. 79. 79. 79. 79. 79. 79. 79. 79. 79. 79. 79. 79. 79. 79. 79. 79. 79. 79. 79. 79. 79. 79. 79. 79. 79. 79. 79. 79. 79. 79. 79. 79. 79. 79. 79. 79. 79. 79. 79. 79. 79. 79. 79. 79. 79. 79. 79. 79. 79. 79. 79. 79. 79. 79. 79. 79. 79. 79. 79. 79. 79. 79. 79. 79. 79. 79. 79. 79. 79. 79. 79. 79. 79. 79. 79. 79. 79. 79. 79. 79. 79. 79. 79. 80. 80. 80. 80. 80. 80. 80. 80. 80. 80. 80. 80. 80. 80. 80. 80. 80. 80. 80. 80. 80. 80. 80. 80. 80. 80. 80. 80. 80. 80. 80.
  202  79. 79. 79. 79. 79. 79. 79. 79. 79. 79. 79. 79. 79. 79. 79. 79. 79. 79. 79. 79. 79. 79. 79. 79. 79. 79. 79. 79. 79. 79. 79. 79. 79. 79. 79. 79. 79. 79. 79. 79. 79. 79. 79. 79. 79. 79. 79. 79. 79. 79. 79. 79. 79. 79. 79. 79. 79. 79. 79. 79. 79. 79. 79. 79. 79. 79. 79. 79. 79. 79. 79. 79. 79. 79. 79. 79. 79. 79. 79. 79. 79. 79. 79. 79. 79. 79. 79. 79. 79. 79. 79. 79. 79. 79. 79. 79. 79. 79. 79. 79. 79. 79. 79. 79. 79. 79. 79. 79. 79. 79. 79. 79. 79. 79. 79. 79. 79. 79. 79. 80. 80. 80. 80. 80. 80. 80. 80. 80. 80. 80. 80. 80. 80. 80. 80. 80. 80. 80. 80. 80. 80. 80. 80. 80. 80. 80. 80. 80. 80. 80.
  201  79. 79. 79. 79. 79. 79. 79. 79. 79. 79. 79. 79. 79. 79. 79. 79. 79. 79. 79. 79. 79. 79. 79. 79. 79. 79. 79. 79. 79. 79. 79. 79. 79. 79. 79. 79. 79. 79. 79. 79. 79. 79. 79. 79. 79. 79. 79. 79. 79. 79. 79. 79. 79. 79. 79. 79. 79. 79. 79. 79. 79. 79. 79. 79. 79. 79. 79. 79. 79. 79. 79. 79. 79. 79. 79. 79. 79. 79. 79. 79. 79. 79. 79. 79. 79. 79. 79. 79. 79. 79. 79. 79. 79. 79. 79. 79. 79. 79. 79. 79. 79. 79. 79. 79. 79. 79. 79. 79. 79. 79. 79. 79. 79. 79. 79. 79. 79. 79. 79. 79. 80. 80. 80. 80. 80. 80. 80. 80. 80. 80. 80. 80. 80. 80. 80. 80. 80. 80. 80. 80. 80. 80. 80. 80. 80. 80. 80. 80. 80. 80.
  200  79. 79. 79. 79. 79. 79. 79. 79. 79. 79. 79. 79. 79. 79. 79. 79. 79. 79. 79. 79. 79. 79. 79. 79. 79. 79. 79. 79. 79. 79. 79. 79. 79. 79. 79. 79. 79. 79. 79. 79. 79. 79. 79. 79. 79. 79. 79. 79. 79. 79. 79. 79. 79. 79. 79. 79. 79. 79. 79. 79. 79. 79. 79. 79. 79. 79. 79. 79. 79. 79. 79. 79. 79. 79. 79. 79. 79. 79. 79. 79. 79. 79. 79. 79. 79. 79. 79. 79. 79. 79. 79. 79. 79. 79. 79. 79. 79. 79. 79. 79. 79. 79. 79. 79. 79. 79. 79. 79. 79. 79. 79. 79. 79. 79. 79. 79. 79. 79. 79. 79. 80. 80. 80. 80. 80. 80. 80. 80. 80. 80. 80. 80. 80. 80. 80. 80. 80. 80. 80. 80. 80. 80. 80. 80. 80. 80. 80. 80. 80. 80.
  199  79. 79. 79. 79. 79. 79. 79. 79. 79. 79. 79. 79. 79. 79. 79. 79. 79. 79. 79. 79. 79. 79. 79. 79. 79. 79. 79. 79. 79. 79. 79. 79. 79. 79. 79. 79. 79. 79. 79. 79. 79. 79. 79. 79. 79. 79. 79. 79. 79. 79. 79. 79. 79. 79. 79. 79. 79. 79. 79. 79. 79. 79. 79. 79. 79. 79. 79. 79. 79. 79. 79. 79. 79. 79. 79. 79. 79. 79. 79. 79. 79. 79. 79. 79. 79. 79. 79. 79. 79. 79. 79. 79. 79. 79. 79. 79. 79. 79. 79. 79. 79. 79. 79. 79. 79. 79. 79. 79. 79. 79. 79. 79. 79. 79. 79. 79. 79. 79. 79. 79. 80. 80. 80. 80. 80. 80. 80. 80. 80. 80. 80. 80. 80. 80. 80. 80. 80. 80. 80. 80. 80. 80. 80. 80. 80. 80. 80. 80. 80. 80.
  198  79. 79. 79. 79. 79. 79. 79. 79. 79. 79. 79. 79. 79. 79. 79. 79. 79. 79. 79. 79. 79. 79. 79. 79. 79. 79. 79. 79. 79. 79. 79. 79. 79. 79. 79. 79. 79. 79. 79. 79. 79. 79. 79. 79. 79. 79. 79. 79. 79. 79. 79. 79. 79. 79. 79. 79. 79. 79. 79. 79. 79. 79. 79. 79. 79. 79. 79. 79. 79. 79. 79. 79. 79. 79. 79. 79. 79. 79. 79. 79. 79. 79. 79. 79. 79. 79. 79. 79. 79. 79. 79. 79. 79. 79. 79. 79. 79. 79. 79. 79. 79. 79. 79. 79. 79. 79. 79. 79. 79. 79. 79. 79. 79. 79. 79. 79. 79. 79. 79. 79. 80. 80. 80. 80. 80. 80. 80. 80. 80. 80. 80. 80. 80. 80. 80. 80. 80. 80. 80. 80. 80. 80. 80. 80. 80. 80. 80. 80. 80. 80.
  197  79. 79. 79. 79. 79. 79. 79. 79. 79. 79. 79. 79. 79. 79. 79. 79. 79. 79. 79. 79. 79. 79. 79. 79. 79. 79. 79. 79. 79. 79. 79. 79. 79. 79. 79. 79. 79. 79. 79. 79. 79. 79. 79. 79. 79. 79. 79. 79. 79. 79. 79. 79. 79. 79. 79. 79. 79. 79. 79. 79. 79. 79. 79. 79. 79. 79. 79. 79. 79. 79. 79. 79. 79. 79. 79. 79. 79. 79. 79. 79. 79. 79. 79. 79. 79. 79. 79. 79. 79. 79. 79. 79. 79. 79. 79. 79. 79. 79. 79. 79. 79. 79. 79. 79. 79. 79. 79. 79. 79. 79. 79. 79. 79. 79. 79. 79. 79. 79. 79. 79. 79. 80. 80. 80. 80. 80. 80. 80. 80. 80. 80. 80. 80. 80. 80. 80. 80. 80. 80. 80. 80. 80. 80. 80. 80. 80. 80. 80. 80. 80.
  196  79. 79. 79. 79. 79. 79. 79. 79. 79. 79. 79. 79. 79. 79. 79. 79. 79. 79. 79. 79. 79. 79. 79. 79. 79. 79. 79. 79. 79. 79. 79. 79. 79. 79. 79. 79. 79. 79. 79. 79. 79. 79. 79. 79. 79. 79. 79. 79. 79. 79. 79. 79. 79. 79. 79. 79. 79. 79. 79. 79. 79. 79. 79. 79. 79. 79. 79. 79. 79. 79. 79. 79. 79. 79. 79. 79. 79. 79. 79. 79. 79. 79. 79. 79. 79. 79. 79. 79. 79. 79. 79. 79. 79. 79. 79. 79. 79. 79. 79. 79. 79. 79. 79. 79. 79. 79. 79. 79. 79. 79. 79. 79. 79. 79. 79. 79. 79. 79. 79. 79. 79. 80. 80. 80. 80. 80. 80. 80. 80. 80. 80. 80. 80. 80. 80. 80. 80. 80. 80. 80. 80. 80. 80. 80. 80. 80. 80. 80. 80. 80.
  195  79. 79. 79. 79. 79. 79. 79. 79. 79. 79. 79. 79. 79. 79. 79. 79. 79. 79. 79. 79. 79. 79. 79. 79. 79. 79. 79. 79. 79. 79. 79. 79. 79. 79. 79. 79. 79. 79. 79. 79. 79. 79. 79. 79. 79. 79. 79. 79. 79. 79. 79. 79. 79. 79. 79. 79. 79. 79. 79. 79. 79. 79. 79. 79. 79. 79. 79. 79. 79. 79. 79. 79. 79. 79. 79. 79. 79. 79. 79. 79. 79. 79. 79. 79. 79. 79. 79. 79. 79. 79. 79. 79. 79. 79. 79. 79. 79. 79. 79. 79. 79. 79. 79. 79. 79. 79. 79. 79. 79. 79. 79. 79. 79. 79. 79. 79. 79. 79. 79. 79. 79. 80. 80. 80. 80. 80. 80. 80. 80. 80. 80. 80. 80. 80. 80. 80. 80. 80. 80. 80. 80. 80. 80. 80. 80. 80. 80. 80. 80. 80.
  194  79. 79. 79. 79. 79. 79. 79. 79. 79. 79. 79. 79. 79. 79. 79. 79. 79. 79. 79. 79. 79. 79. 79. 79. 79. 79. 79. 79. 79. 79. 79. 79. 79. 79. 79. 79. 79. 79. 79. 79. 79. 79. 79. 79. 79. 79. 79. 79. 79. 79. 79. 79. 79. 79. 79. 79. 79. 79. 79. 79. 79. 79. 79. 79. 79. 79. 79. 79. 79. 79. 79. 79. 79. 79. 79. 79. 79. 79. 79. 79. 79. 79. 79. 79. 79. 79. 79. 79. 79. 79. 79. 79. 79. 79. 79. 79. 79. 79. 79. 79. 79. 79. 79. 79. 79. 79. 79. 79. 79. 79. 79. 79. 79. 79. 79. 79. 79. 79. 79. 79. 79. 79. 80. 80. 80. 80. 80. 80. 80. 80. 80. 80. 80. 80. 80. 80. 80. 80. 80. 80. 80. 80. 80. 80. 80. 80. 80. 80. 80. 80.
  193  79. 79. 79. 79. 79. 79. 79. 79. 79. 79. 79. 79. 79. 79. 79. 79. 79. 79. 79. 79. 79. 79. 79. 79. 79. 79. 79. 79. 79. 79. 79. 79. 79. 79. 79. 79. 79. 79. 79. 79. 79. 79. 79. 79. 79. 79. 79. 79. 79. 79. 79. 79. 79. 79. 79. 79. 79. 79. 79. 79. 79. 79. 79. 79. 79. 79. 79. 79. 79. 79. 79. 79. 79. 79. 79. 79. 79. 79. 79. 79. 79. 79. 79. 79. 79. 79. 79. 79. 79. 79. 79. 79. 79. 79. 79. 79. 79. 79. 79. 79. 79. 79. 79. 79. 79. 79. 79. 79. 79. 79. 79. 79. 79. 79. 79. 79. 79. 79. 79. 79. 79. 79. 80. 80. 80. 80. 80. 80. 80. 80. 80. 80. 80. 80. 80. 80. 80. 80. 80. 80. 80. 80. 80. 80. 80. 80. 80. 80. 80. 80.
  192  79. 79. 79. 79. 79. 79. 79. 79. 79. 79. 79. 79. 79. 79. 79. 79. 79. 79. 79. 79. 79. 79. 79. 79. 79. 79. 79. 79. 79. 79. 79. 79. 79. 79. 79. 79. 79. 79. 79. 79. 79. 79. 79. 79. 79. 79. 79. 79. 79. 79. 79. 79. 79. 79. 79. 79. 79. 79. 79. 79. 79. 79. 79. 79. 79. 79. 79. 79. 79. 79. 79. 79. 79. 79. 79. 79. 79. 79. 79. 79. 79. 79. 79. 79. 79. 79. 79. 79. 79. 79. 79. 79. 79. 79. 79. 79. 79. 79. 79. 79. 79. 79. 79. 79. 79. 79. 79. 79. 79. 79. 79. 79. 79. 79. 79. 79. 79. 79. 79. 79. 79. 79. 80. 80. 80. 80. 80. 80. 80. 80. 80. 80. 80. 80. 80. 80. 80. 80. 80. 80. 80. 80. 80. 80. 80. 80. 80. 80. 80. 80.
  191  79. 79. 79. 79. 79. 79. 79. 79. 79. 79. 79. 79. 79. 79. 79. 79. 79. 79. 79. 79. 79. 79. 79. 79. 79. 79. 79. 79. 79. 79. 79. 79. 79. 79. 79. 79. 79. 79. 79. 79. 79. 79. 79. 79. 79. 79. 79. 79. 79. 79. 79. 79. 79. 79. 79. 79. 79. 79. 79. 79. 79. 79. 79. 79. 79. 79. 79. 79. 79. 79. 79. 79. 79. 79. 79. 79. 79. 79. 79. 79. 79. 79. 79. 79. 79. 79. 79. 79. 79. 79. 79. 79. 79. 79. 79. 79. 79. 79. 79. 79. 79. 79. 79. 79. 79. 79. 79. 79. 79. 79. 79. 79. 79. 79. 79. 79. 79. 79. 79. 79. 79. 79. 80. 80. 80. 80. 80. 80. 80. 80. 80. 80. 80. 80. 80. 80. 80. 80. 80. 80. 80. 80. 80. 80. 80. 80. 80. 80. 80. 80.
  190  79. 79. 79. 79. 79. 79. 79. 79. 79. 79. 79. 79. 79. 79. 79. 79. 79. 79. 79. 79. 79. 79. 79. 79. 79. 79. 79. 79. 79. 79. 79. 79. 79. 79. 79. 79. 79. 79. 79. 79. 79. 79. 79. 79. 79. 79. 79. 79. 79. 79. 79. 79. 79. 79. 79. 79. 79. 79. 79. 79. 79. 79. 79. 79. 79. 79. 79. 79. 79. 79. 79. 79. 79. 79. 79. 79. 79. 79. 79. 79. 79. 79. 79. 79. 79. 79. 79. 79. 79. 79. 79. 79. 79. 79. 79. 79. 79. 79. 79. 79. 79. 79. 79. 79. 79. 79. 79. 79. 79. 79. 79. 79. 79. 79. 79. 79. 79. 79. 79. 79. 79. 79. 80. 80. 80. 80. 80. 80. 80. 80. 80. 80. 80. 80. 80. 80. 80. 80. 80. 80. 80. 80. 80. 80. 80. 80. 80. 80. 80. 80.
  189  79. 79. 79. 79. 79. 79. 79. 79. 79. 79. 79. 79. 79. 79. 79. 79. 79. 79. 79. 79. 79. 79. 79. 79. 79. 79. 79. 79. 79. 79. 79. 79. 79. 79. 79. 79. 79. 79. 79. 79. 79. 79. 79. 79. 79. 79. 79. 79. 79. 79. 79. 79. 79. 79. 79. 79. 79. 79. 79. 79. 79. 79. 79. 79. 79. 79. 79. 79. 79. 79. 79. 79. 79. 79. 79. 79. 79. 79. 79. 79. 79. 79. 79. 79. 79. 79. 79. 79. 79. 79. 79. 79. 79. 79. 79. 79. 79. 79. 79. 79. 79. 79. 79. 79. 79. 79. 79. 79. 79. 79. 79. 79. 79. 79. 79. 79. 79. 79. 79. 79. 79. 79. 79. 80. 80. 80. 80. 80. 80. 80. 80. 80. 80. 80. 80. 80. 80. 80. 80. 80. 80. 80. 80. 80. 80. 80. 80. 80. 80. 80.
  188  79. 79. 79. 79. 79. 79. 79. 79. 79. 79. 79. 79. 79. 79. 79. 79. 79. 79. 79. 79. 79. 79. 79. 79. 79. 79. 79. 79. 79. 79. 79. 79. 79. 79. 79. 79. 79. 79. 79. 79. 79. 79. 79. 79. 79. 79. 79. 79. 79. 79. 79. 79. 79. 79. 79. 79. 79. 79. 79. 79. 79. 79. 79. 79. 79. 79. 79. 79. 79. 79. 79. 79. 79. 79. 79. 79. 79. 79. 79. 79. 79. 79. 79. 79. 79. 79. 79. 79. 79. 79. 79. 79. 79. 79. 79. 79. 79. 79. 79. 79. 79. 79. 79. 79. 79. 79. 79. 79. 79. 79. 79. 79. 79. 79. 79. 79. 79. 79. 79. 79. 79. 79. 79. 80. 80. 80. 80. 80. 80. 80. 80. 80. 80. 80. 80. 80. 80. 80. 80. 80. 80. 80. 80. 80. 80. 80. 80. 80. 80. 80.
  187  79. 79. 79. 79. 79. 79. 79. 79. 79. 79. 79. 79. 79. 79. 79. 79. 79. 79. 79. 79. 79. 79. 79. 79. 79. 79. 79. 79. 79. 79. 79. 79. 79. 79. 79. 79. 79. 79. 79. 79. 79. 79. 79. 79. 79. 79. 79. 79. 79. 79. 79. 79. 79. 79. 79. 79. 79. 79. 79. 79. 79. 79. 79. 79. 79. 79. 79. 79. 79. 79. 79. 79. 79. 79. 79. 79. 79. 79. 79. 79. 79. 79. 79. 79. 79. 79. 79. 79. 79. 79. 79. 79. 79. 79. 79. 79. 79. 79. 79. 79. 79. 79. 79. 79. 79. 79. 79. 79. 79. 79. 79. 79. 79. 79. 79. 79. 79. 79. 79. 79. 79. 79. 79. 80. 80. 80. 80. 80. 80. 80. 80. 80. 80. 80. 80. 80. 80. 80. 80. 80. 80. 80. 80. 80. 80. 80. 80. 80. 80. 80.
  186  79. 79. 79. 79. 79. 79. 79. 79. 79. 79. 79. 79. 79. 79. 79. 79. 79. 79. 79. 79. 79. 79. 79. 79. 79. 79. 79. 79. 79. 79. 79. 79. 79. 79. 79. 79. 79. 79. 79. 79. 79. 79. 79. 79. 79. 79. 79. 79. 79. 79. 79. 79. 79. 79. 79. 79. 79. 79. 79. 79. 79. 79. 79. 79. 79. 79. 79. 79. 79. 79. 79. 79. 79. 79. 79. 79. 79. 79. 79. 79. 79. 79. 79. 79. 79. 79. 79. 79. 79. 79. 79. 79. 79. 79. 79. 79. 79. 79. 79. 79. 79. 79. 79. 79. 79. 79. 79. 79. 79. 79. 79. 79. 79. 79. 79. 79. 79. 79. 79. 79. 79. 79. 79. 80. 80. 80. 80. 80. 80. 80. 80. 80. 80. 80. 80. 80. 80. 80. 80. 80. 80. 80. 80. 80. 80. 80. 80. 80. 80. 80.
  185  79. 79. 79. 79. 79. 79. 79. 79. 79. 79. 79. 79. 79. 79. 79. 79. 79. 79. 79. 79. 79. 79. 79. 79. 79. 79. 79. 79. 79. 79. 79. 79. 79. 79. 79. 79. 79. 79. 79. 79. 79. 79. 79. 79. 79. 79. 79. 79. 79. 79. 79. 79. 79. 79. 79. 79. 79. 79. 79. 79. 79. 79. 79. 79. 79. 79. 79. 79. 79. 79. 79. 79. 79. 79. 79. 79. 79. 79. 79. 79. 79. 79. 79. 79. 79. 79. 79. 79. 79. 79. 79. 79. 79. 79. 79. 79. 79. 79. 79. 79. 79. 79. 79. 79. 79. 79. 79. 79. 79. 79. 79. 79. 79. 79. 79. 79. 79. 79. 79. 79. 79. 79. 79. 79. 80. 80. 80. 80. 80. 80. 80. 80. 80. 80. 80. 80. 80. 80. 80. 80. 80. 80. 80. 80. 80. 80. 80. 80. 80. 80.
  184  79. 79. 79. 79. 79. 79. 79. 79. 79. 79. 79. 79. 79. 79. 79. 79. 79. 79. 79. 79. 79. 79. 79. 79. 79. 79. 79. 79. 79. 79. 79. 79. 79. 79. 79. 79. 79. 79. 79. 79. 79. 79. 79. 79. 79. 79. 79. 79. 79. 79. 79. 79. 79. 79. 79. 79. 79. 79. 79. 79. 79. 79. 79. 79. 79. 79. 79. 79. 79. 79. 79. 79. 79. 79. 79. 79. 79. 79. 79. 79. 79. 79. 79. 79. 79. 79. 79. 79. 79. 79. 79. 79. 79. 79. 79. 79. 79. 79. 79. 79. 79. 79. 79. 79. 79. 79. 79. 79. 79. 79. 79. 79. 79. 79. 79. 79. 79. 79. 79. 79. 79. 79. 79. 79. 80. 80. 80. 80. 80. 80. 80. 80. 80. 80. 80. 80. 80. 80. 80. 80. 80. 80. 80. 80. 80. 80. 80. 80. 80. 80.
  183  79. 79. 79. 79. 79. 79. 79. 79. 79. 79. 79. 79. 79. 79. 79. 79. 79. 79. 79. 79. 79. 79. 79. 79. 79. 79. 79. 79. 79. 79. 79. 79. 79. 79. 79. 79. 79. 79. 79. 79. 79. 79. 79. 79. 79. 79. 79. 79. 79. 79. 79. 79. 79. 79. 79. 79. 79. 79. 79. 79. 79. 79. 79. 79. 79. 79. 79. 79. 79. 79. 79. 79. 79. 79. 79. 79. 79. 79. 79. 79. 79. 79. 79. 79. 79. 79. 79. 79. 79. 79. 79. 79. 79. 79. 79. 79. 79. 79. 79. 79. 79. 79. 79. 79. 79. 79. 79. 79. 79. 79. 79. 79. 79. 79. 79. 79. 79. 79. 79. 79. 79. 79. 79. 79. 80. 80. 80. 80. 80. 80. 80. 80. 80. 80. 80. 80. 80. 80. 80. 80. 80. 80. 80. 80. 80. 80. 80. 80. 80. 80.
  182  79. 79. 79. 79. 79. 79. 79. 79. 79. 79. 79. 79. 79. 79. 79. 79. 79. 79. 79. 79. 79. 79. 79. 79. 79. 79. 79. 79. 79. 79. 79. 79. 79. 79. 79. 79. 79. 79. 79. 79. 79. 79. 79. 79. 79. 79. 79. 79. 79. 79. 79. 79. 79. 79. 79. 79. 79. 79. 79. 79. 79. 79. 79. 79. 79. 79. 79. 79. 79. 79. 79. 79. 79. 79. 79. 79. 79. 79. 79. 79. 79. 79. 79. 79. 79. 79. 79. 79. 79. 79. 79. 79. 79. 79. 79. 79. 79. 79. 79. 79. 79. 79. 79. 79. 79. 79. 79. 79. 79. 79. 79. 79. 79. 79. 79. 79. 79. 79. 79. 79. 79. 79. 79. 79. 80. 80. 80. 80. 80. 80. 80. 80. 80. 80. 80. 80. 80. 80. 80. 80. 80. 80. 80. 80. 80. 80. 80. 80. 80. 80.
  181  79. 79. 79. 79. 79. 79. 79. 79. 79. 79. 79. 79. 79. 79. 79. 79. 79. 79. 79. 79. 79. 79. 79. 79. 79. 79. 79. 79. 79. 79. 79. 79. 79. 79. 79. 79. 79. 79. 79. 79. 79. 79. 79. 79. 79. 79. 79. 79. 79. 79. 79. 79. 79. 79. 79. 79. 79. 79. 79. 79. 79. 79. 79. 79. 79. 79. 79. 79. 79. 79. 79. 79. 79. 79. 79. 79. 79. 79. 79. 79. 79. 79. 79. 79. 79. 79. 79. 79. 79. 79. 79. 79. 79. 79. 79. 79. 79. 79. 79. 79. 79. 79. 79. 79. 79. 79. 79. 79. 79. 79. 79. 79. 79. 79. 79. 79. 79. 79. 79. 79. 79. 79. 79. 79. 80. 80. 80. 80. 80. 80. 80. 80. 80. 80. 80. 80. 80. 80. 80. 80. 80. 80. 80. 80. 80. 80. 80. 80. 80. 80.
  180  79. 79. 79. 79. 79. 79. 79. 79. 79. 79. 79. 79. 79. 79. 79. 79. 79. 79. 79. 79. 79. 79. 79. 79. 79. 79. 79. 79. 79. 79. 79. 79. 79. 79. 79. 79. 79. 79. 79. 79. 79. 79. 79. 79. 79. 79. 79. 79. 79. 79. 79. 79. 79. 79. 79. 79. 79. 79. 79. 79. 79. 79. 79. 79. 79. 79. 79. 79. 79. 79. 79. 79. 79. 79. 79. 79. 79. 79. 79. 79. 79. 79. 79. 79. 79. 79. 79. 79. 79. 79. 79. 79. 79. 79. 79. 79. 79. 79. 79. 79. 79. 79. 79. 79. 79. 79. 79. 79. 79. 79. 79. 79. 79. 79. 79. 79. 79. 79. 79. 79. 79. 79. 79. 79. 79. 80. 80. 80. 80. 80. 80. 80. 80. 80. 80. 80. 80. 80. 80. 80. 80. 80. 80. 80. 80. 80. 80. 80. 80. 80.
  179  79. 79. 79. 79. 79. 79. 79. 79. 79. 79. 79. 79. 79. 79. 79. 79. 79. 79. 79. 79. 79. 79. 79. 79. 79. 79. 79. 79. 79. 79. 79. 79. 79. 79. 79. 79. 79. 79. 79. 79. 79. 79. 79. 79. 79. 79. 79. 79. 79. 79. 79. 79. 79. 79. 79. 79. 79. 79. 79. 79. 79. 79. 79. 79. 79. 79. 79. 79. 79. 79. 79. 79. 79. 79. 79. 79. 79. 79. 79. 79. 79. 79. 79. 79. 79. 79. 79. 79. 79. 79. 79. 79. 79. 79. 79. 79. 79. 79. 79. 79. 79. 79. 79. 79. 79. 79. 79. 79. 79. 79. 79. 79. 79. 79. 79. 79. 79. 79. 79. 79. 79. 79. 79. 79. 79. 80. 80. 80. 80. 80. 80. 80. 80. 80. 80. 80. 80. 80. 80. 80. 80. 80. 80. 80. 80. 80. 80. 80. 80. 80.
  178  79. 79. 79. 79. 79. 79. 79. 79. 79. 79. 79. 79. 79. 79. 79. 79. 79. 79. 79. 79. 79. 79. 79. 79. 79. 79. 79. 79. 79. 79. 79. 79. 79. 79. 79. 79. 79. 79. 79. 79. 79. 79. 79. 79. 79. 79. 79. 79. 79. 79. 79. 79. 79. 79. 79. 79. 79. 79. 79. 79. 79. 79. 79. 79. 79. 79. 79. 79. 79. 79. 79. 79. 79. 79. 79. 79. 79. 79. 79. 79. 79. 79. 79. 79. 79. 79. 79. 79. 79. 79. 79. 79. 79. 79. 79. 79. 79. 79. 79. 79. 79. 79. 79. 79. 79. 79. 79. 79. 79. 79. 79. 79. 79. 79. 79. 79. 79. 79. 79. 79. 79. 79. 79. 79. 79. 80. 80. 80. 80. 80. 80. 80. 80. 80. 80. 80. 80. 80. 80. 80. 80. 80. 80. 80. 80. 80. 80. 80. 80. 80.
  177  79. 79. 79. 79. 79. 79. 79. 79. 79. 79. 79. 79. 79. 79. 79. 79. 79. 79. 79. 79. 79. 79. 79. 79. 79. 79. 79. 79. 79. 79. 79. 79. 79. 79. 79. 79. 79. 79. 79. 79. 79. 79. 79. 79. 79. 79. 79. 79. 79. 79. 79. 79. 79. 79. 79. 79. 79. 79. 79. 79. 79. 79. 79. 79. 79. 79. 79. 79. 79. 79. 79. 79. 79. 79. 79. 79. 79. 79. 79. 79. 79. 79. 79. 79. 79. 79. 79. 79. 79. 79. 79. 79. 79. 79. 79. 79. 79. 79. 79. 79. 79. 79. 79. 79. 79. 79. 79. 79. 79. 79. 79. 79. 79. 79. 79. 79. 79. 79. 79. 79. 79. 79. 79. 79. 79. 80. 80. 80. 80. 80. 80. 80. 80. 80. 80. 80. 80. 80. 80. 80. 80. 80. 80. 80. 80. 80. 80. 80. 80. 80.
  176  79. 79. 79. 79. 79. 79. 79. 79. 79. 79. 79. 79. 79. 79. 79. 79. 79. 79. 79. 79. 79. 79. 79. 79. 79. 79. 79. 79. 79. 79. 79. 79. 79. 79. 79. 79. 79. 79. 79. 79. 79. 79. 79. 79. 79. 79. 79. 79. 79. 79. 79. 79. 79. 79. 79. 79. 79. 79. 79. 79. 79. 79. 79. 79. 79. 79. 79. 79. 79. 79. 79. 79. 79. 79. 79. 79. 79. 79. 79. 79. 79. 79. 79. 79. 79. 79. 79. 79. 79. 79. 79. 79. 79. 79. 79. 79. 79. 79. 79. 79. 79. 79. 79. 79. 79. 79. 79. 79. 79. 79. 79. 79. 79. 79. 79. 79. 79. 79. 79. 79. 79. 79. 79. 79. 79. 80. 80. 80. 80. 80. 80. 80. 80. 80. 80. 80. 80. 80. 80. 80. 80. 80. 80. 80. 80. 80. 80. 80. 80. 80.
  175  79. 79. 79. 79. 79. 79. 79. 79. 79. 79. 79. 79. 79. 79. 79. 79. 79. 79. 79. 79. 79. 79. 79. 79. 79. 79. 79. 79. 79. 79. 79. 79. 79. 79. 79. 79. 79. 79. 79. 79. 79. 79. 79. 79. 79. 79. 79. 79. 79. 79. 79. 79. 79. 79. 79. 79. 79. 79. 79. 79. 79. 79. 79. 79. 79. 79. 79. 79. 79. 79. 79. 79. 79. 79. 79. 79. 79. 79. 79. 79. 79. 79. 79. 79. 79. 79. 79. 79. 79. 79. 79. 79. 79. 79. 79. 79. 79. 79. 79. 79. 79. 79. 79. 79. 79. 79. 79. 79. 79. 79. 79. 79. 79. 79. 79. 79. 79. 79. 79. 79. 79. 79. 79. 79. 79. 79. 80. 80. 80. 80. 80. 80. 80. 80. 80. 80. 80. 80. 80. 80. 80. 80. 80. 80. 80. 80. 80. 80. 80. 80.
  174  79. 79. 79. 79. 79. 79. 79. 79. 79. 79. 79. 79. 79. 79. 79. 79. 79. 79. 79. 79. 79. 79. 79. 79. 79. 79. 79. 79. 79. 79. 79. 79. 79. 79. 79. 79. 79. 79. 79. 79. 79. 79. 79. 79. 79. 79. 79. 79. 79. 79. 79. 79. 79. 79. 79. 79. 79. 79. 79. 79. 79. 79. 79. 79. 79. 79. 79. 79. 79. 79. 79. 79. 79. 79. 79. 79. 79. 79. 79. 79. 79. 79. 79. 79. 79. 79. 79. 79. 79. 79. 79. 79. 79. 79. 79. 79. 79. 79. 79. 79. 79. 79. 79. 79. 79. 79. 79. 79. 79. 79. 79. 79. 79. 79. 79. 79. 79. 79. 79. 79. 79. 79. 79. 79. 79. 79. 80. 80. 80. 80. 80. 80. 80. 80. 80. 80. 80. 80. 80. 80. 80. 80. 80. 80. 80. 80. 80. 80. 80. 80.
  173  79. 79. 79. 79. 79. 79. 79. 79. 79. 79. 79. 79. 79. 79. 79. 79. 79. 79. 79. 79. 79. 79. 79. 79. 79. 79. 79. 79. 79. 79. 79. 79. 79. 79. 79. 79. 79. 79. 79. 79. 79. 79. 79. 79. 79. 79. 79. 79. 79. 79. 79. 79. 79. 79. 79. 79. 79. 79. 79. 79. 79. 79. 79. 79. 79. 79. 79. 79. 79. 79. 79. 79. 79. 79. 79. 79. 79. 79. 79. 79. 79. 79. 79. 79. 79. 79. 79. 79. 79. 79. 79. 79. 79. 79. 79. 79. 79. 79. 79. 79. 79. 79. 79. 79. 79. 79. 79. 79. 79. 79. 79. 79. 79. 79. 79. 79. 79. 79. 79. 79. 79. 79. 79. 79. 79. 79. 80. 80. 80. 80. 80. 80. 80. 80. 80. 80. 80. 80. 80. 80. 80. 80. 80. 80. 80. 80. 80. 80. 80. 80.
  172  79. 79. 79. 79. 79. 79. 79. 79. 79. 79. 79. 79. 79. 79. 79. 79. 79. 79. 79. 79. 79. 79. 79. 79. 79. 79. 79. 79. 79. 79. 79. 79. 79. 79. 79. 79. 79. 79. 79. 79. 79. 79. 79. 79. 79. 79. 79. 79. 79. 79. 79. 79. 79. 79. 79. 79. 79. 79. 79. 79. 79. 79. 79. 79. 79. 79. 79. 79. 79. 79. 79. 79. 79. 79. 79. 79. 79. 79. 79. 79. 79. 79. 79. 79. 79. 79. 79. 79. 79. 79. 79. 79. 79. 79. 79. 79. 79. 79. 79. 79. 79. 79. 79. 79. 79. 79. 79. 79. 79. 79. 79. 79. 79. 79. 79. 79. 79. 79. 79. 79. 79. 79. 79. 79. 79. 79. 80. 80. 80. 80. 80. 80. 80. 80. 80. 80. 80. 80. 80. 80. 80. 80. 80. 80. 80. 80. 80. 80. 80. 80.
  171  79. 79. 79. 79. 79. 79. 79. 79. 79. 79. 79. 79. 79. 79. 79. 79. 79. 79. 79. 79. 79. 79. 79. 79. 79. 79. 79. 79. 79. 79. 79. 79. 79. 79. 79. 79. 79. 79. 79. 79. 79. 79. 79. 79. 79. 79. 79. 79. 79. 79. 79. 79. 79. 79. 79. 79. 79. 79. 79. 79. 79. 79. 79. 79. 79. 79. 79. 79. 79. 79. 79. 79. 79. 79. 79. 79. 79. 79. 79. 79. 79. 79. 79. 79. 79. 79. 79. 79. 79. 79. 79. 79. 79. 79. 79. 79. 79. 79. 79. 79. 79. 79. 79. 79. 79. 79. 79. 79. 79. 79. 79. 79. 79. 79. 79. 79. 79. 79. 79. 79. 79. 79. 79. 79. 79. 79. 80. 80. 80. 80. 80. 80. 80. 80. 80. 80. 80. 80. 80. 80. 80. 80. 80. 80. 80. 80. 80. 80. 80. 80.
  170  79. 79. 79. 79. 79. 79. 79. 79. 79. 79. 79. 79. 79. 79. 79. 79. 79. 79. 79. 79. 79. 79. 79. 79. 79. 79. 79. 79. 79. 79. 79. 79. 79. 79. 79. 79. 79. 79. 79. 79. 79. 79. 79. 79. 79. 79. 79. 79. 79. 79. 79. 79. 79. 79. 79. 79. 79. 79. 79. 79. 79. 79. 79. 79. 79. 79. 79. 79. 79. 79. 79. 79. 79. 79. 79. 79. 79. 79. 79. 79. 79. 79. 79. 79. 79. 79. 79. 79. 79. 79. 79. 79. 79. 79. 79. 79. 79. 79. 79. 79. 79. 79. 79. 79. 79. 79. 79. 79. 79. 79. 79. 79. 79. 79. 79. 79. 79. 79. 79. 79. 79. 79. 79. 79. 79. 79. 79. 80. 80. 80. 80. 80. 80. 80. 80. 80. 80. 80. 80. 80. 80. 80. 80. 80. 80. 80. 80. 80. 80. 80.
  169  79. 79. 79. 79. 79. 79. 79. 79. 79. 79. 79. 79. 79. 79. 79. 79. 79. 79. 79. 79. 79. 79. 79. 79. 79. 79. 79. 79. 79. 79. 79. 79. 79. 79. 79. 79. 79. 79. 79. 79. 79. 79. 79. 79. 79. 79. 79. 79. 79. 79. 79. 79. 79. 79. 79. 79. 79. 79. 79. 79. 79. 79. 79. 79. 79. 79. 79. 79. 79. 79. 79. 79. 79. 79. 79. 79. 79. 79. 79. 79. 79. 79. 79. 79. 79. 79. 79. 79. 79. 79. 79. 79. 79. 79. 79. 79. 79. 79. 79. 79. 79. 79. 79. 79. 79. 79. 79. 79. 79. 79. 79. 79. 79. 79. 79. 79. 79. 79. 79. 79. 79. 79. 79. 79. 79. 79. 79. 80. 80. 80. 80. 80. 80. 80. 80. 80. 80. 80. 80. 80. 80. 80. 80. 80. 80. 80. 80. 80. 80. 80.
  168  79. 79. 79. 79. 79. 79. 79. 79. 79. 79. 79. 79. 79. 79. 79. 79. 79. 79. 79. 79. 79. 79. 79. 79. 79. 79. 79. 79. 79. 79. 79. 79. 79. 79. 79. 79. 79. 79. 79. 79. 79. 79. 79. 79. 79. 79. 79. 79. 79. 79. 79. 79. 79. 79. 79. 79. 79. 79. 79. 79. 79. 79. 79. 79. 79. 79. 79. 79. 79. 79. 79. 79. 79. 79. 79. 79. 79. 79. 79. 79. 79. 79. 79. 79. 79. 79. 79. 79. 79. 79. 79. 79. 79. 79. 79. 79. 79. 79. 79. 79. 79. 79. 79. 79. 79. 79. 79. 79. 79. 79. 79. 79. 79. 79. 79. 79. 79. 79. 79. 79. 79. 79. 79. 79. 79. 79. 79. 80. 80. 80. 80. 80. 80. 80. 80. 80. 80. 80. 80. 80. 80. 80. 80. 80. 80. 80. 80. 80. 80. 80.
  167  79. 79. 79. 79. 79. 79. 79. 79. 79. 79. 79. 79. 79. 79. 79. 79. 79. 79. 79. 79. 79. 79. 79. 79. 79. 79. 79. 79. 79. 79. 79. 79. 79. 79. 79. 79. 79. 79. 79. 79. 79. 79. 79. 79. 79. 79. 79. 79. 79. 79. 79. 79. 79. 79. 79. 79. 79. 79. 79. 79. 79. 79. 79. 79. 79. 79. 79. 79. 79. 79. 79. 79. 79. 79. 79. 79. 79. 79. 79. 79. 79. 79. 79. 79. 79. 79. 79. 79. 79. 79. 79. 79. 79. 79. 79. 79. 79. 79. 79. 79. 79. 79. 79. 79. 79. 79. 79. 79. 79. 79. 79. 79. 79. 79. 79. 79. 79. 79. 79. 79. 79. 79. 79. 79. 79. 79. 79. 80. 80. 80. 80. 80. 80. 80. 80. 80. 80. 80. 80. 80. 80. 80. 80. 80. 80. 80. 80. 80. 80. 80.
  166  79. 79. 79. 79. 79. 79. 79. 79. 79. 79. 79. 79. 79. 79. 79. 79. 79. 79. 79. 79. 79. 79. 79. 79. 79. 79. 79. 79. 79. 79. 79. 79. 79. 79. 79. 79. 79. 79. 79. 79. 79. 79. 79. 79. 79. 79. 79. 79. 79. 79. 79. 79. 79. 79. 79. 79. 79. 79. 79. 79. 79. 79. 79. 79. 79. 79. 79. 79. 79. 79. 79. 79. 79. 79. 79. 79. 79. 79. 79. 79. 79. 79. 79. 79. 79. 79. 79. 79. 79. 79. 79. 79. 79. 79. 79. 79. 79. 79. 79. 79. 79. 79. 79. 79. 79. 79. 79. 79. 79. 79. 79. 79. 79. 79. 79. 79. 79. 79. 79. 79. 79. 79. 79. 79. 79. 79. 79. 80. 80. 80. 80. 80. 80. 80. 80. 80. 80. 80. 80. 80. 80. 80. 80. 80. 80. 80. 80. 80. 80. 80.
  165  79. 79. 79. 79. 79. 79. 79. 79. 79. 79. 79. 79. 79. 79. 79. 79. 79. 79. 79. 79. 79. 79. 79. 79. 79. 79. 79. 79. 79. 79. 79. 79. 79. 79. 79. 79. 79. 79. 79. 79. 79. 79. 79. 79. 79. 79. 79. 79. 79. 79. 79. 79. 79. 79. 79. 79. 79. 79. 79. 79. 79. 79. 79. 79. 79. 79. 79. 79. 79. 79. 79. 79. 79. 79. 79. 79. 79. 79. 79. 79. 79. 79. 79. 79. 79. 79. 79. 79. 79. 79. 79. 79. 79. 79. 79. 79. 79. 79. 79. 79. 79. 79. 79. 79. 79. 79. 79. 79. 79. 79. 79. 79. 79. 79. 79. 79. 79. 79. 79. 79. 79. 79. 79. 79. 79. 79. 79. 80. 80. 80. 80. 80. 80. 80. 80. 80. 80. 80. 80. 80. 80. 80. 80. 80. 80. 80. 80. 80. 80. 80.
  164  79. 79. 79. 79. 79. 79. 79. 79. 79. 79. 79. 79. 79. 79. 79. 79. 79. 79. 79. 79. 79. 79. 79. 79. 79. 79. 79. 79. 79. 79. 79. 79. 79. 79. 79. 79. 79. 79. 79. 79. 79. 79. 79. 79. 79. 79. 79. 79. 79. 79. 79. 79. 79. 79. 79. 79. 79. 79. 79. 79. 79. 79. 79. 79. 79. 79. 79. 79. 79. 79. 79. 79. 79. 79. 79. 79. 79. 79. 79. 79. 79. 79. 79. 79. 79. 79. 79. 79. 79. 79. 79. 79. 79. 79. 79. 79. 79. 79. 79. 79. 79. 79. 79. 79. 79. 79. 79. 79. 79. 79. 79. 79. 79. 79. 79. 79. 79. 79. 79. 79. 79. 79. 79. 79. 79. 79. 79. 79. 80. 80. 80. 80. 80. 80. 80. 80. 80. 80. 80. 80. 80. 80. 80. 80. 80. 80. 80. 80. 80. 80.
  163  79. 79. 79. 79. 79. 79. 79. 79. 79. 79. 79. 79. 79. 79. 79. 79. 79. 79. 79. 79. 79. 79. 79. 79. 79. 79. 79. 79. 79. 79. 79. 79. 79. 79. 79. 79. 79. 79. 79. 79. 79. 79. 79. 79. 79. 79. 79. 79. 79. 79. 79. 79. 79. 79. 79. 79. 79. 79. 79. 79. 79. 79. 79. 79. 79. 79. 79. 79. 79. 79. 79. 79. 79. 79. 79. 79. 79. 79. 79. 79. 79. 79. 79. 79. 79. 79. 79. 79. 79. 79. 79. 79. 79. 79. 79. 79. 79. 79. 79. 79. 79. 79. 79. 79. 79. 79. 79. 79. 79. 79. 79. 79. 79. 79. 79. 79. 79. 79. 79. 79. 79. 79. 79. 79. 79. 79. 79. 79. 80. 80. 80. 80. 80. 80. 80. 80. 80. 80. 80. 80. 80. 80. 80. 80. 80. 80. 80. 80. 80. 80.
  162  79. 79. 79. 79. 79. 79. 79. 79. 79. 79. 79. 79. 79. 79. 79. 79. 79. 79. 79. 79. 79. 79. 79. 79. 79. 79. 79. 79. 79. 79. 79. 79. 79. 79. 79. 79. 79. 79. 79. 79. 79. 79. 79. 79. 79. 79. 79. 79. 79. 79. 79. 79. 79. 79. 79. 79. 79. 79. 79. 79. 79. 79. 79. 79. 79. 79. 79. 79. 79. 79. 79. 79. 79. 79. 79. 79. 79. 79. 79. 79. 79. 79. 79. 79. 79. 79. 79. 79. 79. 79. 79. 79. 79. 79. 79. 79. 79. 79. 79. 79. 79. 79. 79. 79. 79. 79. 79. 79. 79. 79. 79. 79. 79. 79. 79. 79. 79. 79. 79. 79. 79. 79. 79. 79. 79. 79. 79. 79. 80. 80. 80. 80. 80. 80. 80. 80. 80. 80. 80. 80. 80. 80. 80. 80. 80. 80. 80. 80. 80. 80.
  161  79. 79. 79. 79. 79. 79. 79. 79. 79. 79. 79. 79. 79. 79. 79. 79. 79. 79. 79. 79. 79. 79. 79. 79. 79. 79. 79. 79. 79. 79. 79. 79. 79. 79. 79. 79. 79. 79. 79. 79. 79. 79. 79. 79. 79. 79. 79. 79. 79. 79. 79. 79. 79. 79. 79. 79. 79. 79. 79. 79. 79. 79. 79. 79. 79. 79. 79. 79. 79. 79. 79. 79. 79. 79. 79. 79. 79. 79. 79. 79. 79. 79. 79. 79. 79. 79. 79. 79. 79. 79. 79. 79. 79. 79. 79. 79. 79. 79. 79. 79. 79. 79. 79. 79. 79. 79. 79. 79. 79. 79. 79. 79. 79. 79. 79. 79. 79. 79. 79. 79. 79. 79. 79. 79. 79. 79. 79. 79. 80. 80. 80. 80. 80. 80. 80. 80. 80. 80. 80. 80. 80. 80. 80. 80. 80. 80. 80. 80. 80. 80.
  160  79. 79. 79. 79. 79. 79. 79. 79. 79. 79. 79. 79. 79. 79. 79. 79. 79. 79. 79. 79. 79. 79. 79. 79. 79. 79. 79. 79. 79. 79. 79. 79. 79. 79. 79. 79. 79. 79. 79. 79. 79. 79. 79. 79. 79. 79. 79. 79. 79. 79. 79. 79. 79. 79. 79. 79. 79. 79. 79. 79. 79. 79. 79. 79. 79. 79. 79. 79. 79. 79. 79. 79. 79. 79. 79. 79. 79. 79. 79. 79. 79. 79. 79. 79. 79. 79. 79. 79. 79. 79. 79. 79. 79. 79. 79. 79. 79. 79. 79. 79. 79. 79. 79. 79. 79. 79. 79. 79. 79. 79. 79. 79. 79. 79. 79. 79. 79. 79. 79. 79. 79. 79. 79. 79. 79. 79. 79. 79. 80. 80. 80. 80. 80. 80. 80. 80. 80. 80. 80. 80. 80. 80. 80. 80. 80. 80. 80. 80. 80. 80.
  159  79. 79. 79. 79. 79. 79. 79. 79. 79. 79. 79. 79. 79. 79. 79. 79. 79. 79. 79. 79. 79. 79. 79. 79. 79. 79. 79. 79. 79. 79. 79. 79. 79. 79. 79. 79. 79. 79. 79. 79. 79. 79. 79. 79. 79. 79. 79. 79. 79. 79. 79. 79. 79. 79. 79. 79. 79. 79. 79. 79. 79. 79. 79. 79. 79. 79. 79. 79. 79. 79. 79. 79. 79. 79. 79. 79. 79. 79. 79. 79. 79. 79. 79. 79. 79. 79. 79. 79. 79. 79. 79. 79. 79. 79. 79. 79. 79. 79. 79. 79. 79. 79. 79. 79. 79. 79. 79. 79. 79. 79. 79. 79. 79. 79. 79. 79. 79. 79. 79. 79. 79. 79. 79. 79. 79. 79. 79. 79. 80. 80. 80. 80. 80. 80. 80. 80. 80. 80. 80. 80. 80. 80. 80. 80. 80. 80. 80. 80. 80. 80.
  158  79. 79. 79. 79. 79. 79. 79. 79. 79. 79. 79. 79. 79. 79. 79. 79. 79. 79. 79. 79. 79. 79. 79. 79. 79. 79. 79. 79. 79. 79. 79. 79. 79. 79. 79. 79. 79. 79. 79. 79. 79. 79. 79. 79. 79. 79. 79. 79. 79. 79. 79. 79. 79. 79. 79. 79. 79. 79. 79. 79. 79. 79. 79. 79. 79. 79. 79. 79. 79. 79. 79. 79. 79. 79. 79. 79. 79. 79. 79. 79. 79. 79. 79. 79. 79. 79. 79. 79. 79. 79. 79. 79. 79. 79. 79. 79. 79. 79. 79. 79. 79. 79. 79. 79. 79. 79. 79. 79. 79. 79. 79. 79. 79. 79. 79. 79. 79. 79. 79. 79. 79. 79. 79. 79. 79. 79. 79. 79. 79. 80. 80. 80. 80. 80. 80. 80. 80. 80. 80. 80. 80. 80. 80. 80. 80. 80. 80. 80. 80. 80.
  157  79. 79. 79. 79. 79. 79. 79. 79. 79. 79. 79. 79. 79. 79. 79. 79. 79. 79. 79. 79. 79. 79. 79. 79. 79. 79. 79. 79. 79. 79. 79. 79. 79. 79. 79. 79. 79. 79. 79. 79. 79. 79. 79. 79. 79. 79. 79. 79. 79. 79. 79. 79. 79. 79. 79. 79. 79. 79. 79. 79. 79. 79. 79. 79. 79. 79. 79. 79. 79. 79. 79. 79. 79. 79. 79. 79. 79. 79. 79. 79. 79. 79. 79. 79. 79. 79. 79. 79. 79. 79. 79. 79. 79. 79. 79. 79. 79. 79. 79. 79. 79. 79. 79. 79. 79. 79. 79. 79. 79. 79. 79. 79. 79. 79. 79. 79. 79. 79. 79. 79. 79. 79. 79. 79. 79. 79. 79. 79. 79. 80. 80. 80. 80. 80. 80. 80. 80. 80. 80. 80. 80. 80. 80. 80. 80. 80. 80. 80. 80. 80.
  156  79. 79. 79. 79. 79. 79. 79. 79. 79. 79. 79. 79. 79. 79. 79. 79. 79. 79. 79. 79. 79. 79. 79. 79. 79. 79. 79. 79. 79. 79. 79. 79. 79. 79. 79. 79. 79. 79. 79. 79. 79. 79. 79. 79. 79. 79. 79. 79. 79. 79. 79. 79. 79. 79. 79. 79. 79. 79. 79. 79. 79. 79. 79. 79. 79. 79. 79. 79. 79. 79. 79. 79. 79. 79. 79. 79. 79. 79. 79. 79. 79. 79. 79. 79. 79. 79. 79. 79. 79. 79. 79. 79. 79. 79. 79. 79. 79. 79. 79. 79. 79. 79. 79. 79. 79. 79. 79. 79. 79. 79. 79. 79. 79. 79. 79. 79. 79. 79. 79. 79. 79. 79. 79. 79. 79. 79. 79. 79. 79. 80. 80. 80. 80. 80. 80. 80. 80. 80. 80. 80. 80. 80. 80. 80. 80. 80. 80. 80. 80. 80.
  155  79. 79. 79. 79. 79. 79. 79. 79. 79. 79. 79. 79. 79. 79. 79. 79. 79. 79. 79. 79. 79. 79. 79. 79. 79. 79. 79. 79. 79. 79. 79. 79. 79. 79. 79. 79. 79. 79. 79. 79. 79. 79. 79. 79. 79. 79. 79. 79. 79. 79. 79. 79. 79. 79. 79. 79. 79. 79. 79. 79. 79. 79. 79. 79. 79. 79. 79. 79. 79. 79. 79. 79. 79. 79. 79. 79. 79. 79. 79. 79. 79. 79. 79. 79. 79. 79. 79. 79. 79. 79. 79. 79. 79. 79. 79. 79. 79. 79. 79. 79. 79. 79. 79. 79. 79. 79. 79. 79. 79. 79. 79. 79. 79. 79. 79. 79. 79. 79. 79. 79. 79. 79. 79. 79. 79. 79. 79. 79. 79. 80. 80. 80. 80. 80. 80. 80. 80. 80. 80. 80. 80. 80. 80. 80. 80. 80. 80. 80. 80. 80.
  154  79. 79. 79. 79. 79. 79. 79. 79. 79. 79. 79. 79. 79. 79. 79. 79. 79. 79. 79. 79. 79. 79. 79. 79. 79. 79. 79. 79. 79. 79. 79. 79. 79. 79. 79. 79. 79. 79. 79. 79. 79. 79. 79. 79. 79. 79. 79. 79. 79. 79. 79. 79. 79. 79. 79. 79. 79. 79. 79. 79. 79. 79. 79. 79. 79. 79. 79. 79. 79. 79. 79. 79. 79. 79. 79. 79. 79. 79. 79. 79. 79. 79. 79. 79. 79. 79. 79. 79. 79. 79. 79. 79. 79. 79. 79. 79. 79. 79. 79. 79. 79. 79. 79. 79. 79. 79. 79. 79. 79. 79. 79. 79. 79. 79. 79. 79. 79. 79. 79. 79. 79. 79. 79. 79. 79. 79. 79. 79. 79. 80. 80. 80. 80. 80. 80. 80. 80. 80. 80. 80. 80. 80. 80. 80. 80. 80. 80. 80. 80. 80.
  153  79. 79. 79. 79. 79. 79. 79. 79. 79. 79. 79. 79. 79. 79. 79. 79. 79. 79. 79. 79. 79. 79. 79. 79. 79. 79. 79. 79. 79. 79. 79. 79. 79. 79. 79. 79. 79. 79. 79. 79. 79. 79. 79. 79. 79. 79. 79. 79. 79. 79. 79. 79. 79. 79. 79. 79. 79. 79. 79. 79. 79. 79. 79. 79. 79. 79. 79. 79. 79. 79. 79. 79. 79. 79. 79. 79. 79. 79. 79. 79. 79. 79. 79. 79. 79. 79. 79. 79. 79. 79. 79. 79. 79. 79. 79. 79. 79. 79. 79. 79. 79. 79. 79. 79. 79. 79. 79. 79. 79. 79. 79. 79. 79. 79. 79. 79. 79. 79. 79. 79. 79. 79. 79. 79. 79. 79. 79. 79. 79. 80. 80. 80. 80. 80. 80. 80. 80. 80. 80. 80. 80. 80. 80. 80. 80. 80. 80. 80. 80. 80.
  152  79. 79. 79. 79. 79. 79. 79. 79. 79. 79. 79. 79. 79. 79. 79. 79. 79. 79. 79. 79. 79. 79. 79. 79. 79. 79. 79. 79. 79. 79. 79. 79. 79. 79. 79. 79. 79. 79. 79. 79. 79. 79. 79. 79. 79. 79. 79. 79. 79. 79. 79. 79. 79. 79. 79. 79. 79. 79. 79. 79. 79. 79. 79. 79. 79. 79. 79. 79. 79. 79. 79. 79. 79. 79. 79. 79. 79. 79. 79. 79. 79. 79. 79. 79. 79. 79. 79. 79. 79. 79. 79. 79. 79. 79. 79. 79. 79. 79. 79. 79. 79. 79. 79. 79. 79. 79. 79. 79. 79. 79. 79. 79. 79. 79. 79. 79. 79. 79. 79. 79. 79. 79. 79. 79. 79. 79. 79. 79. 79. 79. 80. 80. 80. 80. 80. 80. 80. 80. 80. 80. 80. 80. 80. 80. 80. 80. 80. 80. 80. 80.
  151  79. 79. 79. 79. 79. 79. 79. 79. 79. 79. 79. 79. 79. 79. 79. 79. 79. 79. 79. 79. 79. 79. 79. 79. 79. 79. 79. 79. 79. 79. 79. 79. 79. 79. 79. 79. 79. 79. 79. 79. 79. 79. 79. 79. 79. 79. 79. 79. 79. 79. 79. 79. 79. 79. 79. 79. 79. 79. 79. 79. 79. 79. 79. 79. 79. 79. 79. 79. 79. 79. 79. 79. 79. 79. 79. 79. 79. 79. 79. 79. 79. 79. 79. 79. 79. 79. 79. 79. 79. 79. 79. 79. 79. 79. 79. 79. 79. 79. 79. 79. 79. 79. 79. 79. 79. 79. 79. 79. 79. 79. 79. 79. 79. 79. 79. 79. 79. 79. 79. 79. 79. 79. 79. 79. 79. 79. 79. 79. 79. 79. 80. 80. 80. 80. 80. 80. 80. 80. 80. 80. 80. 80. 80. 80. 80. 80. 80. 80. 80. 80.
  150  79. 79. 79. 79. 79. 79. 79. 79. 79. 79. 79. 79. 79. 79. 79. 79. 79. 79. 79. 79. 79. 79. 79. 79. 79. 79. 79. 79. 79. 79. 79. 79. 79. 79. 79. 79. 79. 79. 79. 79. 79. 79. 79. 79. 79. 79. 79. 79. 79. 79. 79. 79. 79. 79. 79. 79. 79. 79. 79. 79. 79. 79. 79. 79. 79. 79. 79. 79. 79. 79. 79. 79. 79. 79. 79. 79. 79. 79. 79. 79. 79. 79. 79. 79. 79. 79. 79. 79. 79. 79. 79. 79. 79. 79. 79. 79. 79. 79. 79. 79. 79. 79. 79. 79. 79. 79. 79. 79. 79. 79. 79. 79. 79. 79. 79. 79. 79. 79. 79. 79. 79. 79. 79. 79. 79. 79. 79. 79. 79. 79. 80. 80. 80. 80. 80. 80. 80. 80. 80. 80. 80. 80. 80. 80. 80. 80. 80. 80. 80. 80.
  149  79. 79. 79. 79. 79. 79. 79. 79. 79. 79. 79. 79. 79. 79. 79. 79. 79. 79. 79. 79. 79. 79. 79. 79. 79. 79. 79. 79. 79. 79. 79. 79. 79. 79. 79. 79. 79. 79. 79. 79. 79. 79. 79. 79. 79. 79. 79. 79. 79. 79. 79. 79. 79. 79. 79. 79. 79. 79. 79. 79. 79. 79. 79. 79. 79. 79. 79. 79. 79. 79. 79. 79. 79. 79. 79. 79. 79. 79. 79. 79. 79. 79. 79. 79. 79. 79. 79. 79. 79. 79. 79. 79. 79. 79. 79. 79. 79. 79. 79. 79. 79. 79. 79. 79. 79. 79. 79. 79. 79. 79. 79. 79. 79. 79. 79. 79. 79. 79. 79. 79. 79. 79. 79. 79. 79. 79. 79. 79. 79. 79. 80. 80. 80. 80. 80. 80. 80. 80. 80. 80. 80. 80. 80. 80. 80. 80. 80. 80. 80. 80.
  148  79. 79. 79. 79. 79. 79. 79. 79. 79. 79. 79. 79. 79. 79. 79. 79. 79. 79. 79. 79. 79. 79. 79. 79. 79. 79. 79. 79. 79. 79. 79. 79. 79. 79. 79. 79. 79. 79. 79. 79. 79. 79. 79. 79. 79. 79. 79. 79. 79. 79. 79. 79. 79. 79. 79. 79. 79. 79. 79. 79. 79. 79. 79. 79. 79. 79. 79. 79. 79. 79. 79. 79. 79. 79. 79. 79. 79. 79. 79. 79. 79. 79. 79. 79. 79. 79. 79. 79. 79. 79. 79. 79. 79. 79. 79. 79. 79. 79. 79. 79. 79. 79. 79. 79. 79. 79. 79. 79. 79. 79. 79. 79. 79. 79. 79. 79. 79. 79. 79. 79. 79. 79. 79. 79. 79. 79. 79. 79. 79. 79. 80. 80. 80. 80. 80. 80. 80. 80. 80. 80. 80. 80. 80. 80. 80. 80. 80. 80. 80. 80.
  147  79. 79. 79. 79. 79. 79. 79. 79. 79. 79. 79. 79. 79. 79. 79. 79. 79. 79. 79. 79. 79. 79. 79. 79. 79. 79. 79. 79. 79. 79. 79. 79. 79. 79. 79. 79. 79. 79. 79. 79. 79. 79. 79. 79. 79. 79. 79. 79. 79. 79. 79. 79. 79. 79. 79. 79. 79. 79. 79. 79. 79. 79. 79. 79. 79. 79. 79. 79. 79. 79. 79. 79. 79. 79. 79. 79. 79. 79. 79. 79. 79. 79. 79. 79. 79. 79. 79. 79. 79. 79. 79. 79. 79. 79. 79. 79. 79. 79. 79. 79. 79. 79. 79. 79. 79. 79. 79. 79. 79. 79. 79. 79. 79. 79. 79. 79. 79. 79. 79. 79. 79. 79. 79. 79. 79. 79. 79. 79. 79. 79. 80. 80. 80. 80. 80. 80. 80. 80. 80. 80. 80. 80. 80. 80. 80. 80. 80. 80. 80. 80.
  146  79. 79. 79. 79. 79. 79. 79. 79. 79. 79. 79. 79. 79. 79. 79. 79. 79. 79. 79. 79. 79. 79. 79. 79. 79. 79. 79. 79. 79. 79. 79. 79. 79. 79. 79. 79. 79. 79. 79. 79. 79. 79. 79. 79. 79. 79. 79. 79. 79. 79. 79. 79. 79. 79. 79. 79. 79. 79. 79. 79. 79. 79. 79. 79. 79. 79. 79. 79. 79. 79. 79. 79. 79. 79. 79. 79. 79. 79. 79. 79. 79. 79. 79. 79. 79. 79. 79. 79. 79. 79. 79. 79. 79. 79. 79. 79. 79. 79. 79. 79. 79. 79. 79. 79. 79. 79. 79. 79. 79. 79. 79. 79. 79. 79. 79. 79. 79. 79. 79. 79. 79. 79. 79. 79. 79. 79. 79. 79. 79. 79. 79. 80. 80. 80. 80. 80. 80. 80. 80. 80. 80. 80. 80. 80. 80. 80. 80. 80. 80. 80.
  145  79. 79. 79. 79. 79. 79. 79. 79. 79. 79. 79. 79. 79. 79. 79. 79. 79. 79. 79. 79. 79. 79. 79. 79. 79. 79. 79. 79. 79. 79. 79. 79. 79. 79. 79. 79. 79. 79. 79. 79. 79. 79. 79. 79. 79. 79. 79. 79. 79. 79. 79. 79. 79. 79. 79. 79. 79. 79. 79. 79. 79. 79. 79. 79. 79. 79. 79. 79. 79. 79. 79. 79. 79. 79. 79. 79. 79. 79. 79. 79. 79. 79. 79. 79. 79. 79. 79. 79. 79. 79. 79. 79. 79. 79. 79. 79. 79. 79. 79. 79. 79. 79. 79. 79. 79. 79. 79. 79. 79. 79. 79. 79. 79. 79. 79. 79. 79. 79. 79. 79. 79. 79. 79. 79. 79. 79. 79. 79. 79. 79. 79. 80. 80. 80. 80. 80. 80. 80. 80. 80. 80. 80. 80. 80. 80. 80. 80. 80. 80. 80.
  144  79. 79. 79. 79. 79. 79. 79. 79. 79. 79. 79. 79. 79. 79. 79. 79. 79. 79. 79. 79. 79. 79. 79. 79. 79. 79. 79. 79. 79. 79. 79. 79. 79. 79. 79. 79. 79. 79. 79. 79. 79. 79. 79. 79. 79. 79. 79. 79. 79. 79. 79. 79. 79. 79. 79. 79. 79. 79. 79. 79. 79. 79. 79. 79. 79. 79. 79. 79. 79. 79. 79. 79. 79. 79. 79. 79. 79. 79. 79. 79. 79. 79. 79. 79. 79. 79. 79. 79. 79. 79. 79. 79. 79. 79. 79. 79. 79. 79. 79. 79. 79. 79. 79. 79. 79. 79. 79. 79. 79. 79. 79. 79. 79. 79. 79. 79. 79. 79. 79. 79. 79. 79. 79. 79. 79. 79. 79. 79. 79. 79. 79. 80. 80. 80. 80. 80. 80. 80. 80. 80. 80. 80. 80. 80. 80. 80. 80. 80. 80. 80.
  143  79. 79. 79. 79. 79. 79. 79. 79. 79. 79. 79. 79. 79. 79. 79. 79. 79. 79. 79. 79. 79. 79. 79. 79. 79. 79. 79. 79. 79. 79. 79. 79. 79. 79. 79. 79. 79. 79. 79. 79. 79. 79. 79. 79. 79. 79. 79. 79. 79. 79. 79. 79. 79. 79. 79. 79. 79. 79. 79. 79. 79. 79. 79. 79. 79. 79. 79. 79. 79. 79. 79. 79. 79. 79. 79. 79. 79. 79. 79. 79. 79. 79. 79. 79. 79. 79. 79. 79. 79. 79. 79. 79. 79. 79. 79. 79. 79. 79. 79. 79. 79. 79. 79. 79. 79. 79. 79. 79. 79. 79. 79. 79. 79. 79. 79. 79. 79. 79. 79. 79. 79. 79. 79. 79. 79. 79. 79. 79. 79. 79. 79. 80. 80. 80. 80. 80. 80. 80. 80. 80. 80. 80. 80. 80. 80. 80. 80. 80. 80. 80.
  142  79. 79. 79. 79. 79. 79. 79. 79. 79. 79. 79. 79. 79. 79. 79. 79. 79. 79. 79. 79. 79. 79. 79. 79. 79. 79. 79. 79. 79. 79. 79. 79. 79. 79. 79. 79. 79. 79. 79. 79. 79. 79. 79. 79. 79. 79. 79. 79. 79. 79. 79. 79. 79. 79. 79. 79. 79. 79. 79. 79. 79. 79. 79. 79. 79. 79. 79. 79. 79. 79. 79. 79. 79. 79. 79. 79. 79. 79. 79. 79. 79. 79. 79. 79. 79. 79. 79. 79. 79. 79. 79. 79. 79. 79. 79. 79. 79. 79. 79. 79. 79. 79. 79. 79. 79. 79. 79. 79. 79. 79. 79. 79. 79. 79. 79. 79. 79. 79. 79. 79. 79. 79. 79. 79. 79. 79. 79. 79. 79. 79. 79. 80. 80. 80. 80. 80. 80. 80. 80. 80. 80. 80. 80. 80. 80. 80. 80. 80. 80. 80.
  141  79. 79. 79. 79. 79. 79. 79. 79. 79. 79. 79. 79. 79. 79. 79. 79. 79. 79. 79. 79. 79. 79. 79. 79. 79. 79. 79. 79. 79. 79. 79. 79. 79. 79. 79. 79. 79. 79. 79. 79. 79. 79. 79. 79. 79. 79. 79. 79. 79. 79. 79. 79. 79. 79. 79. 79. 79. 79. 79. 79. 79. 79. 79. 79. 79. 79. 79. 79. 79. 79. 79. 79. 79. 79. 79. 79. 79. 79. 79. 79. 79. 79. 79. 79. 79. 79. 79. 79. 79. 79. 79. 79. 79. 79. 79. 79. 79. 79. 79. 79. 79. 79. 79. 79. 79. 79. 79. 79. 79. 79. 79. 79. 79. 79. 79. 79. 79. 79. 79. 79. 79. 79. 79. 79. 79. 79. 79. 79. 79. 79. 79. 80. 80. 80. 80. 80. 80. 80. 80. 80. 80. 80. 80. 80. 80. 80. 80. 80. 80. 80.
  140  79. 79. 79. 79. 79. 79. 79. 79. 79. 79. 79. 79. 79. 79. 79. 79. 79. 79. 79. 79. 79. 79. 79. 79. 79. 79. 79. 79. 79. 79. 79. 79. 79. 79. 79. 79. 79. 79. 79. 79. 79. 79. 79. 79. 79. 79. 79. 79. 79. 79. 79. 79. 79. 79. 79. 79. 79. 79. 79. 79. 79. 79. 79. 79. 79. 79. 79. 79. 79. 79. 79. 79. 79. 79. 79. 79. 79. 79. 79. 79. 79. 79. 79. 79. 79. 79. 79. 79. 79. 79. 79. 79. 79. 79. 79. 79. 79. 79. 79. 79. 79. 79. 79. 79. 79. 79. 79. 79. 79. 79. 79. 79. 79. 79. 79. 79. 79. 79. 79. 79. 79. 79. 79. 79. 79. 79. 79. 79. 79. 79. 79. 80. 80. 80. 80. 80. 80. 80. 80. 80. 80. 80. 80. 80. 80. 80. 80. 80. 80. 80.
  139  79. 79. 79. 79. 79. 79. 79. 79. 79. 79. 79. 79. 79. 79. 79. 79. 79. 79. 79. 79. 79. 79. 79. 79. 79. 79. 79. 79. 79. 79. 79. 79. 79. 79. 79. 79. 79. 79. 79. 79. 79. 79. 79. 79. 79. 79. 79. 79. 79. 79. 79. 79. 79. 79. 79. 79. 79. 79. 79. 79. 79. 79. 79. 79. 79. 79. 79. 79. 79. 79. 79. 79. 79. 79. 79. 79. 79. 79. 79. 79. 79. 79. 79. 79. 79. 79. 79. 79. 79. 79. 79. 79. 79. 79. 79. 79. 79. 79. 79. 79. 79. 79. 79. 79. 79. 79. 79. 79. 79. 79. 79. 79. 79. 79. 79. 79. 79. 79. 79. 79. 79. 79. 79. 79. 79. 79. 79. 79. 79. 79. 79. 79. 80. 80. 80. 80. 80. 80. 80. 80. 80. 80. 80. 80. 80. 80. 80. 80. 80. 80.
  138  79. 79. 79. 79. 79. 79. 79. 79. 79. 79. 79. 79. 79. 79. 79. 79. 79. 79. 79. 79. 79. 79. 79. 79. 79. 79. 79. 79. 79. 79. 79. 79. 79. 79. 79. 79. 79. 79. 79. 79. 79. 79. 79. 79. 79. 79. 79. 79. 79. 79. 79. 79. 79. 79. 79. 79. 79. 79. 79. 79. 79. 79. 79. 79. 79. 79. 79. 79. 79. 79. 79. 79. 79. 79. 79. 79. 79. 79. 79. 79. 79. 79. 79. 79. 79. 79. 79. 79. 79. 79. 79. 79. 79. 79. 79. 79. 79. 79. 79. 79. 79. 79. 79. 79. 79. 79. 79. 79. 79. 79. 79. 79. 79. 79. 79. 79. 79. 79. 79. 79. 79. 79. 79. 79. 79. 79. 79. 79. 79. 79. 79. 79. 80. 80. 80. 80. 80. 80. 80. 80. 80. 80. 80. 80. 80. 80. 80. 80. 80. 80.
  137  79. 79. 79. 79. 79. 79. 79. 79. 79. 79. 79. 79. 79. 79. 79. 79. 79. 79. 79. 79. 79. 79. 79. 79. 79. 79. 79. 79. 79. 79. 79. 79. 79. 79. 79. 79. 79. 79. 79. 79. 79. 79. 79. 79. 79. 79. 79. 79. 79. 79. 79. 79. 79. 79. 79. 79. 79. 79. 79. 79. 79. 79. 79. 79. 79. 79. 79. 79. 79. 79. 79. 79. 79. 79. 79. 79. 79. 79. 79. 79. 79. 79. 79. 79. 79. 79. 79. 79. 79. 79. 79. 79. 79. 79. 79. 79. 79. 79. 79. 79. 79. 79. 79. 79. 79. 79. 79. 79. 79. 79. 79. 79. 79. 79. 79. 79. 79. 79. 79. 79. 79. 79. 79. 79. 79. 79. 79. 79. 79. 79. 79. 79. 80. 80. 80. 80. 80. 80. 80. 80. 80. 80. 80. 80. 80. 80. 80. 80. 80. 80.
  136  79. 79. 79. 79. 79. 79. 79. 79. 79. 79. 79. 79. 79. 79. 79. 79. 79. 79. 79. 79. 79. 79. 79. 79. 79. 79. 79. 79. 79. 79. 79. 79. 79. 79. 79. 79. 79. 79. 79. 79. 79. 79. 79. 79. 79. 79. 79. 79. 79. 79. 79. 79. 79. 79. 79. 79. 79. 79. 79. 79. 79. 79. 79. 79. 79. 79. 79. 79. 79. 79. 79. 79. 79. 79. 79. 79. 79. 79. 79. 79. 79. 79. 79. 79. 79. 79. 79. 79. 79. 79. 79. 79. 79. 79. 79. 79. 79. 79. 79. 79. 79. 79. 79. 79. 79. 79. 79. 79. 79. 79. 79. 79. 79. 79. 79. 79. 79. 79. 79. 79. 79. 79. 79. 79. 79. 79. 79. 79. 79. 79. 79. 79. 80. 80. 80. 80. 80. 80. 80. 80. 80. 80. 80. 80. 80. 80. 80. 80. 80. 80.
  135  79. 79. 79. 79. 79. 79. 79. 79. 79. 79. 79. 79. 79. 79. 79. 79. 79. 79. 79. 79. 79. 79. 79. 79. 79. 79. 79. 79. 79. 79. 79. 79. 79. 79. 79. 79. 79. 79. 79. 79. 79. 79. 79. 79. 79. 79. 79. 79. 79. 79. 79. 79. 79. 79. 79. 79. 79. 79. 79. 79. 79. 79. 79. 79. 79. 79. 79. 79. 79. 79. 79. 79. 79. 79. 79. 79. 79. 79. 79. 79. 79. 79. 79. 79. 79. 79. 79. 79. 79. 79. 79. 79. 79. 79. 79. 79. 79. 79. 79. 79. 79. 79. 79. 79. 79. 79. 79. 79. 79. 79. 79. 79. 79. 79. 79. 79. 79. 79. 79. 79. 79. 79. 79. 79. 79. 79. 79. 79. 79. 79. 79. 79. 80. 80. 80. 80. 80. 80. 80. 80. 80. 80. 80. 80. 80. 80. 80. 80. 80. 80.
  134  79. 79. 79. 79. 79. 79. 79. 79. 79. 79. 79. 79. 79. 79. 79. 79. 79. 79. 79. 79. 79. 79. 79. 79. 79. 79. 79. 79. 79. 79. 79. 79. 79. 79. 79. 79. 79. 79. 79. 79. 79. 79. 79. 79. 79. 79. 79. 79. 79. 79. 79. 79. 79. 79. 79. 79. 79. 79. 79. 79. 79. 79. 79. 79. 79. 79. 79. 79. 79. 79. 79. 79. 79. 79. 79. 79. 79. 79. 79. 79. 79. 79. 79. 79. 79. 79. 79. 79. 79. 79. 79. 79. 79. 79. 79. 79. 79. 79. 79. 79. 79. 79. 79. 79. 79. 79. 79. 79. 79. 79. 79. 79. 79. 79. 79. 79. 79. 79. 79. 79. 79. 79. 79. 79. 79. 79. 79. 79. 79. 79. 79. 79. 80. 80. 80. 80. 80. 80. 80. 80. 80. 80. 80. 80. 80. 80. 80. 80. 80. 80.
  133  79. 79. 79. 79. 79. 79. 79. 79. 79. 79. 79. 79. 79. 79. 79. 79. 79. 79. 79. 79. 79. 79. 79. 79. 79. 79. 79. 79. 79. 79. 79. 79. 79. 79. 79. 79. 79. 79. 79. 79. 79. 79. 79. 79. 79. 79. 79. 79. 79. 79. 79. 79. 79. 79. 79. 79. 79. 79. 79. 79. 79. 79. 79. 79. 79. 79. 79. 79. 79. 79. 79. 79. 79. 79. 79. 79. 79. 79. 79. 79. 79. 79. 79. 79. 79. 79. 79. 79. 79. 79. 79. 79. 79. 79. 79. 79. 79. 79. 79. 79. 79. 79. 79. 79. 79. 79. 79. 79. 79. 79. 79. 79. 79. 79. 79. 79. 79. 79. 79. 79. 79. 79. 79. 79. 79. 79. 79. 79. 79. 79. 79. 79. 80. 80. 80. 80. 80. 80. 80. 80. 80. 80. 80. 80. 80. 80. 80. 80. 80. 80.
  132  79. 79. 79. 79. 79. 79. 79. 79. 79. 79. 79. 79. 79. 79. 79. 79. 79. 79. 79. 79. 79. 79. 79. 79. 79. 79. 79. 79. 79. 79. 79. 79. 79. 79. 79. 79. 79. 79. 79. 79. 79. 79. 79. 79. 79. 79. 79. 79. 79. 79. 79. 79. 79. 79. 79. 79. 79. 79. 79. 79. 79. 79. 79. 79. 79. 79. 79. 79. 79. 79. 79. 79. 79. 79. 79. 79. 79. 79. 79. 79. 79. 79. 79. 79. 79. 79. 79. 79. 79. 79. 79. 79. 79. 79. 79. 79. 79. 79. 79. 79. 79. 79. 79. 79. 79. 79. 79. 79. 79. 79. 79. 79. 79. 79. 79. 79. 79. 79. 79. 79. 79. 79. 79. 79. 79. 79. 79. 79. 79. 79. 79. 79. 79. 80. 80. 80. 80. 80. 80. 80. 80. 80. 80. 80. 80. 80. 80. 80. 80. 80.
  131  79. 79. 79. 79. 79. 79. 79. 79. 79. 79. 79. 79. 79. 79. 79. 79. 79. 79. 79. 79. 79. 79. 79. 79. 79. 79. 79. 79. 79. 79. 79. 79. 79. 79. 79. 79. 79. 79. 79. 79. 79. 79. 79. 79. 79. 79. 79. 79. 79. 79. 79. 79. 79. 79. 79. 79. 79. 79. 79. 79. 79. 79. 79. 79. 79. 79. 79. 79. 79. 79. 79. 79. 79. 79. 79. 79. 79. 79. 79. 79. 79. 79. 79. 79. 79. 79. 79. 79. 79. 79. 79. 79. 79. 79. 79. 79. 79. 79. 79. 79. 79. 79. 79. 79. 79. 79. 79. 79. 79. 79. 79. 79. 79. 79. 79. 79. 79. 79. 79. 79. 79. 79. 79. 79. 79. 79. 79. 79. 79. 79. 79. 79. 79. 80. 80. 80. 80. 80. 80. 80. 80. 80. 80. 80. 80. 80. 80. 80. 80. 80.
  130  79. 79. 79. 79. 79. 79. 79. 79. 79. 79. 79. 79. 79. 79. 79. 79. 79. 79. 79. 79. 79. 79. 79. 79. 79. 79. 79. 79. 79. 79. 79. 79. 79. 79. 79. 79. 79. 79. 79. 79. 79. 79. 79. 79. 79. 79. 79. 79. 79. 79. 79. 79. 79. 79. 79. 79. 79. 79. 79. 79. 79. 79. 79. 79. 79. 79. 79. 79. 79. 79. 79. 79. 79. 79. 79. 79. 79. 79. 79. 79. 79. 79. 79. 79. 79. 79. 79. 79. 79. 79. 79. 79. 79. 79. 79. 79. 79. 79. 79. 79. 79. 79. 79. 79. 79. 79. 79. 79. 79. 79. 79. 79. 79. 79. 79. 79. 79. 79. 79. 79. 79. 79. 79. 79. 79. 79. 79. 79. 79. 79. 79. 79. 79. 80. 80. 80. 80. 80. 80. 80. 80. 80. 80. 80. 80. 80. 80. 80. 80. 80.
  129  79. 79. 79. 79. 79. 79. 79. 79. 79. 79. 79. 79. 79. 79. 79. 79. 79. 79. 79. 79. 79. 79. 79. 79. 79. 79. 79. 79. 79. 79. 79. 79. 79. 79. 79. 79. 79. 79. 79. 79. 79. 79. 79. 79. 79. 79. 79. 79. 79. 79. 79. 79. 79. 79. 79. 79. 79. 79. 79. 79. 79. 79. 79. 79. 79. 79. 79. 79. 79. 79. 79. 79. 79. 79. 79. 79. 79. 79. 79. 79. 79. 79. 79. 79. 79. 79. 79. 79. 79. 79. 79. 79. 79. 79. 79. 79. 79. 79. 79. 79. 79. 79. 79. 79. 79. 79. 79. 79. 79. 79. 79. 79. 79. 79. 79. 79. 79. 79. 79. 79. 79. 79. 79. 79. 79. 79. 79. 79. 79. 79. 79. 79. 79. 80. 80. 80. 80. 80. 80. 80. 80. 80. 80. 80. 80. 80. 80. 80. 80. 80.
  128  79. 79. 79. 79. 79. 79. 79. 79. 79. 79. 79. 79. 79. 79. 79. 79. 79. 79. 79. 79. 79. 79. 79. 79. 79. 79. 79. 79. 79. 79. 79. 79. 79. 79. 79. 79. 79. 79. 79. 79. 79. 79. 79. 79. 79. 79. 79. 79. 79. 79. 79. 79. 79. 79. 79. 79. 79. 79. 79. 79. 79. 79. 79. 79. 79. 79. 79. 79. 79. 79. 79. 79. 79. 79. 79. 79. 79. 79. 79. 79. 79. 79. 79. 79. 79. 79. 79. 79. 79. 79. 79. 79. 79. 79. 79. 79. 79. 79. 79. 79. 79. 79. 79. 79. 79. 79. 79. 79. 79. 79. 79. 79. 79. 79. 79. 79. 79. 79. 79. 79. 79. 79. 79. 79. 79. 79. 79. 79. 79. 79. 79. 79. 79. 80. 80. 80. 80. 80. 80. 80. 80. 80. 80. 80. 80. 80. 80. 80. 80. 80.
  127  79. 79. 79. 79. 79. 79. 79. 79. 79. 79. 79. 79. 79. 79. 79. 79. 79. 79. 79. 79. 79. 79. 79. 79. 79. 79. 79. 79. 79. 79. 79. 79. 79. 79. 79. 79. 79. 79. 79. 79. 79. 79. 79. 79. 79. 79. 79. 79. 79. 79. 79. 79. 79. 79. 79. 79. 79. 79. 79. 79. 79. 79. 79. 79. 79. 79. 79. 79. 79. 79. 79. 79. 79. 79. 79. 79. 79. 79. 79. 79. 79. 79. 79. 79. 79. 79. 79. 79. 79. 79. 79. 79. 79. 79. 79. 79. 79. 79. 79. 79. 79. 79. 79. 79. 79. 79. 79. 79. 79. 79. 79. 79. 79. 79. 79. 79. 79. 79. 79. 79. 79. 79. 79. 79. 79. 79. 79. 79. 79. 79. 79. 79. 79. 80. 80. 80. 80. 80. 80. 80. 80. 80. 80. 80. 80. 80. 80. 80. 80. 80.
  126  79. 79. 79. 79. 79. 79. 79. 79. 79. 79. 79. 79. 79. 79. 79. 79. 79. 79. 79. 79. 79. 79. 79. 79. 79. 79. 79. 79. 79. 79. 79. 79. 79. 79. 79. 79. 79. 79. 79. 79. 79. 79. 79. 79. 79. 79. 79. 79. 79. 79. 79. 79. 79. 79. 79. 79. 79. 79. 79. 79. 79. 79. 79. 79. 79. 79. 79. 79. 79. 79. 79. 79. 79. 79. 79. 79. 79. 79. 79. 79. 79. 79. 79. 79. 79. 79. 79. 79. 79. 79. 79. 79. 79. 79. 79. 79. 79. 79. 79. 79. 79. 79. 79. 79. 79. 79. 79. 79. 79. 79. 79. 79. 79. 79. 79. 79. 79. 79. 79. 79. 79. 79. 79. 79. 79. 79. 79. 79. 79. 79. 79. 79. 79. 80. 80. 80. 80. 80. 80. 80. 80. 80. 80. 80. 80. 80. 80. 80. 80. 80.
  125  79. 79. 79. 79. 79. 79. 79. 79. 79. 79. 79. 79. 79. 79. 79. 79. 79. 79. 79. 79. 79. 79. 79. 79. 79. 79. 79. 79. 79. 79. 79. 79. 79. 79. 79. 79. 79. 79. 79. 79. 79. 79. 79. 79. 79. 79. 79. 79. 79. 79. 79. 79. 79. 79. 79. 79. 79. 79. 79. 79. 79. 79. 79. 79. 79. 79. 79. 79. 79. 79. 79. 79. 79. 79. 79. 79. 79. 79. 79. 79. 79. 79. 79. 79. 79. 79. 79. 79. 79. 79. 79. 79. 79. 79. 79. 79. 79. 79. 79. 79. 79. 79. 79. 79. 79. 79. 79. 79. 79. 79. 79. 79. 79. 79. 79. 79. 79. 79. 79. 79. 79. 79. 79. 79. 79. 79. 79. 79. 79. 79. 79. 79. 79. 79. 80. 80. 80. 80. 80. 80. 80. 80. 80. 80. 80. 80. 80. 80. 80. 80.
  124  79. 79. 79. 79. 79. 79. 79. 79. 79. 79. 79. 79. 79. 79. 79. 79. 79. 79. 79. 79. 79. 79. 79. 79. 79. 79. 79. 79. 79. 79. 79. 79. 79. 79. 79. 79. 79. 79. 79. 79. 79. 79. 79. 79. 79. 79. 79. 79. 79. 79. 79. 79. 79. 79. 79. 79. 79. 79. 79. 79. 79. 79. 79. 79. 79. 79. 79. 79. 79. 79. 79. 79. 79. 79. 79. 79. 79. 79. 79. 79. 79. 79. 79. 79. 79. 79. 79. 79. 79. 79. 79. 79. 79. 79. 79. 79. 79. 79. 79. 79. 79. 79. 79. 79. 79. 79. 79. 79. 79. 79. 79. 79. 79. 79. 79. 79. 79. 79. 79. 79. 79. 79. 79. 79. 79. 79. 79. 79. 79. 79. 79. 79. 79. 79. 80. 80. 80. 80. 80. 80. 80. 80. 80. 80. 80. 80. 80. 80. 80. 80.
  123  79. 79. 79. 79. 79. 79. 79. 79. 79. 79. 79. 79. 79. 79. 79. 79. 79. 79. 79. 79. 79. 79. 79. 79. 79. 79. 79. 79. 79. 79. 79. 79. 79. 79. 79. 79. 79. 79. 79. 79. 79. 79. 79. 79. 79. 79. 79. 79. 79. 79. 79. 79. 79. 79. 79. 79. 79. 79. 79. 79. 79. 79. 79. 79. 79. 79. 79. 79. 79. 79. 79. 79. 79. 79. 79. 79. 79. 79. 79. 79. 79. 79. 79. 79. 79. 79. 79. 79. 79. 79. 79. 79. 79. 79. 79. 79. 79. 79. 79. 79. 79. 79. 79. 79. 79. 79. 79. 79. 79. 79. 79. 79. 79. 79. 79. 79. 79. 79. 79. 79. 79. 79. 79. 79. 79. 79. 79. 79. 79. 79. 79. 79. 79. 79. 80. 80. 80. 80. 80. 80. 80. 80. 80. 80. 80. 80. 80. 80. 80. 80.
  122  79. 79. 79. 79. 79. 79. 79. 79. 79. 79. 79. 79. 79. 79. 79. 79. 79. 79. 79. 79. 79. 79. 79. 79. 79. 79. 79. 79. 79. 79. 79. 79. 79. 79. 79. 79. 79. 79. 79. 79. 79. 79. 79. 79. 79. 79. 79. 79. 79. 79. 79. 79. 79. 79. 79. 79. 79. 79. 79. 79. 79. 79. 79. 79. 79. 79. 79. 79. 79. 79. 79. 79. 79. 79. 79. 79. 79. 79. 79. 79. 79. 79. 79. 79. 79. 79. 79. 79. 79. 79. 79. 79. 79. 79. 79. 79. 79. 79. 79. 79. 79. 79. 79. 79. 79. 79. 79. 79. 79. 79. 79. 79. 79. 79. 79. 79. 79. 79. 79. 79. 79. 79. 79. 79. 79. 79. 79. 79. 79. 79. 79. 79. 79. 79. 80. 80. 80. 80. 80. 80. 80. 80. 80. 80. 80. 80. 80. 80. 80. 80.
  121  79. 79. 79. 79. 79. 79. 79. 79. 79. 79. 79. 79. 79. 79. 79. 79. 79. 79. 79. 79. 79. 79. 79. 79. 79. 79. 79. 79. 79. 79. 79. 79. 79. 79. 79. 79. 79. 79. 79. 79. 79. 79. 79. 79. 79. 79. 79. 79. 79. 79. 79. 79. 79. 79. 79. 79. 79. 79. 79. 79. 79. 79. 79. 79. 79. 79. 79. 79. 79. 79. 79. 79. 79. 79. 79. 79. 79. 79. 79. 79. 79. 79. 79. 79. 79. 79. 79. 79. 79. 79. 79. 79. 79. 79. 79. 79. 79. 79. 79. 79. 79. 79. 79. 79. 79. 79. 79. 79. 79. 79. 79. 79. 79. 79. 79. 79. 79. 79. 79. 79. 79. 79. 79. 79. 79. 79. 79. 79. 79. 79. 79. 79. 79. 79. 80. 80. 80. 80. 80. 80. 80. 80. 80. 80. 80. 80. 80. 80. 80. 80.
  120  79. 79. 79. 79. 79. 79. 79. 79. 79. 79. 79. 79. 79. 79. 79. 79. 79. 79. 79. 79. 79. 79. 79. 79. 79. 79. 79. 79. 79. 79. 79. 79. 79. 79. 79. 79. 79. 79. 79. 79. 79. 79. 79. 79. 79. 79. 79. 79. 79. 79. 79. 79. 79. 79. 79. 79. 79. 79. 79. 79. 79. 79. 79. 79. 79. 79. 79. 79. 79. 79. 79. 79. 79. 79. 79. 79. 79. 79. 79. 79. 79. 79. 79. 79. 79. 79. 79. 79. 79. 79. 79. 79. 79. 79. 79. 79. 79. 79. 79. 79. 79. 79. 79. 79. 79. 79. 79. 79. 79. 79. 79. 79. 79. 79. 79. 79. 79. 79. 79. 79. 79. 79. 79. 79. 79. 79. 79. 79. 79. 79. 79. 79. 79. 79. 80. 80. 80. 80. 80. 80. 80. 80. 80. 80. 80. 80. 80. 80. 80. 80.
  119  79. 79. 79. 79. 79. 79. 79. 79. 79. 79. 79. 79. 79. 79. 79. 79. 79. 79. 79. 79. 79. 79. 79. 79. 79. 79. 79. 79. 79. 79. 79. 79. 79. 79. 79. 79. 79. 79. 79. 79. 79. 79. 79. 79. 79. 79. 79. 79. 79. 79. 79. 79. 79. 79. 79. 79. 79. 79. 79. 79. 79. 79. 79. 79. 79. 79. 79. 79. 79. 79. 79. 79. 79. 79. 79. 79. 79. 79. 79. 79. 79. 79. 79. 79. 79. 79. 79. 79. 79. 79. 79. 79. 79. 79. 79. 79. 79. 79. 79. 79. 79. 79. 79. 79. 79. 79. 79. 79. 79. 79. 79. 79. 79. 79. 79. 79. 79. 79. 79. 79. 79. 79. 79. 79. 79. 79. 79. 79. 79. 79. 79. 79. 79. 79. 80. 80. 80. 80. 80. 80. 80. 80. 80. 80. 80. 80. 80. 80. 80. 80.
  118  79. 79. 79. 79. 79. 79. 79. 79. 79. 79. 79. 79. 79. 79. 79. 79. 79. 79. 79. 79. 79. 79. 79. 79. 79. 79. 79. 79. 79. 79. 79. 79. 79. 79. 79. 79. 79. 79. 79. 79. 79. 79. 79. 79. 79. 79. 79. 79. 79. 79. 79. 79. 79. 79. 79. 79. 79. 79. 79. 79. 79. 79. 79. 79. 79. 79. 79. 79. 79. 79. 79. 79. 79. 79. 79. 79. 79. 79. 79. 79. 79. 79. 79. 79. 79. 79. 79. 79. 79. 79. 79. 79. 79. 79. 79. 79. 79. 79. 79. 79. 79. 79. 79. 79. 79. 79. 79. 79. 79. 79. 79. 79. 79. 79. 79. 79. 79. 79. 79. 79. 79. 79. 79. 79. 79. 79. 79. 79. 79. 79. 79. 79. 79. 79. 80. 80. 80. 80. 80. 80. 80. 80. 80. 80. 80. 80. 80. 80. 80. 80.
  117  79. 79. 79. 79. 79. 79. 79. 79. 79. 79. 79. 79. 79. 79. 79. 79. 79. 79. 79. 79. 79. 79. 79. 79. 79. 79. 79. 79. 79. 79. 79. 79. 79. 79. 79. 79. 79. 79. 79. 79. 79. 79. 79. 79. 79. 79. 79. 79. 79. 79. 79. 79. 79. 79. 79. 79. 79. 79. 79. 79. 79. 79. 79. 79. 79. 79. 79. 79. 79. 79. 79. 79. 79. 79. 79. 79. 79. 79. 79. 79. 79. 79. 79. 79. 79. 79. 79. 79. 79. 79. 79. 79. 79. 79. 79. 79. 79. 79. 79. 79. 79. 79. 79. 79. 79. 79. 79. 79. 79. 79. 79. 79. 79. 79. 79. 79. 79. 79. 79. 79. 79. 79. 79. 79. 79. 79. 79. 79. 79. 79. 79. 79. 79. 79. 80. 80. 80. 80. 80. 80. 80. 80. 80. 80. 80. 80. 80. 80. 80. 80.
  116  79. 79. 79. 79. 79. 79. 79. 79. 79. 79. 79. 79. 79. 79. 79. 79. 79. 79. 79. 79. 79. 79. 79. 79. 79. 79. 79. 79. 79. 79. 79. 79. 79. 79. 79. 79. 79. 79. 79. 79. 79. 79. 79. 79. 79. 79. 79. 79. 79. 79. 79. 79. 79. 79. 79. 79. 79. 79. 79. 79. 79. 79. 79. 79. 79. 79. 79. 79. 79. 79. 79. 79. 79. 79. 79. 79. 79. 79. 79. 79. 79. 79. 79. 79. 79. 79. 79. 79. 79. 79. 79. 79. 79. 79. 79. 79. 79. 79. 79. 79. 79. 79. 79. 79. 79. 79. 79. 79. 79. 79. 79. 79. 79. 79. 79. 79. 79. 79. 79. 79. 79. 79. 79. 79. 79. 79. 79. 79. 79. 79. 79. 79. 79. 79. 79. 80. 80. 80. 80. 80. 80. 80. 80. 80. 80. 80. 80. 80. 80. 80.
  115  79. 79. 79. 79. 79. 79. 79. 79. 79. 79. 79. 79. 79. 79. 79. 79. 79. 79. 79. 79. 79. 79. 79. 79. 79. 79. 79. 79. 79. 79. 79. 79. 79. 79. 79. 79. 79. 79. 79. 79. 79. 79. 79. 79. 79. 79. 79. 79. 79. 79. 79. 79. 79. 79. 79. 79. 79. 79. 79. 79. 79. 79. 79. 79. 79. 79. 79. 79. 79. 79. 79. 79. 79. 79. 79. 79. 79. 79. 79. 79. 79. 79. 79. 79. 79. 79. 79. 79. 79. 79. 79. 79. 79. 79. 79. 79. 79. 79. 79. 79. 79. 79. 79. 79. 79. 79. 79. 79. 79. 79. 79. 79. 79. 79. 79. 79. 79. 79. 79. 79. 79. 79. 79. 79. 79. 79. 79. 79. 79. 79. 79. 79. 79. 79. 79. 80. 80. 80. 80. 80. 80. 80. 80. 80. 80. 80. 80. 80. 80. 80.
  114  79. 79. 79. 79. 79. 79. 79. 79. 79. 79. 79. 79. 79. 79. 79. 79. 79. 79. 79. 79. 79. 79. 79. 79. 79. 79. 79. 79. 79. 79. 79. 79. 79. 79. 79. 79. 79. 79. 79. 79. 79. 79. 79. 79. 79. 79. 79. 79. 79. 79. 79. 79. 79. 79. 79. 79. 79. 79. 79. 79. 79. 79. 79. 79. 79. 79. 79. 79. 79. 79. 79. 79. 79. 79. 79. 79. 79. 79. 79. 79. 79. 79. 79. 79. 79. 79. 79. 79. 79. 79. 79. 79. 79. 79. 79. 79. 79. 79. 79. 79. 79. 79. 79. 79. 79. 79. 79. 79. 79. 79. 79. 79. 79. 79. 79. 79. 79. 79. 79. 79. 79. 79. 79. 79. 79. 79. 79. 79. 79. 79. 79. 79. 79. 79. 79. 80. 80. 80. 80. 80. 80. 80. 80. 80. 80. 80. 80. 80. 80. 80.
  113  79. 79. 79. 79. 79. 79. 79. 79. 79. 79. 79. 79. 79. 79. 79. 79. 79. 79. 79. 79. 79. 79. 79. 79. 79. 79. 79. 79. 79. 79. 79. 79. 79. 79. 79. 79. 79. 79. 79. 79. 79. 79. 79. 79. 79. 79. 79. 79. 79. 79. 79. 79. 79. 79. 79. 79. 79. 79. 79. 79. 79. 79. 79. 79. 79. 79. 79. 79. 79. 79. 79. 79. 79. 79. 79. 79. 79. 79. 79. 79. 79. 79. 79. 79. 79. 79. 79. 79. 79. 79. 79. 79. 79. 79. 79. 79. 79. 79. 79. 79. 79. 79. 79. 79. 79. 79. 79. 79. 79. 79. 79. 79. 79. 79. 79. 79. 79. 79. 79. 79. 79. 79. 79. 79. 79. 79. 79. 79. 79. 79. 79. 79. 79. 79. 79. 80. 80. 80. 80. 80. 80. 80. 80. 80. 80. 80. 80. 80. 80. 80.
  112  79. 79. 79. 79. 79. 79. 79. 79. 79. 79. 79. 79. 79. 79. 79. 79. 79. 79. 79. 79. 79. 79. 79. 79. 79. 79. 79. 79. 79. 79. 79. 79. 79. 79. 79. 79. 79. 79. 79. 79. 79. 79. 79. 79. 79. 79. 79. 79. 79. 79. 79. 79. 79. 79. 79. 79. 79. 79. 79. 79. 79. 79. 79. 79. 79. 79. 79. 79. 79. 79. 79. 79. 79. 79. 79. 79. 79. 79. 79. 79. 79. 79. 79. 79. 79. 79. 79. 79. 79. 79. 79. 79. 79. 79. 79. 79. 79. 79. 79. 79. 79. 79. 79. 79. 79. 79. 79. 79. 79. 79. 79. 79. 79. 79. 79. 79. 79. 79. 79. 79. 79. 79. 79. 79. 79. 79. 79. 79. 79. 79. 79. 79. 79. 79. 79. 80. 80. 80. 80. 80. 80. 80. 80. 80. 80. 80. 80. 80. 80. 80.
  111  79. 79. 79. 79. 79. 79. 79. 79. 79. 79. 79. 79. 79. 79. 79. 79. 79. 79. 79. 79. 79. 79. 79. 79. 79. 79. 79. 79. 79. 79. 79. 79. 79. 79. 79. 79. 79. 79. 79. 79. 79. 79. 79. 79. 79. 79. 79. 79. 79. 79. 79. 79. 79. 79. 79. 79. 79. 79. 79. 79. 79. 79. 79. 79. 79. 79. 79. 79. 79. 79. 79. 79. 79. 79. 79. 79. 79. 79. 79. 79. 79. 79. 79. 79. 79. 79. 79. 79. 79. 79. 79. 79. 79. 79. 79. 79. 79. 79. 79. 79. 79. 79. 79. 79. 79. 79. 79. 79. 79. 79. 79. 79. 79. 79. 79. 79. 79. 79. 79. 79. 79. 79. 79. 79. 79. 79. 79. 79. 79. 79. 79. 79. 79. 79. 79. 80. 80. 80. 80. 80. 80. 80. 80. 80. 80. 80. 80. 80. 80. 80.
  110  79. 79. 79. 79. 79. 79. 79. 79. 79. 79. 79. 79. 79. 79. 79. 79. 79. 79. 79. 79. 79. 79. 79. 79. 79. 79. 79. 79. 79. 79. 79. 79. 79. 79. 79. 79. 79. 79. 79. 79. 79. 79. 79. 79. 79. 79. 79. 79. 79. 79. 79. 79. 79. 79. 79. 79. 79. 79. 79. 79. 79. 79. 79. 79. 79. 79. 79. 79. 79. 79. 79. 79. 79. 79. 79. 79. 79. 79. 79. 79. 79. 79. 79. 79. 79. 79. 79. 79. 79. 79. 79. 79. 79. 79. 79. 79. 79. 79. 79. 79. 79. 79. 79. 79. 79. 79. 79. 79. 79. 79. 79. 79. 79. 79. 79. 79. 79. 79. 79. 79. 79. 79. 79. 79. 79. 79. 79. 79. 79. 79. 79. 79. 79. 79. 79. 80. 80. 80. 80. 80. 80. 80. 80. 80. 80. 80. 80. 80. 80. 80.
  109  79. 79. 79. 79. 79. 79. 79. 79. 79. 79. 79. 79. 79. 79. 79. 79. 79. 79. 79. 79. 79. 79. 79. 79. 79. 79. 79. 79. 79. 79. 79. 79. 79. 79. 79. 79. 79. 79. 79. 79. 79. 79. 79. 79. 79. 79. 79. 79. 79. 79. 79. 79. 79. 79. 79. 79. 79. 79. 79. 79. 79. 79. 79. 79. 79. 79. 79. 79. 79. 79. 79. 79. 79. 79. 79. 79. 79. 79. 79. 79. 79. 79. 79. 79. 79. 79. 79. 79. 79. 79. 79. 79. 79. 79. 79. 79. 79. 79. 79. 79. 79. 79. 79. 79. 79. 79. 79. 79. 79. 79. 79. 79. 79. 79. 79. 79. 79. 79. 79. 79. 79. 79. 79. 79. 79. 79. 79. 79. 79. 79. 79. 79. 79. 79. 79. 80. 80. 80. 80. 80. 80. 80. 80. 80. 80. 80. 80. 80. 80. 80.
  108  79. 79. 79. 79. 79. 79. 79. 79. 79. 79. 79. 79. 79. 79. 79. 79. 79. 79. 79. 79. 79. 79. 79. 79. 79. 79. 79. 79. 79. 79. 79. 79. 79. 79. 79. 79. 79. 79. 79. 79. 79. 79. 79. 79. 79. 79. 79. 79. 79. 79. 79. 79. 79. 79. 79. 79. 79. 79. 79. 79. 79. 79. 79. 79. 79. 79. 79. 79. 79. 79. 79. 79. 79. 79. 79. 79. 79. 79. 79. 79. 79. 79. 79. 79. 79. 79. 79. 79. 79. 79. 79. 79. 79. 79. 79. 79. 79. 79. 79. 79. 79. 79. 79. 79. 79. 79. 79. 79. 79. 79. 79. 79. 79. 79. 79. 79. 79. 79. 79. 79. 79. 79. 79. 79. 79. 79. 79. 79. 79. 79. 79. 79. 79. 79. 79. 80. 80. 80. 80. 80. 80. 80. 80. 80. 80. 80. 80. 80. 80. 80.
  107  79. 79. 79. 79. 79. 79. 79. 79. 79. 79. 79. 79. 79. 79. 79. 79. 79. 79. 79. 79. 79. 79. 79. 79. 79. 79. 79. 79. 79. 79. 79. 79. 79. 79. 79. 79. 79. 79. 79. 79. 79. 79. 79. 79. 79. 79. 79. 79. 79. 79. 79. 79. 79. 79. 79. 79. 79. 79. 79. 79. 79. 79. 79. 79. 79. 79. 79. 79. 79. 79. 79. 79. 79. 79. 79. 79. 79. 79. 79. 79. 79. 79. 79. 79. 79. 79. 79. 79. 79. 79. 79. 79. 79. 79. 79. 79. 79. 79. 79. 79. 79. 79. 79. 79. 79. 79. 79. 79. 79. 79. 79. 79. 79. 79. 79. 79. 79. 79. 79. 79. 79. 79. 79. 79. 79. 79. 79. 79. 79. 79. 79. 79. 79. 79. 79. 80. 80. 80. 80. 80. 80. 80. 80. 80. 80. 80. 80. 80. 80. 80.
  106  79. 79. 79. 79. 79. 79. 79. 79. 79. 79. 79. 79. 79. 79. 79. 79. 79. 79. 79. 79. 79. 79. 79. 79. 79. 79. 79. 79. 79. 79. 79. 79. 79. 79. 79. 79. 79. 79. 79. 79. 79. 79. 79. 79. 79. 79. 79. 79. 79. 79. 79. 79. 79. 79. 79. 79. 79. 79. 79. 79. 79. 79. 79. 79. 79. 79. 79. 79. 79. 79. 79. 79. 79. 79. 79. 79. 79. 79. 79. 79. 79. 79. 79. 79. 79. 79. 79. 79. 79. 79. 79. 79. 79. 79. 79. 79. 79. 79. 79. 79. 79. 79. 79. 79. 79. 79. 79. 79. 79. 79. 79. 79. 79. 79. 79. 79. 79. 79. 79. 79. 79. 79. 79. 79. 79. 79. 79. 79. 79. 79. 79. 79. 79. 79. 79. 79. 80. 80. 80. 80. 80. 80. 80. 80. 80. 80. 80. 80. 80. 80.
  105  79. 79. 79. 79. 79. 79. 79. 79. 79. 79. 79. 79. 79. 79. 79. 79. 79. 79. 79. 79. 79. 79. 79. 79. 79. 79. 79. 79. 79. 79. 79. 79. 79. 79. 79. 79. 79. 79. 79. 79. 79. 79. 79. 79. 79. 79. 79. 79. 79. 79. 79. 79. 79. 79. 79. 79. 79. 79. 79. 79. 79. 79. 79. 79. 79. 79. 79. 79. 79. 79. 79. 79. 79. 79. 79. 79. 79. 79. 79. 79. 79. 79. 79. 79. 79. 79. 79. 79. 79. 79. 79. 79. 79. 79. 79. 79. 79. 79. 79. 79. 79. 79. 79. 79. 79. 79. 79. 79. 79. 79. 79. 79. 79. 79. 79. 79. 79. 79. 79. 79. 79. 79. 79. 79. 79. 79. 79. 79. 79. 79. 79. 79. 79. 79. 79. 79. 80. 80. 80. 80. 80. 80. 80. 80. 80. 80. 80. 80. 80. 80.
  104  79. 79. 79. 79. 79. 79. 79. 79. 79. 79. 79. 79. 79. 79. 79. 79. 79. 79. 79. 79. 79. 79. 79. 79. 79. 79. 79. 79. 79. 79. 79. 79. 79. 79. 79. 79. 79. 79. 79. 79. 79. 79. 79. 79. 79. 79. 79. 79. 79. 79. 79. 79. 79. 79. 79. 79. 79. 79. 79. 79. 79. 79. 79. 79. 79. 79. 79. 79. 79. 79. 79. 79. 79. 79. 79. 79. 79. 79. 79. 79. 79. 79. 79. 79. 79. 79. 79. 79. 79. 79. 79. 79. 79. 79. 79. 79. 79. 79. 79. 79. 79. 79. 79. 79. 79. 79. 79. 79. 79. 79. 79. 79. 79. 79. 79. 79. 79. 79. 79. 79. 79. 79. 79. 79. 79. 79. 79. 79. 79. 79. 79. 79. 79. 79. 79. 79. 80. 80. 80. 80. 80. 80. 80. 80. 80. 80. 80. 80. 80. 80.
  103  79. 79. 79. 79. 79. 79. 79. 79. 79. 79. 79. 79. 79. 79. 79. 79. 79. 79. 79. 79. 79. 79. 79. 79. 79. 79. 79. 79. 79. 79. 79. 79. 79. 79. 79. 79. 79. 79. 79. 79. 79. 79. 79. 79. 79. 79. 79. 79. 79. 79. 79. 79. 79. 79. 79. 79. 79. 79. 79. 79. 79. 79. 79. 79. 79. 79. 79. 79. 79. 79. 79. 79. 79. 79. 79. 79. 79. 79. 79. 79. 79. 79. 79. 79. 79. 79. 79. 79. 79. 79. 79. 79. 79. 79. 79. 79. 79. 79. 79. 79. 79. 79. 79. 79. 79. 79. 79. 79. 79. 79. 79. 79. 79. 79. 79. 79. 79. 79. 79. 79. 79. 79. 79. 79. 79. 79. 79. 79. 79. 79. 79. 79. 79. 79. 79. 79. 80. 80. 80. 80. 80. 80. 80. 80. 80. 80. 80. 80. 80. 80.
  102  79. 79. 79. 79. 79. 79. 79. 79. 79. 79. 79. 79. 79. 79. 79. 79. 79. 79. 79. 79. 79. 79. 79. 79. 79. 79. 79. 79. 79. 79. 79. 79. 79. 79. 79. 79. 79. 79. 79. 79. 79. 79. 79. 79. 79. 79. 79. 79. 79. 79. 79. 79. 79. 79. 79. 79. 79. 79. 79. 79. 79. 79. 79. 79. 79. 79. 79. 79. 79. 79. 79. 79. 79. 79. 79. 79. 79. 79. 79. 79. 79. 79. 79. 79. 79. 79. 79. 79. 79. 79. 79. 79. 79. 79. 79. 79. 79. 79. 79. 79. 79. 79. 79. 79. 79. 79. 79. 79. 79. 79. 79. 79. 79. 79. 79. 79. 79. 79. 79. 79. 79. 79. 79. 79. 79. 79. 79. 79. 79. 79. 79. 79. 79. 79. 79. 79. 80. 80. 80. 80. 80. 80. 80. 80. 80. 80. 80. 80. 80. 80.
  101  79. 79. 79. 79. 79. 79. 79. 79. 79. 79. 79. 79. 79. 79. 79. 79. 79. 79. 79. 79. 79. 79. 79. 79. 79. 79. 79. 79. 79. 79. 79. 79. 79. 79. 79. 79. 79. 79. 79. 79. 79. 79. 79. 79. 79. 79. 79. 79. 79. 79. 79. 79. 79. 79. 79. 79. 79. 79. 79. 79. 79. 79. 79. 79. 79. 79. 79. 79. 79. 79. 79. 79. 79. 79. 79. 79. 79. 79. 79. 79. 79. 79. 79. 79. 79. 79. 79. 79. 79. 79. 79. 79. 79. 79. 79. 79. 79. 79. 79. 79. 79. 79. 79. 79. 79. 79. 79. 79. 79. 79. 79. 79. 79. 79. 79. 79. 79. 79. 79. 79. 79. 79. 79. 79. 79. 79. 79. 79. 79. 79. 79. 79. 79. 79. 79. 79. 80. 80. 80. 80. 80. 80. 80. 80. 80. 80. 80. 80. 80. 80.
  100  79. 79. 79. 79. 79. 79. 79. 79. 79. 79. 79. 79. 79. 79. 79. 79. 79. 79. 79. 79. 79. 79. 79. 79. 79. 79. 79. 79. 79. 79. 79. 79. 79. 79. 79. 79. 79. 79. 79. 79. 79. 79. 79. 79. 79. 79. 79. 79. 79. 79. 79. 79. 79. 79. 79. 79. 79. 79. 79. 79. 79. 79. 79. 79. 79. 79. 79. 79. 79. 79. 79. 79. 79. 79. 79. 79. 79. 79. 79. 79. 79. 79. 79. 79. 79. 79. 79. 79. 79. 79. 79. 79. 79. 79. 79. 79. 79. 79. 79. 79. 79. 79. 79. 79. 79. 79. 79. 79. 79. 79. 79. 79. 79. 79. 79. 79. 79. 79. 79. 79. 79. 79. 79. 79. 79. 79. 79. 79. 79. 79. 79. 79. 79. 79. 79. 79. 80. 80. 80. 80. 80. 80. 80. 80. 80. 80. 80. 80. 80. 80.
   99  79. 79. 79. 79. 79. 79. 79. 79. 79. 79. 79. 79. 79. 79. 79. 79. 79. 79. 79. 79. 79. 79. 79. 79. 79. 79. 79. 79. 79. 79. 79. 79. 79. 79. 79. 79. 79. 79. 79. 79. 79. 79. 79. 79. 79. 79. 79. 79. 79. 79. 79. 79. 79. 79. 79. 79. 79. 79. 79. 79. 79. 79. 79. 79. 79. 79. 79. 79. 79. 79. 79. 79. 79. 79. 79. 79. 79. 79. 79. 79. 79. 79. 79. 79. 79. 79. 79. 79. 79. 79. 79. 79. 79. 79. 79. 79. 79. 79. 79. 79. 79. 79. 79. 79. 79. 79. 79. 79. 79. 79. 79. 79. 79. 79. 79. 79. 79. 79. 79. 79. 79. 79. 79. 79. 79. 79. 79. 79. 79. 79. 79. 79. 79. 79. 79. 79. 80. 80. 80. 80. 80. 80. 80. 80. 80. 80. 80. 80. 80. 80.
   98  79. 79. 79. 79. 79. 79. 79. 79. 79. 79. 79. 79. 79. 79. 79. 79. 79. 79. 79. 79. 79. 79. 79. 79. 79. 79. 79. 79. 79. 79. 79. 79. 79. 79. 79. 79. 79. 79. 79. 79. 79. 79. 79. 79. 79. 79. 79. 79. 79. 79. 79. 79. 79. 79. 79. 79. 79. 79. 79. 79. 79. 79. 79. 79. 79. 79. 79. 79. 79. 79. 79. 79. 79. 79. 79. 79. 79. 79. 79. 79. 79. 79. 79. 79. 79. 79. 79. 79. 79. 79. 79. 79. 79. 79. 79. 79. 79. 79. 79. 79. 79. 79. 79. 79. 79. 79. 79. 79. 79. 79. 79. 79. 79. 79. 79. 79. 79. 79. 79. 79. 79. 79. 79. 79. 79. 79. 79. 79. 79. 79. 79. 79. 79. 79. 79. 79. 80. 80. 80. 80. 80. 80. 80. 80. 80. 80. 80. 80. 80. 80.
   97  79. 79. 79. 79. 79. 79. 79. 79. 79. 79. 79. 79. 79. 79. 79. 79. 79. 79. 79. 79. 79. 79. 79. 79. 79. 79. 79. 79. 79. 79. 79. 79. 79. 79. 79. 79. 79. 79. 79. 79. 79. 79. 79. 79. 79. 79. 79. 79. 79. 79. 79. 79. 79. 79. 79. 79. 79. 79. 79. 79. 79. 79. 79. 79. 79. 79. 79. 79. 79. 79. 79. 79. 79. 79. 79. 79. 79. 79. 79. 79. 79. 79. 79. 79. 79. 79. 79. 79. 79. 79. 79. 79. 79. 79. 79. 79. 79. 79. 79. 79. 79. 79. 79. 79. 79. 79. 79. 79. 79. 79. 79. 79. 79. 79. 79. 79. 79. 79. 79. 79. 79. 79. 79. 79. 79. 79. 79. 79. 79. 79. 79. 79. 79. 79. 79. 79. 80. 80. 80. 80. 80. 80. 80. 80. 80. 80. 80. 80. 80. 80.
   96  79. 79. 79. 79. 79. 79. 79. 79. 79. 79. 79. 79. 79. 79. 79. 79. 79. 79. 79. 79. 79. 79. 79. 79. 79. 79. 79. 79. 79. 79. 79. 79. 79. 79. 79. 79. 79. 79. 79. 79. 79. 79. 79. 79. 79. 79. 79. 79. 79. 79. 79. 79. 79. 79. 79. 79. 79. 79. 79. 79. 79. 79. 79. 79. 79. 79. 79. 79. 79. 79. 79. 79. 79. 79. 79. 79. 79. 79. 79. 79. 79. 79. 79. 79. 79. 79. 79. 79. 79. 79. 79. 79. 79. 79. 79. 79. 79. 79. 79. 79. 79. 79. 79. 79. 79. 79. 79. 79. 79. 79. 79. 79. 79. 79. 79. 79. 79. 79. 79. 79. 79. 79. 79. 79. 79. 79. 79. 79. 79. 79. 79. 79. 79. 79. 79. 79. 80. 80. 80. 80. 80. 80. 80. 80. 80. 80. 80. 80. 80. 80.
   95  79. 79. 79. 79. 79. 79. 79. 79. 79. 79. 79. 79. 79. 79. 79. 79. 79. 79. 79. 79. 79. 79. 79. 79. 79. 79. 79. 79. 79. 79. 79. 79. 79. 79. 79. 79. 79. 79. 79. 79. 79. 79. 79. 79. 79. 79. 79. 79. 79. 79. 79. 79. 79. 79. 79. 79. 79. 79. 79. 79. 79. 79. 79. 79. 79. 79. 79. 79. 79. 79. 79. 79. 79. 79. 79. 79. 79. 79. 79. 79. 79. 79. 79. 79. 79. 79. 79. 79. 79. 79. 79. 79. 79. 79. 79. 79. 79. 79. 79. 79. 79. 79. 79. 79. 79. 79. 79. 79. 79. 79. 79. 79. 79. 79. 79. 79. 79. 79. 79. 79. 79. 79. 79. 79. 79. 79. 79. 79. 79. 79. 79. 79. 79. 79. 79. 79. 80. 80. 80. 80. 80. 80. 80. 80. 80. 80. 80. 80. 80. 80.
   94  79. 79. 79. 79. 79. 79. 79. 79. 79. 79. 79. 79. 79. 79. 79. 79. 79. 79. 79. 79. 79. 79. 79. 79. 79. 79. 79. 79. 79. 79. 79. 79. 79. 79. 79. 79. 79. 79. 79. 79. 79. 79. 79. 79. 79. 79. 79. 79. 79. 79. 79. 79. 79. 79. 79. 79. 79. 79. 79. 79. 79. 79. 79. 79. 79. 79. 79. 79. 79. 79. 79. 79. 79. 79. 79. 79. 79. 79. 79. 79. 79. 79. 79. 79. 79. 79. 79. 79. 79. 79. 79. 79. 79. 79. 79. 79. 79. 79. 79. 79. 79. 79. 79. 79. 79. 79. 79. 79. 79. 79. 79. 79. 79. 79. 79. 79. 79. 79. 79. 79. 79. 79. 79. 79. 79. 79. 79. 79. 79. 79. 79. 79. 79. 79. 79. 79. 80. 80. 80. 80. 80. 80. 80. 80. 80. 80. 80. 80. 80. 80.
   93  79. 79. 79. 79. 79. 79. 79. 79. 79. 79. 79. 79. 79. 79. 79. 79. 79. 79. 79. 79. 79. 79. 79. 79. 79. 79. 79. 79. 79. 79. 79. 79. 79. 79. 79. 79. 79. 79. 79. 79. 79. 79. 79. 79. 79. 79. 79. 79. 79. 79. 79. 79. 79. 79. 79. 79. 79. 79. 79. 79. 79. 79. 79. 79. 79. 79. 79. 79. 79. 79. 79. 79. 79. 79. 79. 79. 79. 79. 79. 79. 79. 79. 79. 79. 79. 79. 79. 79. 79. 79. 79. 79. 79. 79. 79. 79. 79. 79. 79. 79. 79. 79. 79. 79. 79. 79. 79. 79. 79. 79. 79. 79. 79. 79. 79. 79. 79. 79. 79. 79. 79. 79. 79. 79. 79. 79. 79. 79. 79. 79. 79. 79. 79. 79. 79. 79. 79. 80. 80. 80. 80. 80. 80. 80. 80. 80. 80. 80. 80. 80.
   92  79. 79. 79. 79. 79. 79. 79. 79. 79. 79. 79. 79. 79. 79. 79. 79. 79. 79. 79. 79. 79. 79. 79. 79. 79. 79. 79. 79. 79. 79. 79. 79. 79. 79. 79. 79. 79. 79. 79. 79. 79. 79. 79. 79. 79. 79. 79. 79. 79. 79. 79. 79. 79. 79. 79. 79. 79. 79. 79. 79. 79. 79. 79. 79. 79. 79. 79. 79. 79. 79. 79. 79. 79. 79. 79. 79. 79. 79. 79. 79. 79. 79. 79. 79. 79. 79. 79. 79. 79. 79. 79. 79. 79. 79. 79. 79. 79. 79. 79. 79. 79. 79. 79. 79. 79. 79. 79. 79. 79. 79. 79. 79. 79. 79. 79. 79. 79. 79. 79. 79. 79. 79. 79. 79. 79. 79. 79. 79. 79. 79. 79. 79. 79. 79. 79. 79. 79. 80. 80. 80. 80. 80. 80. 80. 80. 80. 80. 80. 80. 80.
   91  79. 79. 79. 79. 79. 79. 79. 79. 79. 79. 79. 79. 79. 79. 79. 79. 79. 79. 79. 79. 79. 79. 79. 79. 79. 79. 79. 79. 79. 79. 79. 79. 79. 79. 79. 79. 79. 79. 79. 79. 79. 79. 79. 79. 79. 79. 79. 79. 79. 79. 79. 79. 79. 79. 79. 79. 79. 79. 79. 79. 79. 79. 79. 79. 79. 79. 79. 79. 79. 79. 79. 79. 79. 79. 79. 79. 79. 79. 79. 79. 79. 79. 79. 79. 79. 79. 79. 79. 79. 79. 79. 79. 79. 79. 79. 79. 79. 79. 79. 79. 79. 79. 79. 79. 79. 79. 79. 79. 79. 79. 79. 79. 79. 79. 79. 79. 79. 79. 79. 79. 79. 79. 79. 79. 79. 79. 79. 79. 79. 79. 79. 79. 79. 79. 79. 79. 79. 80. 80. 80. 80. 80. 80. 80. 80. 80. 80. 80. 80. 80.
   90  79. 79. 79. 79. 79. 79. 79. 79. 79. 79. 79. 79. 79. 79. 79. 79. 79. 79. 79. 79. 79. 79. 79. 79. 79. 79. 79. 79. 79. 79. 79. 79. 79. 79. 79. 79. 79. 79. 79. 79. 79. 79. 79. 79. 79. 79. 79. 79. 79. 79. 79. 79. 79. 79. 79. 79. 79. 79. 79. 79. 79. 79. 79. 79. 79. 79. 79. 79. 79. 79. 79. 79. 79. 79. 79. 79. 79. 79. 79. 79. 79. 79. 79. 79. 79. 79. 79. 79. 79. 79. 79. 79. 79. 79. 79. 79. 79. 79. 79. 79. 79. 79. 79. 79. 79. 79. 79. 79. 79. 79. 79. 79. 79. 79. 79. 79. 79. 79. 79. 79. 79. 79. 79. 79. 79. 79. 79. 79. 79. 79. 79. 79. 79. 79. 79. 79. 79. 80. 80. 80. 80. 80. 80. 80. 80. 80. 80. 80. 80. 80.
   89  79. 79. 79. 79. 79. 79. 79. 79. 79. 79. 79. 79. 79. 79. 79. 79. 79. 79. 79. 79. 79. 79. 79. 79. 79. 79. 79. 79. 79. 79. 79. 79. 79. 79. 79. 79. 79. 79. 79. 79. 79. 79. 79. 79. 79. 79. 79. 79. 79. 79. 79. 79. 79. 79. 79. 79. 79. 79. 79. 79. 79. 79. 79. 79. 79. 79. 79. 79. 79. 79. 79. 79. 79. 79. 79. 79. 79. 79. 79. 79. 79. 79. 79. 79. 79. 79. 79. 79. 79. 79. 79. 79. 79. 79. 79. 79. 79. 79. 79. 79. 79. 79. 79. 79. 79. 79. 79. 79. 79. 79. 79. 79. 79. 79. 79. 79. 79. 79. 79. 79. 79. 79. 79. 79. 79. 79. 79. 79. 79. 79. 79. 79. 79. 79. 79. 79. 79. 80. 80. 80. 80. 80. 80. 80. 80. 80. 80. 80. 80. 80.
   88  79. 79. 79. 79. 79. 79. 79. 79. 79. 79. 79. 79. 79. 79. 79. 79. 79. 79. 79. 79. 79. 79. 79. 79. 79. 79. 79. 79. 79. 79. 79. 79. 79. 79. 79. 79. 79. 79. 79. 79. 79. 79. 79. 79. 79. 79. 79. 79. 79. 79. 79. 79. 79. 79. 79. 79. 79. 79. 79. 79. 79. 79. 79. 79. 79. 79. 79. 79. 79. 79. 79. 79. 79. 79. 79. 79. 79. 79. 79. 79. 79. 79. 79. 79. 79. 79. 79. 79. 79. 79. 79. 79. 79. 79. 79. 79. 79. 79. 79. 79. 79. 79. 79. 79. 79. 79. 79. 79. 79. 79. 79. 79. 79. 79. 79. 79. 79. 79. 79. 79. 79. 79. 79. 79. 79. 79. 79. 79. 79. 79. 79. 79. 79. 79. 79. 79. 79. 80. 80. 80. 80. 80. 80. 80. 80. 80. 80. 80. 80. 80.
   87  79. 79. 79. 79. 79. 79. 79. 79. 79. 79. 79. 79. 79. 79. 79. 79. 79. 79. 79. 79. 79. 79. 79. 79. 79. 79. 79. 79. 79. 79. 79. 79. 79. 79. 79. 79. 79. 79. 79. 79. 79. 79. 79. 79. 79. 79. 79. 79. 79. 79. 79. 79. 79. 79. 79. 79. 79. 79. 79. 79. 79. 79. 79. 79. 79. 79. 79. 79. 79. 79. 79. 79. 79. 79. 79. 79. 79. 79. 79. 79. 79. 79. 79. 79. 79. 79. 79. 79. 79. 79. 79. 79. 79. 79. 79. 79. 79. 79. 79. 79. 79. 79. 79. 79. 79. 79. 79. 79. 79. 79. 79. 79. 79. 79. 79. 79. 79. 79. 79. 79. 79. 79. 79. 79. 79. 79. 79. 79. 79. 79. 79. 79. 79. 79. 79. 79. 79. 80. 80. 80. 80. 80. 80. 80. 80. 80. 80. 80. 80. 80.
   86  79. 79. 79. 79. 79. 79. 79. 79. 79. 79. 79. 79. 79. 79. 79. 79. 79. 79. 79. 79. 79. 79. 79. 79. 79. 79. 79. 79. 79. 79. 79. 79. 79. 79. 79. 79. 79. 79. 79. 79. 79. 79. 79. 79. 79. 79. 79. 79. 79. 79. 79. 79. 79. 79. 79. 79. 79. 79. 79. 79. 79. 79. 79. 79. 79. 79. 79. 79. 79. 79. 79. 79. 79. 79. 79. 79. 79. 79. 79. 79. 79. 79. 79. 79. 79. 79. 79. 79. 79. 79. 79. 79. 79. 79. 79. 79. 79. 79. 79. 79. 79. 79. 79. 79. 79. 79. 79. 79. 79. 79. 79. 79. 79. 79. 79. 79. 79. 79. 79. 79. 79. 79. 79. 79. 79. 79. 79. 79. 79. 79. 79. 79. 79. 79. 79. 79. 79. 80. 80. 80. 80. 80. 80. 80. 80. 80. 80. 80. 80. 80.
   85  79. 79. 79. 79. 79. 79. 79. 79. 79. 79. 79. 79. 79. 79. 79. 79. 79. 79. 79. 79. 79. 79. 79. 79. 79. 79. 79. 79. 79. 79. 79. 79. 79. 79. 79. 79. 79. 79. 79. 79. 79. 79. 79. 79. 79. 79. 79. 79. 79. 79. 79. 79. 79. 79. 79. 79. 79. 79. 79. 79. 79. 79. 79. 79. 79. 79. 79. 79. 79. 79. 79. 79. 79. 79. 79. 79. 79. 79. 79. 79. 79. 79. 79. 79. 79. 79. 79. 79. 79. 79. 79. 79. 79. 79. 79. 79. 79. 79. 79. 79. 79. 79. 79. 79. 79. 79. 79. 79. 79. 79. 79. 79. 79. 79. 79. 79. 79. 79. 79. 79. 79. 79. 79. 79. 79. 79. 79. 79. 79. 79. 79. 79. 79. 79. 79. 79. 79. 80. 80. 80. 80. 80. 80. 80. 80. 80. 80. 80. 80. 80.
   84  79. 79. 79. 79. 79. 79. 79. 79. 79. 79. 79. 79. 79. 79. 79. 79. 79. 79. 79. 79. 79. 79. 79. 79. 79. 79. 79. 79. 79. 79. 79. 79. 79. 79. 79. 79. 79. 79. 79. 79. 79. 79. 79. 79. 79. 79. 79. 79. 79. 79. 79. 79. 79. 79. 79. 79. 79. 79. 79. 79. 79. 79. 79. 79. 79. 79. 79. 79. 79. 79. 79. 79. 79. 79. 79. 79. 79. 79. 79. 79. 79. 79. 79. 79. 79. 79. 79. 79. 79. 79. 79. 79. 79. 79. 79. 79. 79. 79. 79. 79. 79. 79. 79. 79. 79. 79. 79. 79. 79. 79. 79. 79. 79. 79. 79. 79. 79. 79. 79. 79. 79. 79. 79. 79. 79. 79. 79. 79. 79. 79. 79. 79. 79. 79. 79. 79. 79. 80. 80. 80. 80. 80. 80. 80. 80. 80. 80. 80. 80. 80.
   83  79. 79. 79. 79. 79. 79. 79. 79. 79. 79. 79. 79. 79. 79. 79. 79. 79. 79. 79. 79. 79. 79. 79. 79. 79. 79. 79. 79. 79. 79. 79. 79. 79. 79. 79. 79. 79. 79. 79. 79. 79. 79. 79. 79. 79. 79. 79. 79. 79. 79. 79. 79. 79. 79. 79. 79. 79. 79. 79. 79. 79. 79. 79. 79. 79. 79. 79. 79. 79. 79. 79. 79. 79. 79. 79. 79. 79. 79. 79. 79. 79. 79. 79. 79. 79. 79. 79. 79. 79. 79. 79. 79. 79. 79. 79. 79. 79. 79. 79. 79. 79. 79. 79. 79. 79. 79. 79. 79. 79. 79. 79. 79. 79. 79. 79. 79. 79. 79. 79. 79. 79. 79. 79. 79. 79. 79. 79. 79. 79. 79. 79. 79. 79. 79. 79. 79. 79. 80. 80. 80. 80. 80. 80. 80. 80. 80. 80. 80. 80. 80.
   82  79. 79. 79. 79. 79. 79. 79. 79. 79. 79. 79. 79. 79. 79. 79. 79. 79. 79. 79. 79. 79. 79. 79. 79. 79. 79. 79. 79. 79. 79. 79. 79. 79. 79. 79. 79. 79. 79. 79. 79. 79. 79. 79. 79. 79. 79. 79. 79. 79. 79. 79. 79. 79. 79. 79. 79. 79. 79. 79. 79. 79. 79. 79. 79. 79. 79. 79. 79. 79. 79. 79. 79. 79. 79. 79. 79. 79. 79. 79. 79. 79. 79. 79. 79. 79. 79. 79. 79. 79. 79. 79. 79. 79. 79. 79. 79. 79. 79. 79. 79. 79. 79. 79. 79. 79. 79. 79. 79. 79. 79. 79. 79. 79. 79. 79. 79. 79. 79. 79. 79. 79. 79. 79. 79. 79. 79. 79. 79. 79. 79. 79. 79. 79. 79. 79. 79. 79. 80. 80. 80. 80. 80. 80. 80. 80. 80. 80. 80. 80. 80.
   81  79. 79. 79. 79. 79. 79. 79. 79. 79. 79. 79. 79. 79. 79. 79. 79. 79. 79. 79. 79. 79. 79. 79. 79. 79. 79. 79. 79. 79. 79. 79. 79. 79. 79. 79. 79. 79. 79. 79. 79. 79. 79. 79. 79. 79. 79. 79. 79. 79. 79. 79. 79. 79. 79. 79. 79. 79. 79. 79. 79. 79. 79. 79. 79. 79. 79. 79. 79. 79. 79. 79. 79. 79. 79. 79. 79. 79. 79. 79. 79. 79. 79. 79. 79. 79. 79. 79. 79. 79. 79. 79. 79. 79. 79. 79. 79. 79. 79. 79. 79. 79. 79. 79. 79. 79. 79. 79. 79. 79. 79. 79. 79. 79. 79. 79. 79. 79. 79. 79. 79. 79. 79. 79. 79. 79. 79. 79. 79. 79. 79. 79. 79. 79. 79. 79. 79. 79. 80. 80. 80. 80. 80. 80. 80. 80. 80. 80. 80. 80. 80.
   80  79. 79. 79. 79. 79. 79. 79. 79. 79. 79. 79. 79. 79. 79. 79. 79. 79. 79. 79. 79. 79. 79. 79. 79. 79. 79. 79. 79. 79. 79. 79. 79. 79. 79. 79. 79. 79. 79. 79. 79. 79. 79. 79. 79. 79. 79. 79. 79. 79. 79. 79. 79. 79. 79. 79. 79. 79. 79. 79. 79. 79. 79. 79. 79. 79. 79. 79. 79. 79. 79. 79. 79. 79. 79. 79. 79. 79. 79. 79. 79. 79. 79. 79. 79. 79. 79. 79. 79. 79. 79. 79. 79. 79. 79. 79. 79. 79. 79. 79. 79. 79. 79. 79. 79. 79. 79. 79. 79. 79. 79. 79. 79. 79. 79. 79. 79. 79. 79. 79. 79. 79. 79. 79. 79. 79. 79. 79. 79. 79. 79. 79. 79. 79. 79. 79. 79. 79. 80. 80. 80. 80. 80. 80. 80. 80. 80. 80. 80. 80. 80.
   79  79. 79. 79. 79. 79. 79. 79. 79. 79. 79. 79. 79. 79. 79. 79. 79. 79. 79. 79. 78. 79. 79. 79. 79. 79. 79. 79. 79. 79. 79. 79. 79. 79. 79. 79. 79. 79. 79. 79. 79. 79. 79. 79. 79. 79. 79. 79. 79. 79. 79. 79. 79. 79. 79. 79. 79. 79. 79. 79. 79. 79. 79. 79. 79. 79. 79. 79. 79. 79. 79. 79. 79. 79. 79. 79. 79. 79. 79. 79. 79. 79. 79. 79. 79. 79. 79. 79. 79. 79. 79. 79. 79. 79. 79. 79. 79. 79. 79. 79. 79. 79. 79. 79. 79. 79. 79. 79. 79. 79. 79. 79. 79. 79. 79. 79. 79. 79. 79. 79. 79. 79. 79. 79. 79. 79. 79. 79. 79. 79. 79. 79. 79. 79. 79. 79. 79. 79. 79. 80. 80. 80. 80. 80. 80. 80. 80. 80. 80. 80. 80.
   78  79. 79. 79. 79. 79. 79. 79. 79. 79. 79. 79. 79. 79. 79. 79. 79. 79. 79. 78. 78. 78. 79. 79. 79. 79. 79. 79. 79. 79. 79. 79. 79. 79. 79. 79. 79. 79. 79. 79. 79. 79. 79. 79. 79. 79. 79. 79. 79. 79. 79. 79. 79. 79. 79. 79. 79. 79. 79. 79. 79. 79. 79. 79. 79. 79. 79. 79. 79. 79. 79. 79. 79. 79. 79. 79. 79. 79. 79. 79. 79. 79. 79. 79. 79. 79. 79. 79. 79. 79. 79. 79. 79. 79. 79. 79. 79. 79. 79. 79. 79. 79. 79. 79. 79. 79. 79. 79. 79. 79. 79. 79. 79. 79. 79. 79. 79. 79. 79. 79. 79. 79. 79. 79. 79. 79. 79. 79. 79. 79. 79. 79. 79. 79. 79. 79. 79. 79. 79. 80. 80. 80. 80. 80. 80. 80. 80. 80. 80. 80. 80.
   77  79. 79. 79. 79. 79. 79. 79. 79. 79. 79. 79. 79. 79. 79. 79. 79. 79. 78. 78. 78. 78. 79. 79. 79. 79. 79. 79. 79. 79. 79. 79. 79. 79. 79. 79. 79. 79. 79. 79. 79. 79. 79. 79. 79. 79. 79. 79. 79. 79. 79. 79. 79. 79. 79. 79. 79. 79. 79. 79. 79. 79. 79. 79. 79. 79. 79. 79. 79. 79. 79. 79. 79. 79. 79. 79. 79. 79. 79. 79. 79. 79. 79. 79. 79. 79. 79. 79. 79. 79. 79. 79. 79. 79. 79. 79. 79. 79. 79. 79. 79. 79. 79. 79. 79. 79. 79. 79. 79. 79. 79. 79. 79. 79. 79. 79. 79. 79. 79. 79. 79. 79. 79. 79. 79. 79. 79. 79. 79. 79. 79. 79. 79. 79. 79. 79. 79. 79. 79. 80. 80. 80. 80. 80. 80. 80. 80. 80. 80. 80. 80.
   76  79. 79. 79. 79. 79. 79. 79. 79. 79. 79. 79. 79. 79. 79. 79. 78. 78. 78. 78. 78. 78. 79. 79. 79. 79. 79. 79. 79. 79. 79. 79. 79. 79. 79. 79. 79. 79. 79. 79. 79. 79. 79. 79. 79. 79. 79. 79. 79. 79. 79. 79. 79. 79. 79. 79. 79. 79. 79. 79. 79. 79. 79. 79. 79. 79. 79. 79. 79. 79. 79. 79. 79. 79. 79. 79. 79. 79. 79. 79. 79. 79. 79. 79. 79. 79. 79. 79. 79. 79. 79. 79. 79. 79. 79. 79. 79. 79. 79. 79. 79. 79. 79. 79. 79. 79. 79. 79. 79. 79. 79. 79. 79. 79. 79. 79. 79. 79. 79. 79. 79. 79. 79. 79. 79. 79. 79. 79. 79. 79. 79. 79. 79. 79. 79. 79. 79. 79. 79. 80. 80. 80. 80. 80. 80. 80. 80. 80. 80. 80. 80.
   75  79. 79. 79. 79. 79. 79. 79. 79. 79. 79. 79. 79. 79. 79. 79. 78. 78. 78. 78. 78. 78. 79. 79. 79. 79. 79. 79. 79. 79. 79. 79. 79. 79. 79. 79. 79. 79. 79. 79. 79. 79. 79. 79. 79. 79. 79. 79. 79. 79. 79. 79. 79. 79. 79. 79. 79. 79. 79. 79. 79. 79. 79. 79. 79. 79. 79. 79. 79. 79. 79. 79. 79. 79. 79. 79. 79. 79. 79. 79. 79. 79. 79. 79. 79. 79. 79. 79. 79. 79. 79. 79. 79. 79. 79. 79. 79. 79. 79. 79. 79. 79. 79. 79. 79. 79. 79. 79. 79. 79. 79. 79. 79. 79. 79. 79. 79. 79. 79. 79. 79. 79. 79. 79. 79. 79. 79. 79. 79. 79. 79. 79. 79. 79. 79. 79. 79. 79. 79. 80. 80. 80. 80. 80. 80. 80. 80. 80. 80. 80. 80.
   74  79. 79. 79. 79. 79. 79. 79. 79. 79. 79. 79. 79. 79. 79. 78. 78. 78. 78. 78. 78. 78. 78. 79. 79. 79. 79. 79. 79. 79. 79. 79. 79. 79. 79. 79. 79. 79. 79. 79. 79. 79. 79. 79. 79. 79. 79. 79. 79. 79. 79. 79. 79. 79. 79. 79. 79. 79. 79. 79. 79. 79. 79. 79. 79. 79. 79. 79. 79. 79. 79. 79. 79. 79. 79. 79. 79. 79. 79. 79. 79. 79. 79. 79. 79. 79. 79. 79. 79. 79. 79. 79. 79. 79. 79. 79. 79. 79. 79. 79. 79. 79. 79. 79. 79. 79. 79. 79. 79. 79. 79. 79. 79. 79. 79. 79. 79. 79. 79. 79. 79. 79. 79. 79. 79. 79. 79. 79. 79. 79. 79. 79. 79. 79. 79. 79. 79. 79. 79. 80. 80. 80. 80. 80. 80. 80. 80. 80. 80. 80. 80.
   73  79. 79. 79. 79. 79. 79. 79. 79. 79. 79. 79. 79. 79. 79. 78. 78. 78. 78. 78. 78. 78. 78. 79. 79. 79. 79. 79. 79. 79. 79. 79. 79. 79. 79. 79. 79. 79. 79. 79. 79. 79. 79. 79. 79. 79. 79. 79. 79. 79. 79. 79. 79. 79. 79. 79. 79. 79. 79. 79. 79. 79. 79. 79. 79. 79. 79. 79. 79. 79. 79. 79. 79. 79. 79. 79. 79. 79. 79. 79. 79. 79. 79. 79. 79. 79. 79. 79. 79. 79. 79. 79. 79. 79. 79. 79. 79. 79. 79. 79. 79. 79. 79. 79. 79. 79. 79. 79. 79. 79. 79. 79. 79. 79. 79. 79. 79. 79. 79. 79. 79. 79. 79. 79. 79. 79. 79. 79. 79. 79. 79. 79. 79. 79. 79. 79. 79. 79. 79. 80. 80. 80. 80. 80. 80. 80. 80. 80. 80. 80. 80.
   72  79. 79. 79. 79. 79. 79. 79. 79. 79. 79. 79. 79. 79. 79. 78. 78. 78. 78. 78. 78. 78. 78. 79. 79. 79. 79. 79. 79. 79. 79. 79. 79. 79. 79. 79. 79. 79. 79. 79. 79. 79. 79. 79. 79. 79. 79. 79. 79. 79. 79. 79. 79. 79. 79. 79. 79. 79. 79. 79. 79. 79. 79. 79. 79. 79. 79. 79. 79. 79. 79. 79. 79. 79. 79. 79. 79. 79. 79. 79. 79. 79. 79. 79. 79. 79. 79. 79. 79. 79. 79. 79. 79. 79. 79. 79. 79. 79. 79. 79. 79. 79. 79. 79. 79. 79. 79. 79. 79. 79. 79. 79. 79. 79. 79. 79. 79. 79. 79. 79. 79. 79. 79. 79. 79. 79. 79. 79. 79. 79. 79. 79. 79. 79. 79. 79. 79. 79. 79. 80. 80. 80. 80. 80. 80. 80. 80. 80. 80. 80. 80.
   71  79. 79. 79. 79. 79. 79. 79. 79. 79. 79. 79. 79. 79. 78. 78. 78. 78. 78. 78. 78. 78. 78. 79. 79. 79. 79. 79. 79. 79. 79. 79. 79. 79. 79. 79. 79. 79. 79. 79. 79. 79. 79. 79. 79. 79. 79. 79. 79. 79. 79. 79. 79. 79. 79. 79. 79. 79. 79. 79. 79. 79. 79. 79. 79. 79. 79. 79. 79. 79. 79. 79. 79. 79. 79. 79. 79. 79. 79. 79. 79. 79. 79. 79. 79. 79. 79. 79. 79. 79. 79. 79. 79. 79. 79. 79. 79. 79. 79. 79. 79. 79. 79. 79. 79. 79. 79. 79. 79. 79. 79. 79. 79. 79. 79. 79. 79. 79. 79. 79. 79. 79. 79. 79. 79. 79. 79. 79. 79. 79. 79. 79. 79. 79. 79. 79. 79. 79. 79. 80. 80. 80. 80. 80. 80. 80. 80. 80. 80. 80. 80.
   70  79. 79. 79. 79. 79. 79. 79. 79. 79. 79. 79. 79. 79. 78. 78. 78. 78. 78. 78. 78. 78. 78. 79. 79. 79. 79. 79. 79. 79. 79. 79. 79. 79. 79. 79. 79. 79. 79. 79. 79. 79. 79. 79. 79. 79. 79. 79. 79. 79. 79. 79. 79. 79. 79. 79. 79. 79. 79. 79. 79. 79. 79. 79. 79. 79. 79. 79. 79. 79. 79. 79. 79. 79. 79. 79. 79. 79. 79. 79. 79. 79. 79. 79. 79. 79. 79. 79. 79. 79. 79. 79. 79. 79. 79. 79. 79. 79. 79. 79. 79. 79. 79. 79. 79. 79. 79. 79. 79. 79. 79. 79. 79. 79. 79. 79. 79. 79. 79. 79. 79. 79. 79. 79. 79. 79. 79. 79. 79. 79. 79. 79. 79. 79. 79. 79. 79. 79. 79. 80. 80. 80. 80. 80. 80. 80. 80. 80. 80. 80. 80.
   69  79. 79. 79. 79. 79. 79. 79. 79. 79. 79. 79. 79. 79. 78. 78. 78. 78. 78. 78. 78. 78. 78. 79. 79. 79. 79. 79. 79. 79. 79. 79. 79. 79. 79. 79. 79. 79. 79. 79. 79. 79. 79. 79. 79. 79. 79. 79. 79. 79. 79. 79. 79. 79. 79. 79. 79. 79. 79. 79. 79. 79. 79. 79. 79. 79. 79. 79. 79. 79. 79. 79. 79. 79. 79. 79. 79. 79. 79. 79. 79. 79. 79. 79. 79. 79. 79. 79. 79. 79. 79. 79. 79. 79. 79. 79. 79. 79. 79. 79. 79. 79. 79. 79. 79. 79. 79. 79. 79. 79. 79. 79. 79. 79. 79. 79. 79. 79. 79. 79. 79. 79. 79. 79. 79. 79. 79. 79. 79. 79. 79. 79. 79. 79. 79. 79. 79. 79. 79. 80. 80. 80. 80. 80. 80. 80. 80. 80. 80. 80. 80.
   68  79. 79. 79. 79. 79. 79. 79. 79. 79. 79. 79. 79. 79. 78. 78. 78. 78. 78. 78. 78. 78. 78. 79. 79. 79. 79. 79. 79. 79. 79. 79. 79. 79. 79. 79. 79. 79. 79. 79. 79. 79. 79. 79. 79. 79. 79. 79. 79. 79. 79. 79. 79. 79. 79. 79. 79. 79. 79. 79. 79. 79. 79. 79. 79. 79. 79. 79. 79. 79. 79. 79. 79. 79. 79. 79. 79. 79. 79. 79. 79. 79. 79. 79. 79. 79. 79. 79. 79. 79. 79. 79. 79. 79. 79. 79. 79. 79. 79. 79. 79. 79. 79. 79. 79. 79. 79. 79. 79. 79. 79. 79. 79. 79. 79. 79. 79. 79. 79. 79. 79. 79. 79. 79. 79. 79. 79. 79. 79. 79. 79. 79. 79. 79. 79. 79. 79. 79. 79. 80. 80. 80. 80. 80. 80. 80. 80. 80. 80. 80. 80.
   67  79. 79. 79. 79. 79. 79. 79. 79. 79. 79. 79. 79. 79. 78. 78. 78. 78. 78. 78. 78. 78. 78. 78. 79. 79. 79. 79. 79. 79. 79. 79. 79. 79. 79. 79. 79. 79. 79. 79. 79. 79. 79. 79. 79. 79. 79. 79. 79. 79. 79. 79. 79. 79. 79. 79. 79. 79. 79. 79. 79. 79. 79. 79. 79. 79. 79. 79. 79. 79. 79. 79. 79. 79. 79. 79. 79. 79. 79. 79. 79. 79. 79. 79. 79. 79. 79. 79. 79. 79. 79. 79. 79. 79. 79. 79. 79. 79. 79. 79. 79. 79. 79. 79. 79. 79. 79. 79. 79. 79. 79. 79. 79. 79. 79. 79. 79. 79. 79. 79. 79. 79. 79. 79. 79. 79. 79. 79. 79. 79. 79. 79. 79. 79. 79. 79. 79. 79. 79. 80. 80. 80. 80. 80. 80. 80. 80. 80. 80. 80. 80.
   66  79. 79. 79. 79. 79. 79. 79. 79. 79. 79. 79. 79. 79. 78. 78. 78. 78. 78. 78. 78. 78. 78. 78. 79. 79. 79. 79. 79. 79. 79. 79. 79. 79. 79. 79. 79. 79. 79. 79. 79. 79. 79. 79. 79. 79. 79. 79. 79. 79. 79. 79. 79. 79. 79. 79. 79. 79. 79. 79. 79. 79. 79. 79. 79. 79. 79. 79. 79. 79. 79. 79. 79. 79. 79. 79. 79. 79. 79. 79. 79. 79. 79. 79. 79. 79. 79. 79. 79. 79. 79. 79. 79. 79. 79. 79. 79. 79. 79. 79. 79. 79. 79. 79. 79. 79. 79. 79. 79. 79. 79. 79. 79. 79. 79. 79. 79. 79. 79. 79. 79. 79. 79. 79. 79. 79. 79. 79. 79. 79. 79. 79. 79. 79. 79. 79. 79. 79. 79. 80. 80. 80. 80. 80. 80. 80. 80. 80. 80. 80. 80.
   65  79. 79. 79. 79. 79. 79. 79. 79. 79. 79. 79. 79. 79. 78. 78. 78. 78. 78. 78. 78. 78. 78. 78. 79. 79. 79. 79. 79. 79. 79. 79. 79. 79. 79. 79. 79. 79. 79. 79. 79. 79. 79. 79. 79. 79. 79. 79. 79. 79. 79. 79. 79. 79. 79. 79. 79. 79. 79. 79. 79. 79. 79. 79. 79. 79. 79. 79. 79. 79. 79. 79. 79. 79. 79. 79. 79. 79. 79. 79. 79. 79. 79. 79. 79. 79. 79. 79. 79. 79. 79. 79. 79. 79. 79. 79. 79. 79. 79. 79. 79. 79. 79. 79. 79. 79. 79. 79. 79. 79. 79. 79. 79. 79. 79. 79. 79. 79. 79. 79. 79. 79. 79. 79. 79. 79. 79. 79. 79. 79. 79. 79. 79. 79. 79. 79. 79. 79. 79. 80. 80. 80. 80. 80. 80. 80. 80. 80. 80. 80. 80.
   64  79. 79. 79. 79. 79. 79. 79. 79. 79. 79. 79. 79. 78. 78. 78. 78. 78. 78. 78. 78. 78. 78. 78. 79. 79. 79. 79. 79. 79. 79. 79. 79. 79. 79. 79. 79. 79. 79. 79. 79. 79. 79. 79. 79. 79. 79. 79. 79. 79. 79. 79. 79. 79. 79. 79. 79. 79. 79. 79. 79. 79. 79. 79. 79. 79. 79. 79. 79. 79. 79. 79. 79. 79. 79. 79. 79. 79. 79. 79. 79. 79. 79. 79. 79. 79. 79. 79. 79. 79. 79. 79. 79. 79. 79. 79. 79. 79. 79. 79. 79. 79. 79. 79. 79. 79. 79. 79. 79. 79. 79. 79. 79. 79. 79. 79. 79. 79. 79. 79. 79. 79. 79. 79. 79. 79. 79. 79. 79. 79. 79. 79. 79. 79. 79. 79. 79. 79. 79. 80. 80. 80. 80. 80. 80. 80. 80. 80. 80. 80. 80.
   63  79. 79. 79. 79. 79. 79. 79. 79. 79. 79. 79. 79. 78. 78. 78. 78. 78. 78. 78. 78. 78. 78. 78. 79. 79. 79. 79. 79. 79. 79. 79. 79. 79. 79. 79. 79. 79. 79. 79. 79. 79. 79. 79. 79. 79. 79. 79. 79. 79. 79. 79. 79. 79. 79. 79. 79. 79. 79. 79. 79. 79. 79. 79. 79. 79. 79. 79. 79. 79. 79. 79. 79. 79. 79. 79. 79. 79. 79. 79. 79. 79. 79. 79. 79. 79. 79. 79. 79. 79. 79. 79. 79. 79. 79. 79. 79. 79. 79. 79. 79. 79. 79. 79. 79. 79. 79. 79. 79. 79. 79. 79. 79. 79. 79. 79. 79. 79. 79. 79. 79. 79. 79. 79. 79. 79. 79. 79. 79. 79. 79. 79. 79. 79. 79. 79. 79. 79. 79. 80. 80. 80. 80. 80. 80. 80. 80. 80. 80. 80. 80.
   62  79. 79. 79. 79. 79. 79. 79. 79. 79. 79. 79. 79. 78. 78. 78. 78. 78. 78. 78. 78. 78. 78. 78. 79. 79. 79. 79. 79. 79. 79. 79. 79. 79. 79. 79. 79. 79. 79. 79. 79. 79. 79. 79. 79. 79. 79. 79. 79. 79. 79. 79. 79. 79. 79. 79. 79. 79. 79. 79. 79. 79. 79. 79. 79. 79. 79. 79. 79. 79. 79. 79. 79. 79. 79. 79. 79. 79. 79. 79. 79. 79. 79. 79. 79. 79. 79. 79. 79. 79. 79. 79. 79. 79. 79. 79. 79. 79. 79. 79. 79. 79. 79. 79. 79. 79. 79. 79. 79. 79. 79. 79. 79. 79. 79. 79. 79. 79. 79. 79. 79. 79. 79. 79. 79. 79. 79. 79. 79. 79. 79. 79. 79. 79. 79. 79. 79. 79. 79. 80. 80. 80. 80. 80. 80. 80. 80. 80. 80. 80. 80.
   61  79. 79. 79. 79. 79. 79. 79. 79. 79. 79. 79. 79. 78. 78. 78. 78. 78. 78. 78. 78. 78. 78. 78. 79. 79. 79. 79. 79. 79. 79. 79. 79. 79. 79. 79. 79. 79. 79. 79. 79. 79. 79. 79. 79. 79. 79. 79. 79. 79. 79. 79. 79. 79. 79. 79. 79. 79. 79. 79. 79. 79. 79. 79. 79. 79. 79. 79. 79. 79. 79. 79. 79. 79. 79. 79. 79. 79. 79. 79. 79. 79. 79. 79. 79. 79. 79. 79. 79. 79. 79. 79. 79. 79. 79. 79. 79. 79. 79. 79. 79. 79. 79. 79. 79. 79. 79. 79. 79. 79. 79. 79. 79. 79. 79. 79. 79. 79. 79. 79. 79. 79. 79. 79. 79. 79. 79. 79. 79. 79. 79. 79. 79. 79. 79. 79. 79. 79. 79. 80. 80. 80. 80. 80. 80. 80. 80. 80. 80. 80. 80.
   60  79. 79. 79. 79. 79. 79. 79. 79. 79. 79. 79. 79. 78. 78. 78. 78. 78. 78. 78. 78. 78. 78. 78. 79. 79. 79. 79. 79. 79. 79. 79. 79. 79. 79. 79. 79. 79. 79. 79. 79. 79. 79. 79. 79. 79. 79. 79. 79. 79. 79. 79. 79. 79. 79. 79. 79. 79. 79. 79. 79. 79. 79. 79. 79. 79. 79. 79. 79. 79. 79. 79. 79. 79. 79. 79. 79. 79. 79. 79. 79. 79. 79. 79. 79. 79. 79. 79. 79. 79. 79. 79. 79. 79. 79. 79. 79. 79. 79. 79. 79. 79. 79. 79. 79. 79. 79. 79. 79. 79. 79. 79. 79. 79. 79. 79. 79. 79. 79. 79. 79. 79. 79. 79. 79. 79. 79. 79. 79. 79. 79. 79. 79. 79. 79. 79. 79. 79. 79. 79. 80. 80. 80. 80. 80. 80. 80. 80. 80. 80. 80.
   59  79. 79. 79. 79. 79. 79. 79. 79. 79. 79. 79. 79. 78. 78. 78. 78. 78. 78. 78. 78. 78. 78. 78. 79. 79. 79. 79. 79. 79. 79. 79. 79. 79. 79. 79. 79. 79. 79. 79. 79. 79. 79. 79. 79. 79. 79. 79. 79. 79. 79. 79. 79. 79. 79. 79. 79. 79. 79. 79. 79. 79. 79. 79. 79. 79. 79. 79. 79. 79. 79. 79. 79. 79. 79. 79. 79. 79. 79. 79. 79. 79. 79. 79. 79. 79. 79. 79. 79. 79. 79. 79. 79. 79. 79. 79. 79. 79. 79. 79. 79. 79. 79. 79. 79. 79. 79. 79. 79. 79. 79. 79. 79. 79. 79. 79. 79. 79. 79. 79. 79. 79. 79. 79. 79. 79. 79. 79. 79. 79. 79. 79. 79. 79. 79. 79. 79. 79. 79. 79. 80. 80. 80. 80. 80. 80. 80. 80. 80. 80. 80.
   58  79. 79. 79. 79. 79. 79. 79. 79. 79. 79. 79. 79. 78. 78. 78. 78. 78. 78. 78. 78. 78. 78. 78. 78. 79. 79. 79. 79. 79. 79. 79. 79. 79. 79. 79. 79. 79. 79. 79. 79. 79. 79. 79. 79. 79. 79. 79. 79. 79. 79. 79. 79. 79. 79. 79. 79. 79. 79. 79. 79. 79. 79. 79. 79. 79. 79. 79. 79. 79. 79. 79. 79. 79. 79. 79. 79. 79. 79. 79. 79. 79. 79. 79. 79. 79. 79. 79. 79. 79. 79. 79. 79. 79. 79. 79. 79. 79. 79. 79. 79. 79. 79. 79. 79. 79. 79. 79. 79. 79. 79. 79. 79. 79. 79. 79. 79. 79. 79. 79. 79. 79. 79. 79. 79. 79. 79. 79. 79. 79. 79. 79. 79. 79. 79. 79. 79. 79. 79. 79. 80. 80. 80. 80. 80. 80. 80. 80. 80. 80. 80.
   57  79. 79. 79. 79. 79. 79. 79. 79. 79. 79. 79. 79. 78. 78. 78. 78. 78. 78. 78. 78. 78. 78. 78. 78. 79. 79. 79. 79. 79. 79. 79. 79. 79. 79. 79. 79. 79. 79. 79. 79. 79. 79. 79. 79. 79. 79. 79. 79. 79. 79. 79. 79. 79. 79. 79. 79. 79. 79. 79. 79. 79. 79. 79. 79. 79. 79. 79. 79. 79. 79. 79. 79. 79. 79. 79. 79. 79. 79. 79. 79. 79. 79. 79. 79. 79. 79. 79. 79. 79. 79. 79. 79. 79. 79. 79. 79. 79. 79. 79. 79. 79. 79. 79. 79. 79. 79. 79. 79. 79. 79. 79. 79. 79. 79. 79. 79. 79. 79. 79. 79. 79. 79. 79. 79. 79. 79. 79. 79. 79. 79. 79. 79. 79. 79. 79. 79. 79. 79. 79. 80. 80. 80. 80. 80. 80. 80. 80. 80. 80. 80.
   56  79. 79. 79. 79. 79. 79. 79. 79. 79. 79. 79. 79. 78. 78. 78. 78. 78. 78. 78. 78. 78. 78. 78. 78. 79. 79. 79. 79. 79. 79. 79. 79. 79. 79. 79. 79. 79. 79. 79. 79. 79. 79. 79. 79. 79. 79. 79. 79. 79. 79. 79. 79. 79. 79. 79. 79. 79. 79. 79. 79. 79. 79. 79. 79. 79. 79. 79. 79. 79. 79. 79. 79. 79. 79. 79. 79. 79. 79. 79. 79. 79. 79. 79. 79. 79. 79. 79. 79. 79. 79. 79. 79. 79. 79. 79. 79. 79. 79. 79. 79. 79. 79. 79. 79. 79. 79. 79. 79. 79. 79. 79. 79. 79. 79. 79. 79. 79. 79. 79. 79. 79. 79. 79. 79. 79. 79. 79. 79. 79. 79. 79. 79. 79. 79. 79. 79. 79. 79. 79. 80. 80. 80. 80. 80. 80. 80. 80. 80. 80. 80.
   55  79. 79. 79. 79. 79. 79. 79. 79. 79. 79. 79. 79. 78. 78. 78. 78. 78. 78. 78. 78. 78. 78. 78. 78. 79. 79. 79. 79. 79. 79. 79. 79. 79. 79. 79. 79. 79. 79. 79. 79. 79. 79. 79. 79. 79. 79. 79. 79. 79. 79. 79. 79. 79. 79. 79. 79. 79. 79. 79. 79. 79. 79. 79. 79. 79. 79. 79. 79. 79. 79. 79. 79. 79. 79. 79. 79. 79. 79. 79. 79. 79. 79. 79. 79. 79. 79. 79. 79. 79. 79. 79. 79. 79. 79. 79. 79. 79. 79. 79. 79. 79. 79. 79. 79. 79. 79. 79. 79. 79. 79. 79. 79. 79. 79. 79. 79. 79. 79. 79. 79. 79. 79. 79. 79. 79. 79. 79. 79. 79. 79. 79. 79. 79. 79. 79. 79. 79. 79. 79. 80. 80. 80. 80. 80. 80. 80. 80. 80. 80. 80.
   54  79. 79. 79. 79. 79. 79. 79. 79. 79. 79. 79. 79. 78. 78. 78. 78. 78. 78. 78. 78. 78. 78. 78. 78. 79. 79. 79. 79. 79. 79. 79. 79. 79. 79. 79. 79. 79. 79. 79. 79. 79. 79. 79. 79. 79. 79. 79. 79. 79. 79. 79. 79. 79. 79. 79. 79. 79. 79. 79. 79. 79. 79. 79. 79. 79. 79. 79. 79. 79. 79. 79. 79. 79. 79. 79. 79. 79. 79. 79. 79. 79. 79. 79. 79. 79. 79. 79. 79. 79. 79. 79. 79. 79. 79. 79. 79. 79. 79. 79. 79. 79. 79. 79. 79. 79. 79. 79. 79. 79. 79. 79. 79. 79. 79. 79. 79. 79. 79. 79. 79. 79. 79. 79. 79. 79. 79. 79. 79. 79. 79. 79. 79. 79. 79. 79. 79. 79. 79. 79. 80. 80. 80. 80. 80. 80. 80. 80. 80. 80. 80.
   53  79. 79. 79. 79. 79. 79. 79. 79. 79. 79. 79. 78. 78. 78. 78. 78. 78. 78. 78. 78. 78. 78. 78. 78. 79. 79. 79. 79. 79. 79. 79. 79. 79. 79. 79. 79. 79. 79. 79. 79. 79. 79. 79. 79. 79. 79. 79. 79. 79. 79. 79. 79. 79. 79. 79. 79. 79. 79. 79. 79. 79. 79. 79. 79. 79. 79. 79. 79. 79. 79. 79. 79. 79. 79. 79. 79. 79. 79. 79. 79. 79. 79. 79. 79. 79. 79. 79. 79. 79. 79. 79. 79. 79. 79. 79. 79. 79. 79. 79. 79. 79. 79. 79. 79. 79. 79. 79. 79. 79. 79. 79. 79. 79. 79. 79. 79. 79. 79. 79. 79. 79. 79. 79. 79. 79. 79. 79. 79. 79. 79. 79. 79. 79. 79. 79. 79. 79. 79. 79. 80. 80. 80. 80. 80. 80. 80. 80. 80. 80. 80.
   52  79. 79. 79. 79. 79. 79. 79. 79. 79. 79. 79. 78. 78. 78. 78. 78. 78. 78. 78. 78. 78. 78. 78. 78. 79. 79. 79. 79. 79. 79. 79. 79. 79. 79. 79. 79. 79. 79. 79. 79. 79. 79. 79. 79. 79. 79. 79. 79. 79. 79. 79. 79. 79. 79. 79. 79. 79. 79. 79. 79. 79. 79. 79. 79. 79. 79. 79. 79. 79. 79. 79. 79. 79. 79. 79. 79. 79. 79. 79. 79. 79. 79. 79. 79. 79. 79. 79. 79. 79. 79. 79. 79. 79. 79. 79. 79. 79. 79. 79. 79. 79. 79. 79. 79. 79. 79. 79. 79. 79. 79. 79. 79. 79. 79. 79. 79. 79. 79. 79. 79. 79. 79. 79. 79. 79. 79. 79. 79. 79. 79. 79. 79. 79. 79. 79. 79. 79. 79. 79. 80. 80. 80. 80. 80. 80. 80. 80. 80. 80. 80.
   51  79. 79. 79. 79. 79. 79. 79. 79. 79. 79. 79. 78. 78. 78. 78. 78. 78. 78. 78. 78. 78. 78. 78. 78. 79. 79. 79. 79. 79. 79. 79. 79. 79. 79. 79. 79. 79. 79. 79. 79. 79. 79. 79. 79. 79. 79. 79. 79. 79. 79. 79. 79. 79. 79. 79. 79. 79. 79. 79. 79. 79. 79. 79. 79. 79. 79. 79. 79. 79. 79. 79. 79. 79. 79. 79. 79. 79. 79. 79. 79. 79. 79. 79. 79. 79. 79. 79. 79. 79. 79. 79. 79. 79. 79. 79. 79. 79. 79. 79. 79. 79. 79. 79. 79. 79. 79. 79. 79. 79. 79. 79. 79. 79. 79. 79. 79. 79. 79. 79. 79. 79. 79. 79. 79. 79. 79. 79. 79. 79. 79. 79. 79. 79. 79. 79. 79. 79. 79. 79. 80. 80. 80. 80. 80. 80. 80. 80. 80. 80. 80.
   50  79. 79. 79. 79. 79. 79. 79. 79. 79. 79. 79. 78. 78. 78. 78. 78. 78. 78. 78. 78. 78. 78. 78. 78. 79. 79. 79. 79. 79. 79. 79. 79. 79. 79. 79. 79. 79. 79. 79. 79. 79. 79. 79. 79. 79. 79. 79. 79. 79. 79. 79. 79. 79. 79. 79. 79. 79. 79. 79. 79. 79. 79. 79. 79. 79. 79. 79. 79. 79. 79. 79. 79. 79. 79. 79. 79. 79. 79. 79. 79. 79. 79. 79. 79. 79. 79. 79. 79. 79. 79. 79. 79. 79. 79. 79. 79. 79. 79. 79. 79. 79. 79. 79. 79. 79. 79. 79. 79. 79. 79. 79. 79. 79. 79. 79. 79. 79. 79. 79. 79. 79. 79. 79. 79. 79. 79. 79. 79. 79. 79. 79. 79. 79. 79. 79. 79. 79. 79. 79. 80. 80. 80. 80. 80. 80. 80. 80. 80. 80. 80.
   49  79. 79. 79. 79. 79. 79. 79. 79. 79. 79. 79. 78. 78. 78. 78. 78. 78. 78. 78. 78. 78. 78. 78. 78. 79. 79. 79. 79. 79. 79. 79. 79. 79. 79. 79. 79. 79. 79. 79. 79. 79. 79. 79. 79. 79. 79. 79. 79. 79. 79. 79. 79. 79. 79. 79. 79. 79. 79. 79. 79. 79. 79. 79. 79. 79. 79. 79. 79. 79. 79. 79. 79. 79. 79. 79. 79. 79. 79. 79. 79. 79. 79. 79. 79. 79. 79. 79. 79. 79. 79. 79. 79. 79. 79. 79. 79. 79. 79. 79. 79. 79. 79. 79. 79. 79. 79. 79. 79. 79. 79. 79. 79. 79. 79. 79. 79. 79. 79. 79. 79. 79. 79. 79. 79. 79. 79. 79. 79. 79. 79. 79. 79. 79. 79. 79. 79. 79. 79. 79. 80. 80. 80. 80. 80. 80. 80. 80. 80. 80. 80.
   48  79. 79. 79. 79. 79. 79. 79. 79. 79. 79. 79. 78. 78. 78. 78. 78. 78. 78. 78. 78. 78. 78. 78. 78. 79. 79. 79. 79. 79. 79. 79. 79. 79. 79. 79. 79. 79. 79. 79. 79. 79. 79. 79. 79. 79. 79. 79. 79. 79. 79. 79. 79. 79. 79. 79. 79. 79. 79. 79. 79. 79. 79. 79. 79. 79. 79. 79. 79. 79. 79. 79. 79. 79. 79. 79. 79. 79. 79. 79. 79. 79. 79. 79. 79. 79. 79. 79. 79. 79. 79. 79. 79. 79. 79. 79. 79. 79. 79. 79. 79. 79. 79. 79. 79. 79. 79. 79. 79. 79. 79. 79. 79. 79. 79. 79. 79. 79. 79. 79. 79. 79. 79. 79. 79. 79. 79. 79. 79. 79. 79. 79. 79. 79. 79. 79. 79. 79. 79. 79. 80. 80. 80. 80. 80. 80. 80. 80. 80. 80. 80.
   47  79. 79. 79. 79. 79. 79. 79. 79. 79. 79. 79. 78. 78. 78. 78. 78. 78. 78. 78. 78. 78. 78. 78. 78. 78. 79. 79. 79. 79. 79. 79. 79. 79. 79. 79. 79. 79. 79. 79. 79. 79. 79. 78. 78. 79. 79. 79. 79. 79. 79. 79. 79. 79. 79. 79. 79. 79. 79. 79. 79. 79. 79. 79. 79. 79. 79. 79. 79. 79. 79. 79. 79. 79. 79. 79. 79. 79. 79. 79. 79. 79. 79. 79. 79. 79. 79. 79. 79. 79. 79. 79. 79. 79. 79. 79. 79. 79. 79. 79. 79. 79. 79. 79. 79. 79. 79. 79. 79. 79. 79. 79. 79. 79. 79. 79. 79. 79. 79. 79. 79. 79. 79. 79. 79. 79. 79. 79. 79. 79. 79. 79. 79. 79. 79. 79. 79. 79. 79. 79. 80. 80. 80. 80. 80. 80. 80. 80. 80. 80. 80.
   46  79. 79. 79. 79. 79. 79. 79. 79. 79. 79. 79. 78. 78. 78. 78. 78. 78. 78. 78. 78. 78. 78. 78. 78. 78. 79. 79. 79. 79. 79. 79. 79. 79. 79. 79. 79. 79. 79. 79. 79. 79. 79. 78. 78. 78. 79. 79. 79. 79. 79. 79. 79. 79. 79. 79. 79. 79. 79. 79. 79. 79. 79. 79. 79. 79. 79. 79. 79. 79. 79. 79. 79. 79. 79. 79. 79. 79. 79. 79. 79. 79. 79. 79. 79. 79. 79. 79. 79. 79. 79. 79. 79. 79. 79. 79. 79. 79. 79. 79. 79. 79. 79. 79. 79. 79. 79. 79. 79. 79. 79. 79. 79. 79. 79. 79. 79. 79. 79. 79. 79. 79. 79. 79. 79. 79. 79. 79. 79. 79. 79. 79. 79. 79. 79. 79. 79. 79. 79. 79. 80. 80. 80. 80. 80. 80. 80. 80. 80. 80. 80.
   45  79. 79. 79. 79. 79. 79. 79. 79. 79. 79. 79. 78. 78. 78. 78. 78. 78. 78. 78. 78. 78. 78. 78. 78. 78. 79. 79. 79. 79. 79. 79. 79. 79. 79. 79. 79. 79. 79. 79. 79. 79. 79. 78. 78. 78. 79. 79. 79. 79. 79. 79. 79. 79. 79. 79. 79. 79. 79. 79. 79. 79. 79. 79. 79. 79. 79. 79. 79. 79. 79. 79. 79. 79. 79. 79. 79. 79. 79. 79. 79. 79. 79. 79. 79. 79. 79. 79. 79. 79. 79. 79. 79. 79. 79. 79. 79. 79. 79. 79. 79. 79. 79. 79. 79. 79. 79. 79. 79. 79. 79. 79. 79. 79. 79. 79. 79. 79. 79. 79. 79. 79. 79. 79. 79. 79. 79. 79. 79. 79. 79. 79. 79. 79. 79. 79. 79. 79. 79. 79. 80. 80. 80. 80. 80. 80. 80. 80. 80. 80. 80.
   44  79. 79. 79. 79. 79. 79. 79. 79. 79. 79. 79. 78. 78. 78. 78. 78. 78. 78. 78. 78. 78. 78. 78. 78. 78. 79. 79. 79. 79. 79. 79. 79. 79. 79. 79. 79. 79. 79. 79. 79. 79. 78. 78. 78. 78. 78. 79. 79. 79. 79. 79. 79. 79. 79. 79. 79. 79. 79. 79. 79. 79. 79. 79. 79. 79. 79. 79. 79. 79. 79. 79. 79. 79. 79. 79. 79. 79. 79. 79. 79. 79. 79. 79. 79. 79. 79. 79. 79. 79. 79. 79. 79. 79. 79. 79. 79. 79. 79. 79. 79. 79. 79. 79. 79. 79. 79. 79. 79. 79. 79. 79. 79. 79. 79. 79. 79. 79. 79. 79. 79. 79. 79. 79. 79. 79. 79. 79. 79. 79. 79. 79. 79. 79. 79. 79. 79. 79. 79. 79. 80. 80. 80. 80. 80. 80. 80. 80. 80. 80. 80.
   43  79. 79. 79. 79. 79. 79. 79. 79. 79. 79. 79. 78. 78. 78. 78. 78. 78. 78. 78. 78. 78. 78. 78. 78. 78. 79. 79. 79. 79. 79. 79. 79. 79. 79. 79. 79. 79. 79. 79. 79. 79. 78. 78. 78. 78. 78. 79. 79. 79. 79. 79. 79. 79. 79. 79. 79. 79. 79. 79. 79. 79. 79. 79. 79. 79. 79. 79. 79. 79. 79. 79. 79. 79. 79. 79. 79. 79. 79. 79. 79. 79. 79. 79. 79. 79. 79. 79. 79. 79. 79. 79. 79. 79. 79. 79. 79. 79. 79. 79. 79. 79. 79. 79. 79. 79. 79. 79. 79. 79. 79. 79. 79. 79. 79. 79. 79. 79. 79. 79. 79. 79. 79. 79. 79. 79. 79. 79. 79. 79. 79. 79. 79. 79. 79. 79. 79. 79. 79. 79. 80. 80. 80. 80. 80. 80. 80. 80. 80. 80. 80.
   42  79. 79. 79. 79. 79. 79. 79. 79. 79. 79. 79. 78. 78. 78. 78. 78. 78. 78. 78. 78. 78. 78. 78. 78. 78. 79. 79. 79. 79. 79. 79. 79. 79. 79. 79. 79. 79. 79. 79. 79. 79. 78. 78. 78. 78. 78. 79. 79. 79. 79. 79. 79. 79. 79. 79. 79. 79. 79. 79. 79. 79. 79. 79. 79. 79. 79. 79. 79. 79. 79. 79. 79. 79. 79. 79. 79. 79. 79. 79. 79. 79. 79. 79. 79. 79. 79. 79. 79. 79. 79. 79. 79. 79. 79. 79. 79. 79. 79. 79. 79. 79. 79. 79. 79. 79. 79. 79. 79. 79. 79. 79. 79. 79. 79. 79. 79. 79. 79. 79. 79. 79. 79. 79. 79. 79. 79. 79. 79. 79. 79. 79. 79. 79. 79. 79. 79. 79. 79. 79. 80. 80. 80. 80. 80. 80. 80. 80. 80. 80. 80.
   41  79. 79. 79. 79. 79. 79. 79. 79. 79. 79. 79. 78. 78. 78. 78. 78. 78. 78. 78. 78. 78. 78. 78. 78. 78. 79. 79. 79. 79. 79. 79. 79. 79. 79. 79. 79. 79. 79. 79. 79. 79. 78. 78. 78. 78. 78. 78. 79. 79. 79. 79. 79. 79. 79. 79. 79. 79. 79. 79. 79. 79. 79. 79. 79. 79. 79. 79. 79. 79. 79. 79. 79. 79. 79. 79. 79. 79. 79. 79. 79. 79. 79. 79. 79. 79. 79. 79. 79. 79. 79. 79. 79. 79. 79. 79. 79. 79. 79. 79. 79. 79. 79. 79. 79. 79. 79. 79. 79. 79. 79. 79. 79. 79. 79. 79. 79. 79. 79. 79. 79. 79. 79. 79. 79. 79. 79. 79. 79. 79. 79. 79. 79. 79. 79. 79. 79. 79. 79. 79. 80. 80. 80. 80. 80. 80. 80. 80. 80. 80. 80.
   40  79. 79. 79. 79. 79. 79. 79. 79. 79. 79. 79. 78. 78. 78. 78. 78. 78. 78. 78. 78. 78. 78. 78. 78. 78. 79. 79. 79. 79. 79. 79. 79. 79. 79. 79. 79. 79. 79. 79. 79. 79. 78. 78. 78. 78. 78. 78. 79. 79. 79. 79. 79. 79. 79. 79. 79. 79. 79. 79. 79. 79. 79. 79. 79. 79. 79. 79. 79. 79. 79. 79. 79. 79. 79. 79. 79. 79. 79. 79. 79. 79. 79. 79. 79. 79. 79. 79. 79. 79. 79. 79. 79. 79. 79. 79. 79. 79. 79. 79. 79. 79. 79. 79. 79. 79. 79. 79. 79. 79. 79. 79. 79. 79. 79. 79. 79. 79. 79. 79. 79. 79. 79. 79. 79. 79. 79. 79. 79. 79. 79. 79. 79. 79. 79. 79. 79. 79. 79. 79. 79. 80. 80. 80. 80. 80. 80. 80. 80. 80. 80.
   39  79. 79. 79. 79. 79. 79. 79. 79. 79. 79. 79. 78. 78. 78. 78. 78. 78. 78. 78. 78. 78. 78. 78. 78. 78. 79. 79. 79. 79. 79. 79. 79. 79. 79. 79. 79. 79. 79. 79. 79. 79. 78. 78. 78. 78. 78. 78. 79. 79. 79. 79. 79. 79. 79. 79. 79. 79. 79. 79. 79. 79. 79. 79. 79. 79. 79. 79. 79. 79. 79. 79. 79. 79. 79. 79. 79. 79. 79. 79. 79. 79. 79. 79. 79. 79. 79. 79. 79. 79. 79. 79. 79. 79. 79. 79. 79. 79. 79. 79. 79. 79. 79. 79. 79. 79. 79. 79. 79. 79. 79. 79. 79. 79. 79. 79. 79. 79. 79. 79. 79. 79. 79. 79. 79. 79. 79. 79. 79. 79. 79. 79. 79. 79. 79. 79. 79. 79. 79. 79. 79. 80. 80. 80. 80. 80. 80. 80. 80. 80. 80.
   38  79. 79. 79. 79. 79. 79. 79. 79. 79. 79. 79. 78. 78. 78. 78. 78. 78. 78. 78. 78. 78. 78. 78. 78. 78. 79. 79. 79. 79. 79. 79. 79. 79. 79. 79. 79. 79. 79. 79. 79. 78. 78. 78. 78. 78. 78. 78. 78. 79. 79. 79. 79. 79. 79. 79. 79. 79. 79. 79. 79. 79. 79. 79. 79. 79. 79. 79. 79. 79. 79. 79. 79. 79. 79. 79. 79. 79. 79. 79. 79. 79. 79. 79. 79. 79. 79. 79. 79. 79. 79. 79. 79. 79. 79. 79. 79. 79. 79. 79. 79. 79. 79. 79. 79. 79. 79. 79. 79. 79. 79. 79. 79. 79. 79. 79. 79. 79. 79. 79. 79. 79. 79. 79. 79. 79. 79. 79. 79. 79. 79. 79. 79. 79. 79. 79. 79. 79. 79. 79. 79. 80. 80. 80. 80. 80. 80. 80. 80. 80. 80.
   37  79. 79. 79. 79. 79. 79. 79. 79. 79. 79. 79. 78. 78. 78. 78. 78. 78. 78. 78. 78. 78. 78. 78. 78. 78. 79. 79. 79. 79. 79. 79. 79. 79. 79. 79. 79. 79. 79. 79. 79. 78. 78. 78. 78. 78. 78. 78. 78. 79. 79. 79. 79. 79. 79. 79. 79. 79. 79. 79. 79. 79. 79. 79. 79. 79. 79. 79. 79. 79. 79. 79. 79. 79. 79. 79. 79. 79. 79. 79. 79. 79. 79. 79. 79. 79. 79. 79. 79. 79. 79. 79. 79. 79. 79. 79. 79. 79. 79. 79. 79. 79. 79. 79. 79. 79. 79. 79. 79. 79. 79. 79. 79. 79. 79. 79. 79. 79. 79. 79. 79. 79. 79. 79. 79. 79. 79. 79. 79. 79. 79. 79. 79. 79. 79. 79. 79. 79. 79. 79. 79. 80. 80. 80. 80. 80. 80. 80. 80. 80. 80.
   36  79. 79. 79. 79. 79. 79. 79. 79. 79. 79. 79. 78. 78. 78. 78. 78. 78. 78. 78. 78. 78. 78. 78. 78. 78. 78. 79. 79. 79. 79. 79. 79. 79. 79. 79. 79. 79. 79. 79. 79. 78. 78. 78. 78. 78. 78. 78. 78. 79. 79. 79. 79. 79. 79. 79. 79. 79. 79. 79. 79. 79. 79. 79. 79. 79. 79. 79. 79. 79. 79. 79. 79. 79. 79. 79. 79. 79. 79. 79. 79. 79. 79. 79. 79. 79. 79. 79. 79. 79. 79. 79. 79. 79. 79. 79. 79. 79. 79. 79. 79. 79. 79. 79. 79. 79. 79. 79. 79. 79. 79. 79. 79. 79. 79. 79. 79. 79. 79. 79. 79. 79. 79. 79. 79. 79. 79. 79. 79. 79. 79. 79. 79. 79. 79. 79. 79. 79. 79. 79. 79. 80. 80. 80. 80. 80. 80. 80. 80. 80. 80.
   35  79. 79. 79. 79. 79. 79. 79. 79. 79. 79. 79. 78. 78. 78. 78. 78. 78. 78. 78. 78. 78. 78. 78. 78. 78. 78. 79. 79. 79. 79. 79. 79. 79. 79. 79. 79. 79. 79. 79. 79. 78. 78. 78. 78. 78. 78. 78. 78. 79. 79. 79. 79. 79. 79. 79. 79. 79. 79. 79. 79. 79. 79. 79. 79. 79. 79. 79. 79. 79. 79. 79. 79. 79. 79. 79. 79. 79. 79. 79. 79. 79. 79. 79. 79. 79. 79. 79. 79. 79. 79. 79. 79. 79. 79. 79. 79. 79. 79. 79. 79. 79. 79. 79. 79. 79. 79. 79. 79. 79. 79. 79. 79. 79. 79. 79. 79. 79. 79. 79. 79. 79. 79. 79. 79. 79. 79. 79. 79. 79. 79. 79. 79. 79. 79. 79. 79. 79. 79. 79. 79. 80. 80. 80. 80. 80. 80. 80. 80. 80. 80.
   34  79. 79. 79. 79. 79. 79. 79. 79. 79. 79. 79. 78. 78. 78. 78. 78. 78. 78. 78. 78. 78. 78. 78. 78. 78. 78. 79. 79. 79. 79. 79. 79. 79. 79. 79. 79. 79. 79. 79. 79. 78. 78. 78. 78. 78. 78. 78. 78. 78. 79. 79. 79. 79. 79. 79. 79. 79. 79. 79. 79. 79. 79. 79. 79. 79. 79. 79. 79. 79. 79. 79. 79. 79. 79. 79. 79. 79. 79. 79. 79. 79. 79. 79. 79. 79. 79. 79. 79. 79. 79. 79. 79. 79. 79. 79. 79. 79. 79. 79. 79. 79. 79. 79. 79. 79. 79. 79. 79. 79. 79. 79. 79. 79. 79. 79. 79. 79. 79. 79. 79. 79. 79. 79. 79. 79. 79. 79. 79. 79. 79. 79. 79. 79. 79. 79. 79. 79. 79. 79. 79. 80. 80. 80. 80. 80. 80. 80. 80. 80. 80.
   33  79. 79. 79. 79. 79. 79. 79. 79. 79. 79. 78. 78. 78. 78. 78. 78. 78. 78. 78. 78. 78. 78. 78. 78. 78. 78. 79. 79. 79. 79. 79. 79. 79. 79. 79. 79. 79. 79. 79. 79. 78. 78. 78. 78. 78. 78. 78. 78. 78. 79. 79. 79. 79. 79. 79. 79. 79. 79. 79. 79. 79. 79. 79. 79. 79. 79. 79. 79. 79. 79. 79. 79. 79. 79. 79. 79. 79. 79. 79. 79. 79. 79. 79. 79. 79. 79. 79. 79. 79. 79. 79. 79. 79. 79. 79. 79. 79. 79. 79. 79. 79. 79. 79. 79. 79. 79. 79. 79. 79. 79. 79. 79. 79. 79. 79. 79. 79. 79. 79. 79. 79. 79. 79. 79. 79. 79. 79. 79. 79. 79. 79. 79. 79. 79. 79. 79. 79. 79. 79. 79. 80. 80. 80. 80. 80. 80. 80. 80. 80. 80.
   32  79. 79. 79. 79. 79. 79. 79. 79. 79. 79. 78. 78. 78. 78. 78. 78. 78. 78. 78. 78. 78. 78. 78. 78. 78. 78. 79. 79. 79. 79. 79. 79. 79. 79. 79. 79. 79. 79. 79. 79. 78. 78. 78. 78. 78. 78. 78. 78. 78. 79. 79. 79. 79. 79. 79. 79. 79. 79. 79. 79. 79. 79. 79. 79. 79. 79. 79. 79. 79. 79. 79. 79. 79. 79. 79. 79. 79. 79. 79. 79. 79. 79. 79. 79. 79. 79. 79. 79. 79. 79. 79. 79. 79. 79. 79. 79. 79. 79. 79. 79. 79. 79. 79. 79. 79. 79. 79. 79. 79. 79. 79. 79. 79. 79. 79. 79. 79. 79. 79. 79. 79. 79. 79. 79. 79. 79. 79. 79. 79. 79. 79. 79. 79. 79. 79. 79. 79. 79. 79. 79. 80. 80. 80. 80. 80. 80. 80. 80. 80. 80.
   31  79. 79. 79. 79. 79. 79. 79. 79. 79. 79. 78. 78. 78. 78. 78. 78. 78. 78. 78. 78. 78. 78. 78. 78. 78. 78. 79. 79. 79. 79. 79. 79. 79. 79. 79. 79. 79. 79. 79. 79. 78. 78. 78. 78. 78. 78. 78. 78. 78. 79. 79. 79. 79. 79. 79. 79. 79. 79. 79. 79. 79. 79. 79. 79. 79. 79. 79. 79. 79. 79. 79. 79. 79. 79. 79. 79. 79. 79. 79. 79. 79. 79. 79. 79. 79. 79. 79. 79. 79. 79. 79. 79. 79. 79. 79. 79. 79. 79. 79. 79. 79. 79. 79. 79. 79. 79. 79. 79. 79. 79. 79. 79. 79. 79. 79. 79. 79. 79. 79. 79. 79. 79. 79. 79. 79. 79. 79. 79. 79. 79. 79. 79. 79. 79. 79. 79. 79. 79. 79. 79. 80. 80. 80. 80. 80. 80. 80. 80. 80. 80.
   30  79. 79. 79. 79. 79. 79. 79. 79. 79. 79. 78. 78. 78. 78. 78. 78. 78. 78. 78. 78. 78. 78. 78. 78. 78. 78. 79. 79. 79. 79. 79. 79. 79. 79. 79. 79. 79. 79. 79. 79. 78. 78. 78. 78. 78. 78. 78. 78. 78. 78. 79. 79. 79. 79. 79. 79. 79. 79. 79. 79. 79. 79. 79. 79. 79. 79. 79. 79. 79. 79. 79. 79. 79. 79. 79. 79. 79. 79. 79. 79. 79. 79. 79. 79. 79. 79. 79. 79. 79. 79. 79. 79. 79. 79. 79. 79. 79. 79. 79. 79. 79. 79. 79. 79. 79. 79. 79. 79. 79. 79. 79. 79. 79. 79. 79. 79. 79. 79. 79. 79. 79. 79. 79. 79. 79. 79. 79. 79. 79. 79. 79. 79. 79. 79. 79. 79. 79. 79. 79. 79. 80. 80. 80. 80. 80. 80. 80. 80. 80. 80.
   29  79. 79. 79. 79. 79. 79. 79. 79. 79. 79. 78. 78. 78. 78. 78. 78. 78. 78. 78. 78. 78. 78. 78. 78. 78. 78. 79. 79. 79. 79. 79. 79. 79. 79. 79. 79. 79. 79. 79. 79. 78. 78. 78. 78. 78. 78. 78. 78. 78. 78. 79. 79. 79. 79. 79. 79. 79. 79. 79. 79. 79. 79. 79. 79. 79. 79. 79. 79. 79. 79. 79. 79. 79. 79. 79. 79. 79. 79. 79. 79. 79. 79. 79. 79. 79. 79. 79. 79. 79. 79. 79. 79. 79. 79. 79. 79. 79. 79. 79. 79. 79. 79. 79. 79. 79. 79. 79. 79. 79. 79. 79. 79. 79. 79. 79. 79. 79. 79. 79. 79. 79. 79. 79. 79. 79. 79. 79. 79. 79. 79. 79. 79. 79. 79. 79. 79. 79. 79. 79. 79. 80. 80. 80. 80. 80. 80. 80. 80. 80. 80.
   28  79. 79. 79. 79. 79. 79. 79. 79. 79. 79. 78. 78. 78. 78. 78. 78. 78. 78. 78. 78. 78. 78. 78. 78. 78. 78. 79. 79. 79. 79. 79. 79. 79. 79. 79. 79. 79. 79. 79. 79. 78. 78. 78. 78. 78. 78. 78. 78. 78. 78. 79. 79. 79. 79. 79. 79. 79. 79. 79. 79. 79. 79. 79. 79. 79. 79. 79. 79. 79. 79. 79. 79. 79. 79. 79. 79. 79. 79. 79. 79. 79. 79. 79. 79. 79. 79. 79. 79. 79. 79. 79. 79. 79. 79. 79. 79. 79. 79. 79. 79. 79. 79. 79. 79. 79. 79. 79. 79. 79. 79. 79. 79. 79. 79. 79. 79. 79. 79. 79. 79. 79. 79. 79. 79. 79. 79. 79. 79. 79. 79. 79. 79. 79. 79. 79. 79. 79. 79. 79. 79. 80. 80. 80. 80. 80. 80. 80. 80. 80. 80.
   27  79. 79. 79. 79. 79. 79. 79. 79. 79. 79. 78. 78. 78. 78. 78. 78. 78. 78. 78. 78. 78. 78. 78. 78. 78. 78. 79. 79. 79. 79. 79. 79. 79. 79. 79. 79. 79. 79. 79. 79. 78. 78. 78. 78. 78. 78. 78. 78. 78. 78. 79. 79. 79. 79. 79. 79. 79. 79. 79. 79. 79. 79. 79. 79. 79. 79. 79. 79. 79. 79. 79. 79. 79. 79. 79. 79. 79. 79. 79. 79. 79. 79. 79. 79. 79. 79. 79. 79. 79. 79. 79. 79. 79. 79. 79. 79. 79. 79. 79. 79. 79. 79. 79. 79. 79. 79. 79. 79. 79. 79. 79. 79. 79. 79. 79. 79. 79. 79. 79. 79. 79. 79. 79. 79. 79. 79. 79. 79. 79. 79. 79. 79. 79. 79. 79. 79. 79. 79. 79. 79. 80. 80. 80. 80. 80. 80. 80. 80. 80. 80.
   26  79. 79. 79. 79. 79. 79. 79. 79. 79. 79. 78. 78. 78. 78. 78. 78. 78. 78. 78. 78. 78. 78. 78. 78. 78. 78. 79. 79. 79. 79. 79. 79. 79. 79. 79. 79. 79. 79. 79. 79. 78. 78. 78. 78. 78. 78. 78. 78. 78. 78. 78. 79. 79. 79. 79. 79. 79. 79. 79. 79. 79. 79. 79. 79. 79. 79. 79. 79. 79. 79. 79. 79. 79. 79. 79. 79. 79. 79. 79. 79. 79. 79. 79. 79. 79. 79. 79. 79. 79. 79. 79. 79. 79. 79. 79. 79. 79. 79. 79. 79. 79. 79. 79. 79. 79. 79. 79. 79. 79. 79. 79. 79. 79. 79. 79. 79. 79. 79. 79. 79. 79. 79. 79. 79. 79. 79. 79. 79. 79. 79. 79. 79. 79. 79. 79. 79. 79. 79. 79. 79. 80. 80. 80. 80. 80. 80. 80. 80. 80. 80.
   25  79. 79. 79. 79. 79. 79. 79. 79. 79. 79. 78. 78. 78. 78. 78. 78. 78. 78. 78. 78. 78. 78. 78. 78. 78. 78. 79. 79. 79. 79. 79. 79. 79. 79. 79. 79. 79. 79. 79. 79. 78. 78. 78. 78. 78. 78. 78. 78. 78. 78. 78. 79. 79. 79. 79. 79. 79. 79. 79. 79. 79. 79. 79. 79. 79. 79. 79. 79. 79. 79. 79. 79. 79. 79. 79. 79. 79. 79. 79. 79. 79. 79. 79. 79. 79. 79. 79. 79. 79. 79. 79. 79. 79. 79. 79. 79. 79. 79. 79. 79. 79. 79. 79. 79. 79. 79. 79. 79. 79. 79. 79. 79. 79. 79. 79. 79. 79. 79. 79. 79. 79. 79. 79. 79. 79. 79. 79. 79. 79. 79. 79. 79. 79. 79. 79. 79. 79. 79. 79. 79. 80. 80. 80. 80. 80. 80. 80. 80. 80. 80.
   24  79. 79. 79. 79. 79. 79. 79. 79. 79. 79. 78. 78. 78. 78. 78. 78. 78. 78. 78. 78. 78. 78. 78. 78. 78. 78. 78. 79. 79. 79. 79. 79. 79. 79. 79. 79. 79. 79. 79. 78. 78. 78. 78. 78. 78. 78. 78. 78. 78. 78. 78. 79. 79. 79. 79. 79. 79. 79. 79. 79. 79. 79. 79. 79. 79. 79. 79. 79. 79. 79. 79. 79. 79. 79. 79. 79. 79. 79. 79. 79. 79. 79. 79. 79. 79. 79. 79. 79. 79. 79. 79. 79. 79. 79. 79. 79. 79. 79. 79. 79. 79. 79. 79. 79. 79. 79. 79. 79. 79. 79. 79. 79. 79. 79. 79. 79. 79. 79. 79. 79. 79. 79. 79. 79. 79. 79. 79. 79. 79. 79. 79. 79. 79. 79. 79. 79. 79. 79. 79. 79. 80. 80. 80. 80. 80. 80. 80. 80. 80. 80.
   23  79. 79. 79. 79. 79. 79. 79. 79. 79. 79. 78. 78. 78. 78. 78. 78. 78. 78. 78. 78. 78. 78. 78. 78. 78. 78. 78. 79. 79. 79. 79. 79. 79. 79. 79. 79. 79. 79. 79. 78. 78. 78. 78. 78. 78. 78. 78. 78. 78. 78. 78. 79. 79. 79. 79. 79. 79. 79. 79. 79. 79. 79. 79. 79. 79. 79. 79. 79. 79. 79. 79. 79. 79. 79. 79. 79. 79. 79. 79. 79. 79. 79. 79. 79. 79. 79. 79. 79. 79. 79. 79. 79. 79. 79. 79. 79. 79. 79. 79. 79. 79. 79. 79. 79. 79. 79. 79. 79. 79. 79. 79. 79. 79. 79. 79. 79. 79. 79. 79. 79. 79. 79. 79. 79. 79. 79. 79. 79. 79. 79. 79. 79. 79. 79. 79. 79. 79. 79. 79. 79. 80. 80. 80. 80. 80. 80. 80. 80. 80. 80.
   22  79. 79. 79. 79. 79. 79. 79. 79. 79. 79. 78. 78. 78. 78. 78. 78. 78. 78. 78. 78. 78. 78. 78. 78. 78. 78. 78. 79. 79. 79. 79. 79. 79. 79. 79. 79. 79. 79. 79. 78. 78. 78. 78. 78. 78. 78. 78. 78. 78. 78. 78. 78. 79. 79. 79. 79. 79. 79. 79. 79. 79. 79. 79. 79. 79. 79. 79. 79. 79. 79. 79. 79. 79. 79. 79. 79. 79. 79. 79. 79. 79. 79. 79. 79. 79. 79. 79. 79. 79. 79. 79. 79. 79. 79. 79. 79. 79. 79. 79. 79. 79. 79. 79. 79. 79. 79. 79. 79. 79. 79. 79. 79. 79. 79. 79. 79. 79. 79. 79. 79. 79. 79. 79. 79. 79. 79. 79. 79. 79. 79. 79. 79. 79. 79. 79. 79. 79. 79. 79. 79. 79. 80. 80. 80. 80. 80. 80. 80. 80. 80.
   21  79. 79. 79. 79. 79. 79. 79. 79. 79. 79. 78. 78. 78. 78. 78. 78. 78. 78. 78. 78. 78. 78. 78. 78. 78. 78. 78. 79. 79. 79. 79. 79. 79. 79. 79. 79. 79. 79. 79. 78. 78. 78. 78. 78. 78. 78. 78. 78. 78. 78. 78. 78. 79. 79. 79. 79. 79. 79. 79. 79. 79. 79. 79. 79. 79. 79. 79. 79. 79. 79. 79. 79. 79. 79. 79. 79. 79. 79. 79. 79. 79. 79. 79. 79. 79. 79. 79. 79. 79. 79. 79. 79. 79. 79. 79. 79. 79. 79. 79. 79. 79. 79. 79. 79. 79. 79. 79. 79. 79. 79. 79. 79. 79. 79. 79. 79. 79. 79. 79. 79. 79. 79. 79. 79. 79. 79. 79. 79. 79. 79. 79. 79. 79. 79. 79. 79. 79. 79. 79. 79. 79. 80. 80. 80. 80. 80. 80. 80. 80. 80.
   20  79. 79. 79. 79. 79. 79. 79. 79. 79. 79. 78. 78. 78. 78. 78. 78. 78. 78. 78. 78. 78. 78. 78. 78. 78. 78. 78. 79. 79. 79. 79. 79. 79. 79. 79. 79. 79. 79. 79. 78. 78. 78. 78. 78. 78. 78. 78. 78. 78. 78. 78. 78. 79. 79. 79. 79. 79. 79. 79. 79. 79. 79. 79. 79. 79. 79. 79. 79. 79. 79. 79. 79. 79. 79. 79. 79. 79. 79. 79. 79. 79. 79. 79. 79. 79. 79. 79. 79. 79. 79. 79. 79. 79. 79. 79. 79. 79. 79. 79. 79. 79. 79. 79. 79. 79. 79. 79. 79. 79. 79. 79. 79. 79. 79. 79. 79. 79. 79. 79. 79. 79. 79. 79. 79. 79. 79. 79. 79. 79. 79. 79. 79. 79. 79. 79. 79. 79. 79. 79. 79. 79. 80. 80. 80. 80. 80. 80. 80. 80. 80.
   19  79. 79. 79. 79. 79. 79. 79. 79. 79. 79. 78. 78. 78. 78. 78. 78. 78. 78. 78. 78. 78. 78. 78. 78. 78. 78. 78. 79. 79. 79. 79. 79. 79. 79. 79. 79. 79. 79. 79. 78. 78. 78. 78. 78. 78. 78. 78. 78. 78. 78. 78. 78. 79. 79. 79. 79. 79. 79. 79. 79. 79. 79. 79. 79. 79. 79. 79. 79. 79. 79. 79. 79. 79. 79. 79. 79. 79. 79. 79. 79. 79. 79. 79. 79. 79. 79. 79. 79. 79. 79. 79. 79. 79. 79. 79. 79. 79. 79. 79. 79. 79. 79. 79. 79. 79. 79. 79. 79. 79. 79. 79. 79. 79. 79. 79. 79. 79. 79. 79. 79. 79. 79. 79. 79. 79. 79. 79. 79. 79. 79. 79. 79. 79. 79. 79. 79. 79. 79. 79. 79. 79. 80. 80. 80. 80. 80. 80. 80. 80. 80.
   18  79. 79. 79. 79. 79. 79. 79. 79. 79. 79. 78. 78. 78. 78. 78. 78. 78. 78. 78. 78. 78. 78. 78. 78. 78. 78. 78. 79. 79. 79. 79. 79. 79. 79. 79. 79. 79. 79. 79. 78. 78. 78. 78. 78. 78. 78. 78. 78. 78. 78. 78. 78. 79. 79. 79. 79. 79. 79. 79. 79. 79. 79. 79. 79. 79. 79. 79. 79. 79. 79. 79. 79. 79. 79. 79. 79. 79. 79. 79. 79. 79. 79. 79. 79. 79. 79. 79. 79. 79. 79. 79. 79. 79. 79. 79. 79. 79. 79. 79. 79. 79. 79. 79. 79. 79. 79. 79. 79. 79. 79. 79. 79. 79. 79. 79. 79. 79. 79. 79. 79. 79. 79. 79. 79. 79. 79. 79. 79. 79. 79. 79. 79. 79. 79. 79. 79. 79. 79. 79. 79. 79. 80. 80. 80. 80. 80. 80. 80. 80. 80.
   17  79. 79. 79. 79. 79. 79. 79. 79. 79. 79. 78. 78. 78. 78. 78. 78. 78. 78. 78. 78. 78. 78. 78. 78. 78. 78. 78. 79. 79. 79. 79. 79. 79. 79. 79. 79. 79. 79. 79. 78. 78. 78. 78. 78. 78. 78. 78. 78. 78. 78. 78. 78. 78. 79. 79. 79. 79. 79. 79. 79. 79. 79. 79. 79. 79. 79. 79. 79. 79. 79. 79. 79. 79. 79. 79. 79. 79. 79. 79. 79. 79. 79. 79. 79. 79. 79. 79. 79. 79. 79. 79. 79. 79. 79. 79. 79. 79. 79. 79. 79. 79. 79. 79. 79. 79. 79. 79. 79. 79. 79. 79. 79. 79. 79. 79. 79. 79. 79. 79. 79. 79. 79. 79. 79. 79. 79. 79. 79. 79. 79. 79. 79. 79. 79. 79. 79. 79. 79. 79. 79. 79. 80. 80. 80. 80. 80. 80. 80. 80. 80.
   16  79. 79. 79. 79. 79. 79. 79. 79. 79. 79. 78. 78. 78. 78. 78. 78. 78. 78. 78. 78. 78. 78. 78. 78. 78. 78. 78. 79. 79. 79. 79. 79. 79. 79. 79. 79. 79. 79. 79. 78. 78. 78. 78. 78. 78. 78. 78. 78. 78. 78. 78. 78. 78. 79. 79. 79. 79. 79. 79. 79. 79. 79. 79. 79. 79. 79. 79. 79. 79. 79. 79. 79. 79. 79. 79. 79. 79. 79. 79. 79. 79. 79. 79. 79. 79. 79. 79. 79. 79. 79. 79. 79. 79. 79. 79. 79. 79. 79. 79. 79. 79. 79. 79. 79. 79. 79. 79. 79. 79. 79. 79. 79. 79. 79. 79. 79. 79. 79. 79. 79. 79. 79. 79. 79. 79. 79. 79. 79. 79. 79. 79. 79. 79. 79. 79. 79. 79. 79. 79. 79. 79. 80. 80. 80. 80. 80. 80. 80. 80. 80.
   15  79. 79. 79. 79. 79. 79. 79. 79. 79. 79. 78. 78. 78. 78. 78. 78. 78. 78. 78. 78. 78. 78. 78. 78. 78. 78. 78. 79. 79. 79. 79. 79. 79. 79. 79. 79. 79. 79. 79. 78. 78. 78. 78. 78. 78. 78. 78. 78. 78. 78. 78. 78. 78. 79. 79. 79. 79. 79. 79. 79. 79. 79. 79. 79. 79. 79. 79. 79. 79. 79. 79. 79. 79. 79. 79. 79. 79. 79. 79. 79. 79. 79. 79. 79. 79. 79. 79. 79. 79. 79. 79. 79. 79. 79. 79. 79. 79. 79. 79. 79. 79. 79. 79. 79. 79. 79. 79. 79. 79. 79. 79. 79. 79. 79. 79. 79. 79. 79. 79. 79. 79. 79. 79. 79. 79. 79. 79. 79. 79. 79. 79. 79. 79. 79. 79. 79. 79. 79. 79. 79. 79. 80. 80. 80. 80. 80. 80. 80. 80. 80.
   14  79. 79. 79. 79. 79. 79. 79. 79. 79. 79. 78. 78. 78. 78. 78. 78. 78. 78. 78. 78. 78. 78. 78. 78. 78. 78. 78. 79. 79. 79. 79. 79. 79. 79. 79. 79. 79. 79. 79. 78. 78. 78. 78. 78. 78. 78. 78. 78. 78. 78. 78. 78. 78. 79. 79. 79. 79. 79. 79. 79. 79. 79. 79. 79. 79. 79. 79. 79. 79. 79. 79. 79. 79. 79. 79. 79. 79. 79. 79. 79. 79. 79. 79. 79. 79. 79. 79. 79. 79. 79. 79. 79. 79. 79. 79. 79. 79. 79. 79. 79. 79. 79. 79. 79. 79. 79. 79. 79. 79. 79. 79. 79. 79. 79. 79. 79. 79. 79. 79. 79. 79. 79. 79. 79. 79. 79. 79. 79. 79. 79. 79. 79. 79. 79. 79. 79. 79. 79. 79. 79. 79. 80. 80. 80. 80. 80. 80. 80. 80. 80.
   13  79. 79. 79. 79. 79. 79. 79. 79. 79. 79. 78. 78. 78. 78. 78. 78. 78. 78. 78. 78. 78. 78. 78. 78. 78. 78. 78. 78. 79. 79. 79. 79. 79. 79. 79. 79. 79. 79. 79. 78. 78. 78. 78. 78. 78. 78. 78. 78. 78. 78. 78. 78. 78. 78. 79. 79. 79. 79. 79. 79. 79. 79. 79. 79. 79. 79. 79. 79. 79. 79. 79. 79. 79. 79. 79. 79. 79. 79. 79. 79. 79. 79. 79. 79. 79. 79. 79. 79. 79. 79. 79. 79. 79. 79. 79. 79. 79. 79. 79. 79. 79. 79. 79. 79. 79. 79. 79. 79. 79. 79. 79. 79. 79. 79. 79. 79. 79. 79. 79. 79. 79. 79. 79. 79. 79. 79. 79. 79. 79. 79. 79. 79. 79. 79. 79. 79. 79. 79. 79. 79. 79. 80. 80. 80. 80. 80. 80. 80. 80. 80.
   12  79. 79. 79. 79. 79. 79. 79. 79. 79. 79. 78. 78. 78. 78. 78. 78. 78. 78. 78. 78. 78. 78. 78. 78. 78. 78. 78. 78. 79. 79. 79. 79. 79. 79. 79. 79. 79. 79. 79. 78. 78. 78. 78. 78. 78. 78. 78. 78. 78. 78. 78. 78. 78. 78. 79. 79. 79. 79. 79. 79. 79. 79. 79. 79. 79. 79. 79. 79. 79. 79. 79. 79. 79. 79. 79. 79. 79. 79. 79. 79. 79. 79. 79. 79. 79. 79. 79. 79. 79. 79. 79. 79. 79. 79. 79. 79. 79. 79. 79. 79. 79. 79. 79. 79. 79. 79. 79. 79. 79. 79. 79. 79. 79. 79. 79. 79. 79. 79. 79. 79. 79. 79. 79. 79. 79. 79. 79. 79. 79. 79. 79. 79. 79. 79. 79. 79. 79. 79. 79. 79. 79. 80. 80. 80. 80. 80. 80. 80. 80. 80.
   11  79. 79. 79. 79. 79. 79. 79. 79. 79. 79. 78. 78. 78. 78. 78. 78. 78. 78. 78. 78. 78. 78. 78. 78. 78. 78. 78. 78. 79. 79. 79. 79. 79. 79. 79. 79. 79. 79. 79. 78. 78. 78. 78. 78. 78. 78. 78. 78. 78. 78. 78. 78. 78. 78. 79. 79. 79. 79. 79. 79. 79. 79. 79. 79. 79. 79. 79. 79. 79. 79. 79. 79. 79. 79. 79. 79. 79. 79. 79. 79. 79. 79. 79. 79. 79. 79. 79. 79. 79. 79. 79. 79. 79. 79. 79. 79. 79. 79. 79. 79. 79. 79. 79. 79. 79. 79. 79. 79. 79. 79. 79. 79. 79. 79. 79. 79. 79. 79. 79. 79. 79. 79. 79. 79. 79. 79. 79. 79. 79. 79. 79. 79. 79. 79. 79. 79. 79. 79. 79. 79. 79. 80. 80. 80. 80. 80. 80. 80. 80. 80.
   10  79. 79. 79. 79. 79. 79. 79. 79. 79. 79. 78. 78. 78. 78. 78. 78. 78. 78. 78. 78. 78. 78. 78. 78. 78. 78. 78. 78. 79. 79. 79. 79. 79. 79. 79. 79. 79. 79. 79. 78. 78. 78. 78. 78. 78. 78. 78. 78. 78. 78. 78. 78. 78. 78. 79. 79. 79. 79. 79. 79. 79. 79. 79. 79. 79. 79. 79. 79. 79. 79. 79. 79. 79. 79. 79. 79. 79. 79. 79. 79. 79. 79. 79. 79. 79. 79. 79. 79. 79. 79. 79. 79. 79. 79. 79. 79. 79. 79. 79. 79. 79. 79. 79. 79. 79. 79. 79. 79. 79. 79. 79. 79. 79. 79. 79. 79. 79. 79. 79. 79. 79. 79. 79. 79. 79. 79. 79. 79. 79. 79. 79. 79. 79. 79. 79. 79. 79. 79. 79. 79. 79. 80. 80. 80. 80. 80. 80. 80. 80. 80.
    9  79. 79. 79. 79. 79. 79. 79. 79. 79. 79. 78. 78. 78. 78. 78. 78. 78. 78. 78. 78. 78. 78. 78. 78. 78. 78. 78. 78. 79. 79. 79. 79. 79. 79. 79. 79. 79. 79. 79. 78. 78. 78. 78. 78. 78. 78. 78. 78. 78. 78. 78. 78. 78. 78. 79. 79. 79. 79. 79. 79. 79. 79. 79. 79. 79. 79. 79. 79. 79. 79. 79. 79. 79. 79. 79. 79. 79. 79. 79. 79. 79. 79. 79. 79. 79. 79. 79. 79. 79. 79. 79. 79. 79. 79. 79. 79. 79. 79. 79. 79. 79. 79. 79. 79. 79. 79. 79. 79. 79. 79. 79. 79. 79. 79. 79. 79. 79. 79. 79. 79. 79. 79. 79. 79. 79. 79. 79. 79. 79. 79. 79. 79. 79. 79. 79. 79. 79. 79. 79. 79. 79. 80. 80. 80. 80. 80. 80. 80. 80. 80.
    8  79. 79. 79. 79. 79. 79. 79. 79. 79. 79. 78. 78. 78. 78. 78. 78. 78. 78. 78. 78. 78. 78. 78. 78. 78. 78. 78. 78. 79. 79. 79. 79. 79. 79. 79. 79. 79. 79. 79. 78. 78. 78. 78. 78. 78. 78. 78. 78. 78. 78. 78. 78. 78. 78. 78. 79. 79. 79. 79. 79. 79. 79. 79. 79. 79. 79. 79. 79. 79. 79. 79. 79. 79. 79. 79. 79. 79. 79. 79. 79. 79. 79. 79. 79. 79. 79. 79. 79. 79. 79. 79. 79. 79. 79. 79. 79. 79. 79. 79. 79. 79. 79. 79. 79. 79. 79. 79. 79. 79. 79. 79. 79. 79. 79. 79. 79. 79. 79. 79. 79. 79. 79. 79. 79. 79. 79. 79. 79. 79. 79. 79. 79. 79. 79. 79. 79. 79. 79. 79. 79. 79. 80. 80. 80. 80. 80. 80. 80. 80. 80.
    7  79. 79. 79. 79. 79. 79. 79. 79. 79. 79. 78. 78. 78. 78. 78. 78. 78. 78. 78. 78. 78. 78. 78. 78. 78. 78. 78. 78. 79. 79. 79. 79. 79. 79. 79. 79. 79. 79. 79. 78. 78. 78. 78. 78. 78. 78. 78. 78. 78. 78. 78. 78. 78. 78. 78. 79. 79. 79. 79. 79. 79. 79. 79. 79. 79. 79. 79. 79. 79. 79. 79. 79. 79. 79. 79. 79. 79. 79. 79. 79. 79. 79. 79. 79. 79. 79. 79. 79. 79. 79. 79. 79. 79. 79. 79. 79. 79. 79. 79. 79. 79. 79. 79. 79. 79. 79. 79. 79. 79. 79. 79. 79. 79. 79. 79. 79. 79. 79. 79. 79. 79. 79. 79. 79. 79. 79. 79. 79. 79. 79. 79. 79. 79. 79. 79. 79. 79. 79. 79. 79. 79. 80. 80. 80. 80. 80. 80. 80. 80. 80.
    6  79. 79. 79. 79. 79. 79. 79. 79. 79. 79. 78. 78. 78. 78. 78. 78. 78. 78. 78. 78. 78. 78. 78. 78. 78. 78. 78. 78. 79. 79. 79. 79. 79. 79. 79. 79. 79. 79. 79. 78. 78. 78. 78. 78. 78. 78. 78. 78. 78. 78. 78. 78. 78. 78. 78. 79. 79. 79. 79. 79. 79. 79. 79. 79. 79. 79. 79. 79. 79. 79. 79. 79. 79. 79. 79. 79. 79. 79. 79. 79. 79. 79. 79. 79. 79. 79. 79. 79. 79. 79. 79. 79. 79. 79. 79. 79. 79. 79. 79. 79. 79. 79. 79. 79. 79. 79. 79. 79. 79. 79. 79. 79. 79. 79. 79. 79. 79. 79. 79. 79. 79. 79. 79. 79. 79. 79. 79. 79. 79. 79. 79. 79. 79. 79. 79. 79. 79. 79. 79. 79. 79. 80. 80. 80. 80. 80. 80. 80. 80. 80.
    5  79. 79. 79. 79. 79. 79. 79. 79. 79. 79. 78. 78. 78. 78. 78. 78. 78. 78. 78. 78. 78. 78. 78. 78. 78. 78. 78. 78. 79. 79. 79. 79. 79. 79. 79. 79. 79. 79. 79. 78. 78. 78. 78. 78. 78. 78. 78. 78. 78. 78. 78. 78. 78. 78. 78. 79. 79. 79. 79. 79. 79. 79. 79. 79. 79. 79. 79. 79. 79. 79. 79. 79. 79. 79. 79. 79. 79. 79. 79. 79. 79. 79. 79. 79. 79. 79. 79. 79. 79. 79. 79. 79. 79. 79. 79. 79. 79. 79. 79. 79. 79. 79. 79. 79. 79. 79. 79. 79. 79. 79. 79. 79. 79. 79. 79. 79. 79. 79. 79. 79. 79. 79. 79. 79. 79. 79. 79. 79. 79. 79. 79. 79. 79. 79. 79. 79. 79. 79. 79. 79. 79. 80. 80. 80. 80. 80. 80. 80. 80. 80.
    4  79. 79. 79. 79. 79. 79. 79. 79. 79. 79. 78. 78. 78. 78. 78. 78. 78. 78. 78. 78. 78. 78. 78. 78. 78. 78. 78. 78. 79. 79. 79. 79. 79. 79. 79. 79. 79. 79. 79. 78. 78. 78. 78. 78. 78. 78. 78. 78. 78. 78. 78. 78. 78. 78. 78. 79. 79. 79. 79. 79. 79. 79. 79. 79. 79. 79. 79. 79. 79. 79. 79. 79. 79. 79. 79. 79. 79. 79. 79. 79. 79. 79. 79. 79. 79. 79. 79. 79. 79. 79. 79. 79. 79. 79. 79. 79. 79. 79. 79. 79. 79. 79. 79. 79. 79. 79. 79. 79. 79. 79. 79. 79. 79. 79. 79. 79. 79. 79. 79. 79. 79. 79. 79. 79. 79. 79. 79. 79. 79. 79. 79. 79. 79. 79. 79. 79. 79. 79. 79. 79. 79. 79. 80. 80. 80. 80. 80. 80. 80. 80.
    3  79. 79. 79. 79. 79. 79. 79. 79. 79. 79. 78. 78. 78. 78. 78. 78. 78. 78. 78. 78. 78. 78. 78. 78. 78. 78. 78. 78. 79. 79. 79. 79. 79. 79. 79. 79. 79. 79. 79. 78. 78. 78. 78. 78. 78. 78. 78. 78. 78. 78. 78. 78. 78. 78. 78. 78. 79. 79. 79. 79. 79. 79. 79. 79. 79. 79. 79. 79. 79. 79. 79. 79. 79. 79. 79. 79. 79. 79. 79. 79. 79. 79. 79. 79. 79. 79. 79. 79. 79. 79. 79. 79. 79. 79. 79. 79. 79. 79. 79. 79. 79. 79. 79. 79. 79. 79. 79. 79. 79. 79. 79. 79. 79. 79. 79. 79. 79. 79. 79. 79. 79. 79. 79. 79. 79. 79. 79. 79. 79. 79. 79. 79. 79. 79. 79. 79. 79. 79. 79. 79. 79. 79. 80. 80. 80. 80. 80. 80. 80. 80.
    2  79. 79. 79. 79. 79. 79. 79. 79. 79. 79. 78. 78. 78. 78. 78. 78. 78. 78. 78. 78. 78. 78. 78. 78. 78. 78. 78. 78. 78. 79. 79. 79. 79. 79. 79. 79. 79. 79. 79. 78. 78. 78. 78. 78. 78. 78. 78. 78. 78. 78. 78. 78. 78. 78. 78. 78. 79. 79. 79. 79. 79. 79. 79. 79. 79. 79. 79. 79. 79. 79. 79. 79. 79. 79. 79. 79. 79. 79. 79. 79. 79. 79. 79. 79. 79. 79. 79. 79. 79. 79. 79. 79. 79. 79. 79. 79. 79. 79. 79. 79. 79. 79. 79. 79. 79. 79. 79. 79. 79. 79. 79. 79. 79. 79. 79. 79. 79. 79. 79. 79. 79. 79. 79. 79. 79. 79. 79. 79. 79. 79. 79. 79. 79. 79. 79. 79. 79. 79. 79. 79. 79. 79. 80. 80. 80. 80. 80. 80. 80. 80.
    1  78. 79. 79. 79. 79. 79. 79. 79. 79. 78. 78. 78. 78. 78. 78. 78. 78. 78. 78. 78. 78. 78. 78. 78. 78. 78. 78. 78. 78. 79. 79. 79. 79. 79. 79. 79. 79. 79. 79. 78. 78. 78. 78. 78. 78. 78. 78. 78. 78. 78. 78. 78. 78. 78. 78. 78. 79. 79. 79. 79. 79. 79. 79. 79. 79. 79. 79. 79. 79. 79. 79. 79. 79. 79. 79. 79. 79. 79. 79. 79. 79. 79. 79. 79. 79. 79. 79. 79. 79. 79. 79. 79. 79. 79. 79. 79. 79. 79. 79. 79. 79. 79. 79. 79. 79. 79. 79. 79. 79. 79. 79. 79. 79. 79. 79. 79. 79. 79. 79. 79. 79. 79. 79. 79. 79. 79. 79. 79. 79. 79. 79. 79. 79. 79. 79. 79. 79. 79. 79. 79. 79. 79. 80. 80. 80. 80. 80. 80. 80. 80.
    0  78. 79. 79. 79. 79. 79. 79. 79. 79. 78. 78. 78. 78. 78. 78. 78. 78. 78. 78. 78. 78. 78. 78. 78. 78. 78. 78. 78. 78. 79. 79. 79. 79. 79. 79. 79. 79. 79. 79. 78. 78. 78. 78. 78. 78. 78. 78. 78. 78. 78. 78. 78. 78. 78. 78. 78. 79. 79. 79. 79. 79. 79. 79. 79. 79. 79. 79. 79. 79. 79. 79. 79. 79. 79. 79. 79. 79. 79. 79. 79. 79. 79. 79. 79. 79. 79. 79. 79. 79. 79. 79. 79. 79. 79. 79. 79. 79. 79. 79. 79. 79. 79. 79. 79. 79. 79. 79. 79. 79. 79. 79. 79. 79. 79. 79. 79. 79. 79. 79. 79. 79. 79. 79. 79. 79. 79. 79. 79. 79. 79. 79. 79. 79. 79. 79. 79. 79. 79. 79. 79. 79. 79. 80. 80. 80. 80. 80. 80. 80. 80.
