Omega,Kt_H_1,Kr_H_1,power_1
1.25,0.8691512422939385,0.008532599350615122,0.0
