Omega,Kt_H_1,Kr_H_1,power_1
1.25,0.8301771399445086,0.01041410071217408,1532.3909952112733
