Omega,Kt_H_1,Kr_H_1,power_1
1.25,0.8885887450143933,0.00671615031192907,1037.5409249648442
