Omega,Kt_H_1,Kr_H_1,power_1
1.25,0.7896348181499939,0.0784414683028749,0.0
