Omega,Kt_H_1,Kr_H_1,power_1
1.25,0.6680633527778914,0.32223766417923927,2218.726175330335
