Omega,Kt_H_1,Kr_H_1,power_1
1.25,0.6412548999685962,0.34041439836338094,2332.4404104342398
