Omega,Kt_H_1,Kr_H_1,power_1
1.25,0.5984011450036945,0.4881473389946662,0.0
