Omega,Kt_H_1,Kr_H_1,power_1
1.25,0.7608305092614276,0.05882518835362349,2060.0224825530267
