Omega,Kt_H_1,Kr_H_1,power_1
1.25,0.8012649976636617,0.052895204018449826,1751.766064539707
