Omega,Kt_H_1,Kr_H_1,power_1
1.25,0.8658129105708685,0.046147182264627995,0.0
