Omega,Kt_H_1,Kr_H_1,power_1
0.7,0.9336649909735953,-0.026685477516550704,1123.4405474054963
0.8,0.8996709198138099,-0.03162732017363601,1461.0726151328392
0.9,0.8700606707518205,-0.01782375498971711,1662.3694365719361
1.0,0.8400886062531768,-0.0040458562954891475,1813.994149636276
1.1,0.7896096047246765,-0.04320033776993926,2099.787839985205
1.25,0.6900557953209974,-0.1650905741007429,2449.1235964014304
1.3,0.6651301863556623,-0.18769257186602517,2477.3053694854048
