Omega,Kt_H_1,Kr_H_1,power_1
0.7,1.3283659956092924,0.03970227439844143,-6747.575257479914
0.8,1.278982697464893,0.0208417630272435,-4903.055600028258
0.9,1.2224662071942842,0.0064564497370682705,-3387.1561588876793
1.0,1.1599191590071112,0.0017350635086894606,-2129.5295780369897
1.1,1.093552630860413,-0.0005498906196420572,-1097.7154359704518
1.25,0.9818161311662374,-0.002341600842014291,177.71146619925665
1.3,0.9448914868102131,0.010988746632533797,507.7185703646734
