Omega,Kt_H_1,Kr_H_1,power_1
0.7,0.976852648885466,0.00029821368628168976,403.0125883176952
0.8,0.9623269941269371,-0.0005558633209337138,569.7072506498389
0.9,0.9425727159632895,-0.0008335912322070538,764.1739779471352
1.0,0.9167657455388378,0.0023618800229139314,983.553176016613
1.1,0.8753277062645001,-0.0036130223958743546,1310.3040496007761
1.25,0.8090068364420313,0.00018106877952650535,1704.0795854051535
1.3,0.7854625438993269,0.01121989107644672,1815.9741605703646
