Omega,Kt_H_1,Kr_H_1,power_1
0.7,0.9899201812521258,0.00033902377353389745,176.65655145564048
0.8,0.9837744889175526,2.48367674913208e-05,248.05191749160167
0.9,0.9751780557832731,-0.0008050287834445724,335.84253124746704
1.0,0.963398171053437,-0.0012795024450943382,443.0402392615867
1.1,0.945386189206727,-0.005029748560137937,595.3249694814524
1.25,0.9123195240980082,-0.00040793905692060317,826.9796273992159
1.3,0.8976026090138457,0.005931418151899903,921.3275645213461
