Omega,Kt_H_1,Kr_H_1,power_1
0.7,0.7852507151608724,0.24931593596983181,2829.1132120765906
0.8,0.7637628379594414,0.20639544304421276,2882.7142543793143
0.9,0.770721061129341,0.19685659560171298,2515.621276722893
1.0,0.7696641342515106,0.21867295245955853,2218.2074709341937
1.1,0.7272159092147557,0.26434974574283276,2249.0165459897903
1.25,0.5914815969844681,0.3229493658339917,2692.2027717625797
1.3,0.5476980940822151,0.3394383472719462,2773.3977048309016
