Omega,Kt_H_1,Kr_H_1,power_1
0.7,0.9835574414937551,0.040548045717179404,272.76817044343017
0.8,0.9750830839583361,0.06717469220502292,344.4805303776736
0.9,0.9536066906419295,0.10570394524665327,544.3185953664704
1.0,0.9005209289173058,0.15795628961348007,1011.7702006269232
1.1,0.8015335405088665,0.2166956583233468,1740.7341576471956
1.25,0.6174728843121683,0.30457073373423516,2594.106643035181
1.3,0.5656253191809366,0.3125963419672668,2761.746183343726
